# mimo_cg accuracy_stress_points (gate 8.0, before the CG model moved): numpy=2.5.3, base_seed=20260930, max_bits=2000000, min_errors=1000, points=4
case,offset,residual,M,K,modulation,rho_db,detector,bit_errors,mismatch,bits,blocks,ber
16qam_32x16,0,recurrence,32,16,16qam,5.000000e+00,cg1,503814,0,2097152,1024,2.402372e-01
16qam_32x16,0,recurrence,32,16,16qam,5.000000e+00,cg2,257413,0,2097152,1024,1.227441e-01
16qam_32x16,0,recurrence,32,16,16qam,5.000000e+00,cg3,107354,0,2097152,1024,5.119038e-02
16qam_32x16,0,recurrence,32,16,16qam,5.000000e+00,cg4,36584,0,2097152,1024,1.744461e-02
16qam_32x16,0,recurrence,32,16,16qam,5.000000e+00,cg16,1609,0,2097152,1024,7.672310e-04
16qam_32x16,0,recurrence,32,16,16qam,5.000000e+00,fx:stress:cg1,505933,4869,2097152,1024,2.412477e-01
16qam_32x16,0,recurrence,32,16,16qam,5.000000e+00,fx:stress:cg2,259958,5967,2097152,1024,1.239576e-01
16qam_32x16,0,recurrence,32,16,16qam,5.000000e+00,fx:stress:cg3,109056,6958,2097152,1024,5.200195e-02
16qam_32x16,0,recurrence,32,16,16qam,5.000000e+00,fx:stress:cg4,37862,7728,2097152,1024,1.805401e-02
16qam_32x16,0,recurrence,32,16,16qam,5.000000e+00,fx:stress:cg16,11000,10491,2097152,1024,5.245209e-03
16qam_32x16,0,explicit,32,16,16qam,5.000000e+00,cg1,503814,0,2097152,1024,2.402372e-01
16qam_32x16,0,explicit,32,16,16qam,5.000000e+00,cg2,257413,0,2097152,1024,1.227441e-01
16qam_32x16,0,explicit,32,16,16qam,5.000000e+00,cg3,107354,0,2097152,1024,5.119038e-02
16qam_32x16,0,explicit,32,16,16qam,5.000000e+00,cg4,36584,0,2097152,1024,1.744461e-02
16qam_32x16,0,explicit,32,16,16qam,5.000000e+00,cg16,1609,0,2097152,1024,7.672310e-04
16qam_32x16,0,explicit,32,16,16qam,5.000000e+00,fx:stress:cg1,505933,4869,2097152,1024,2.412477e-01
16qam_32x16,0,explicit,32,16,16qam,5.000000e+00,fx:stress:cg2,259966,5799,2097152,1024,1.239614e-01
16qam_32x16,0,explicit,32,16,16qam,5.000000e+00,fx:stress:cg3,108901,6329,2097152,1024,5.192804e-02
16qam_32x16,0,explicit,32,16,16qam,5.000000e+00,fx:stress:cg4,37514,7020,2097152,1024,1.788807e-02
16qam_32x16,0,explicit,32,16,16qam,5.000000e+00,fx:stress:cg16,10804,10337,2097152,1024,5.151749e-03
16qam_64x8,0,recurrence,64,8,16qam,-1.000000e+00,cg1,96955,0,1048576,1024,9.246349e-02
16qam_64x8,0,recurrence,64,8,16qam,-1.000000e+00,cg2,5842,0,1048576,1024,5.571365e-03
16qam_64x8,0,recurrence,64,8,16qam,-1.000000e+00,cg3,1487,0,1048576,1024,1.418114e-03
16qam_64x8,0,recurrence,64,8,16qam,-1.000000e+00,cg4,1250,0,1048576,1024,1.192093e-03
16qam_64x8,0,recurrence,64,8,16qam,-1.000000e+00,cg8,1246,0,1048576,1024,1.188278e-03
16qam_64x8,0,recurrence,64,8,16qam,-1.000000e+00,fx:stress:cg1,97596,1803,1048576,1024,9.307480e-02
16qam_64x8,0,recurrence,64,8,16qam,-1.000000e+00,fx:stress:cg2,6076,852,1048576,1024,5.794525e-03
16qam_64x8,0,recurrence,64,8,16qam,-1.000000e+00,fx:stress:cg3,2537,1540,1048576,1024,2.419472e-03
16qam_64x8,0,recurrence,64,8,16qam,-1.000000e+00,fx:stress:cg4,1961,1201,1048576,1024,1.870155e-03
16qam_64x8,0,recurrence,64,8,16qam,-1.000000e+00,fx:stress:cg8,1909,1203,1048576,1024,1.820564e-03
16qam_64x8,0,explicit,64,8,16qam,-1.000000e+00,cg1,96955,0,1048576,1024,9.246349e-02
16qam_64x8,0,explicit,64,8,16qam,-1.000000e+00,cg2,5842,0,1048576,1024,5.571365e-03
16qam_64x8,0,explicit,64,8,16qam,-1.000000e+00,cg3,1487,0,1048576,1024,1.418114e-03
16qam_64x8,0,explicit,64,8,16qam,-1.000000e+00,cg4,1250,0,1048576,1024,1.192093e-03
16qam_64x8,0,explicit,64,8,16qam,-1.000000e+00,cg8,1246,0,1048576,1024,1.188278e-03
16qam_64x8,0,explicit,64,8,16qam,-1.000000e+00,fx:stress:cg1,97596,1803,1048576,1024,9.307480e-02
16qam_64x8,0,explicit,64,8,16qam,-1.000000e+00,fx:stress:cg2,6038,784,1048576,1024,5.758286e-03
16qam_64x8,0,explicit,64,8,16qam,-1.000000e+00,fx:stress:cg3,2488,1503,1048576,1024,2.372742e-03
16qam_64x8,0,explicit,64,8,16qam,-1.000000e+00,fx:stress:cg4,1930,1180,1048576,1024,1.840591e-03
16qam_64x8,0,explicit,64,8,16qam,-1.000000e+00,fx:stress:cg8,1877,1179,1048576,1024,1.790047e-03
