# mimo_cg bruteforce_frontiers: numpy=2.5.3, base_seed=20260930, tool=vitis_hls 2024.1, model_sha256=d95510d337e992d3, measured_builds=1440, job_tolerance=0.02, cost_tolerance=0.1
modulation,M,K,budget_db,resource,candidates,predicted,measured,both,precision_pct,recall_pct,covered_pct
16qam,32,4,2.500000e-01,dsp,144,10,10,10,1.000000e+02,1.000000e+02,1.000000e+02
16qam,32,4,2.500000e-01,lut,144,23,25,23,1.000000e+02,9.200000e+01,1.000000e+02
16qam,32,4,2.500000e-01,ff,144,29,30,27,9.310000e+01,9.000000e+01,1.000000e+02
16qam,32,4,2.500000e-01,bram,144,8,8,8,1.000000e+02,1.000000e+02,1.000000e+02
16qam,32,4,5.000000e-01,dsp,192,10,10,5,5.000000e+01,5.000000e+01,1.000000e+02
16qam,32,4,5.000000e-01,lut,192,15,22,12,8.000000e+01,5.455000e+01,1.000000e+02
16qam,32,4,5.000000e-01,ff,192,22,37,18,8.182000e+01,4.865000e+01,1.000000e+02
16qam,32,4,5.000000e-01,bram,192,7,11,7,1.000000e+02,6.364000e+01,1.000000e+02
16qam,32,4,1.000000e+00,dsp,216,10,10,5,5.000000e+01,5.000000e+01,1.000000e+02
16qam,32,4,1.000000e+00,lut,216,15,22,12,8.000000e+01,5.455000e+01,1.000000e+02
16qam,32,4,1.000000e+00,ff,216,22,37,18,8.182000e+01,4.865000e+01,1.000000e+02
16qam,32,4,1.000000e+00,bram,216,7,11,7,1.000000e+02,6.364000e+01,1.000000e+02
16qam,32,8,2.500000e-01,dsp,180,14,14,14,1.000000e+02,1.000000e+02,1.000000e+02
16qam,32,8,2.500000e-01,lut,180,35,36,35,1.000000e+02,9.722000e+01,1.000000e+02
16qam,32,8,2.500000e-01,ff,180,39,40,36,9.231000e+01,9.000000e+01,1.000000e+02
16qam,32,8,2.500000e-01,bram,180,10,10,10,1.000000e+02,1.000000e+02,1.000000e+02
16qam,32,8,5.000000e-01,dsp,252,14,14,14,1.000000e+02,1.000000e+02,1.000000e+02
16qam,32,8,5.000000e-01,lut,252,42,44,42,1.000000e+02,9.545000e+01,1.000000e+02
16qam,32,8,5.000000e-01,ff,252,44,47,41,9.318000e+01,8.723000e+01,1.000000e+02
16qam,32,8,5.000000e-01,bram,252,10,10,10,1.000000e+02,1.000000e+02,1.000000e+02
16qam,32,8,1.000000e+00,dsp,288,10,10,7,7.000000e+01,7.000000e+01,1.000000e+02
16qam,32,8,1.000000e+00,lut,288,23,30,20,8.696000e+01,6.667000e+01,1.000000e+02
16qam,32,8,1.000000e+00,ff,288,36,45,30,8.333000e+01,6.667000e+01,1.000000e+02
16qam,32,8,1.000000e+00,bram,288,9,11,9,1.000000e+02,8.182000e+01,1.000000e+02
16qam,32,16,2.500000e-01,dsp,108,12,12,12,1.000000e+02,1.000000e+02,1.000000e+02
16qam,32,16,2.500000e-01,lut,108,32,35,32,1.000000e+02,9.143000e+01,1.000000e+02
16qam,32,16,2.500000e-01,ff,108,40,37,32,8.000000e+01,8.649000e+01,1.000000e+02
16qam,32,16,2.500000e-01,bram,108,9,9,9,1.000000e+02,1.000000e+02,1.000000e+02
16qam,32,16,5.000000e-01,dsp,180,12,12,12,1.000000e+02,1.000000e+02,1.000000e+02
16qam,32,16,5.000000e-01,lut,180,32,35,32,1.000000e+02,9.143000e+01,1.000000e+02
16qam,32,16,5.000000e-01,ff,180,39,42,37,9.487000e+01,8.810000e+01,1.000000e+02
16qam,32,16,5.000000e-01,bram,180,7,7,7,1.000000e+02,1.000000e+02,1.000000e+02
16qam,32,16,1.000000e+00,dsp,180,12,12,12,1.000000e+02,1.000000e+02,1.000000e+02
16qam,32,16,1.000000e+00,lut,180,32,35,32,1.000000e+02,9.143000e+01,1.000000e+02
16qam,32,16,1.000000e+00,ff,180,39,42,37,9.487000e+01,8.810000e+01,1.000000e+02
16qam,32,16,1.000000e+00,bram,180,7,7,7,1.000000e+02,1.000000e+02,1.000000e+02
16qam,64,4,2.500000e-01,dsp,192,10,10,5,5.000000e+01,5.000000e+01,1.000000e+02
16qam,64,4,2.500000e-01,lut,192,15,22,12,8.000000e+01,5.455000e+01,1.000000e+02
16qam,64,4,2.500000e-01,ff,192,22,37,18,8.182000e+01,4.865000e+01,1.000000e+02
16qam,64,4,2.500000e-01,bram,192,7,11,7,1.000000e+02,6.364000e+01,1.000000e+02
16qam,64,4,5.000000e-01,dsp,216,10,10,5,5.000000e+01,5.000000e+01,1.000000e+02
16qam,64,4,5.000000e-01,lut,216,15,22,12,8.000000e+01,5.455000e+01,1.000000e+02
16qam,64,4,5.000000e-01,ff,216,22,36,18,8.182000e+01,5.000000e+01,1.000000e+02
16qam,64,4,5.000000e-01,bram,216,7,10,7,1.000000e+02,7.000000e+01,1.000000e+02
16qam,64,4,1.000000e+00,dsp,240,5,5,5,1.000000e+02,1.000000e+02,1.000000e+02
16qam,64,4,1.000000e+00,lut,240,25,22,19,7.600000e+01,8.636000e+01,1.000000e+02
16qam,64,4,1.000000e+00,ff,240,19,18,18,9.474000e+01,1.000000e+02,1.000000e+02
16qam,64,4,1.000000e+00,bram,240,5,5,5,1.000000e+02,1.000000e+02,1.000000e+02
16qam,64,8,2.500000e-01,dsp,288,14,14,6,4.286000e+01,4.286000e+01,1.000000e+02
16qam,64,8,2.500000e-01,lut,288,22,29,19,8.636000e+01,6.552000e+01,1.000000e+02
16qam,64,8,2.500000e-01,ff,288,33,45,30,9.091000e+01,6.667000e+01,1.000000e+02
16qam,64,8,2.500000e-01,bram,288,9,11,9,1.000000e+02,8.182000e+01,1.000000e+02
16qam,64,8,5.000000e-01,dsp,324,10,10,7,7.000000e+01,7.000000e+01,1.000000e+02
16qam,64,8,5.000000e-01,lut,324,23,30,20,8.696000e+01,6.667000e+01,1.000000e+02
16qam,64,8,5.000000e-01,ff,324,36,45,30,8.333000e+01,6.667000e+01,1.000000e+02
16qam,64,8,5.000000e-01,bram,324,9,11,9,1.000000e+02,8.182000e+01,1.000000e+02
16qam,64,8,1.000000e+00,dsp,360,7,7,7,1.000000e+02,1.000000e+02,1.000000e+02
16qam,64,8,1.000000e+00,lut,360,33,28,25,7.576000e+01,8.929000e+01,1.000000e+02
16qam,64,8,1.000000e+00,ff,360,29,27,27,9.310000e+01,1.000000e+02,1.000000e+02
16qam,64,8,1.000000e+00,bram,360,5,5,5,1.000000e+02,1.000000e+02,1.000000e+02
16qam,64,16,2.500000e-01,dsp,252,12,12,0,0.000000e+00,0.000000e+00,1.000000e+02
16qam,64,16,2.500000e-01,lut,252,21,27,18,8.571000e+01,6.667000e+01,1.000000e+02
16qam,64,16,2.500000e-01,ff,252,26,34,26,1.000000e+02,7.647000e+01,1.000000e+02
16qam,64,16,2.500000e-01,bram,252,4,7,3,7.500000e+01,4.286000e+01,1.000000e+02
16qam,64,16,5.000000e-01,dsp,252,12,12,0,0.000000e+00,0.000000e+00,1.000000e+02
16qam,64,16,5.000000e-01,lut,252,21,27,18,8.571000e+01,6.667000e+01,1.000000e+02
16qam,64,16,5.000000e-01,ff,252,26,34,26,1.000000e+02,7.647000e+01,1.000000e+02
16qam,64,16,5.000000e-01,bram,252,4,7,3,7.500000e+01,4.286000e+01,1.000000e+02
16qam,64,16,1.000000e+00,dsp,324,12,12,12,1.000000e+02,1.000000e+02,1.000000e+02
16qam,64,16,1.000000e+00,lut,324,36,40,36,1.000000e+02,9.000000e+01,1.000000e+02
16qam,64,16,1.000000e+00,ff,324,47,47,38,8.085000e+01,8.085000e+01,1.000000e+02
16qam,64,16,1.000000e+00,bram,324,10,10,10,1.000000e+02,1.000000e+02,1.000000e+02
16qam,128,4,2.500000e-01,dsp,192,10,10,5,5.000000e+01,5.000000e+01,1.000000e+02
16qam,128,4,2.500000e-01,lut,192,15,22,12,8.000000e+01,5.455000e+01,1.000000e+02
16qam,128,4,2.500000e-01,ff,192,22,36,18,8.182000e+01,5.000000e+01,1.000000e+02
16qam,128,4,2.500000e-01,bram,192,7,10,7,1.000000e+02,7.000000e+01,1.000000e+02
16qam,128,4,5.000000e-01,dsp,240,10,10,5,5.000000e+01,5.000000e+01,1.000000e+02
16qam,128,4,5.000000e-01,lut,240,16,24,13,8.125000e+01,5.417000e+01,1.000000e+02
16qam,128,4,5.000000e-01,ff,240,32,44,26,8.125000e+01,5.909000e+01,1.000000e+02
16qam,128,4,5.000000e-01,bram,240,7,10,7,1.000000e+02,7.000000e+01,1.000000e+02
16qam,128,4,1.000000e+00,dsp,240,5,5,5,1.000000e+02,1.000000e+02,1.000000e+02
16qam,128,4,1.000000e+00,lut,240,25,22,19,7.600000e+01,8.636000e+01,1.000000e+02
16qam,128,4,1.000000e+00,ff,240,19,18,18,9.474000e+01,1.000000e+02,1.000000e+02
16qam,128,4,1.000000e+00,bram,240,5,5,5,1.000000e+02,1.000000e+02,1.000000e+02
16qam,128,8,2.500000e-01,dsp,288,10,10,7,7.000000e+01,7.000000e+01,1.000000e+02
16qam,128,8,2.500000e-01,lut,288,23,30,20,8.696000e+01,6.667000e+01,1.000000e+02
16qam,128,8,2.500000e-01,ff,288,36,45,30,8.333000e+01,6.667000e+01,1.000000e+02
16qam,128,8,2.500000e-01,bram,288,9,11,9,1.000000e+02,8.182000e+01,1.000000e+02
16qam,128,8,5.000000e-01,dsp,360,10,10,7,7.000000e+01,7.000000e+01,1.000000e+02
16qam,128,8,5.000000e-01,lut,360,25,33,22,8.800000e+01,6.667000e+01,1.000000e+02
16qam,128,8,5.000000e-01,ff,360,45,52,37,8.222000e+01,7.115000e+01,1.000000e+02
16qam,128,8,5.000000e-01,bram,360,9,11,9,1.000000e+02,8.182000e+01,1.000000e+02
16qam,128,8,1.000000e+00,dsp,360,7,7,7,1.000000e+02,1.000000e+02,1.000000e+02
16qam,128,8,1.000000e+00,lut,360,33,30,26,7.879000e+01,8.667000e+01,1.000000e+02
16qam,128,8,1.000000e+00,ff,360,29,27,27,9.310000e+01,1.000000e+02,1.000000e+02
16qam,128,8,1.000000e+00,bram,360,5,5,5,1.000000e+02,1.000000e+02,1.000000e+02
16qam,128,16,2.500000e-01,dsp,288,12,12,0,0.000000e+00,0.000000e+00,1.000000e+02
16qam,128,16,2.500000e-01,lut,288,21,27,18,8.571000e+01,6.667000e+01,1.000000e+02
16qam,128,16,2.500000e-01,ff,288,26,34,26,1.000000e+02,7.647000e+01,1.000000e+02
16qam,128,16,2.500000e-01,bram,288,4,7,3,7.500000e+01,4.286000e+01,1.000000e+02
16qam,128,16,5.000000e-01,dsp,360,12,12,12,1.000000e+02,1.000000e+02,1.000000e+02
16qam,128,16,5.000000e-01,lut,360,41,42,38,9.268000e+01,9.048000e+01,1.000000e+02
16qam,128,16,5.000000e-01,ff,360,55,56,46,8.364000e+01,8.214000e+01,1.000000e+02
16qam,128,16,5.000000e-01,bram,360,10,10,10,1.000000e+02,1.000000e+02,1.000000e+02
16qam,128,16,1.000000e+00,dsp,360,6,6,6,1.000000e+02,1.000000e+02,1.000000e+02
16qam,128,16,1.000000e+00,lut,360,26,22,21,8.077000e+01,9.545000e+01,1.000000e+02
16qam,128,16,1.000000e+00,ff,360,26,26,26,1.000000e+02,1.000000e+02,1.000000e+02
16qam,128,16,1.000000e+00,bram,360,4,4,4,1.000000e+02,1.000000e+02,1.000000e+02
64qam,32,4,2.500000e-01,dsp,96,10,10,10,1.000000e+02,1.000000e+02,1.000000e+02
64qam,32,4,2.500000e-01,lut,96,30,31,28,9.333000e+01,9.032000e+01,1.000000e+02
64qam,32,4,2.500000e-01,ff,96,36,36,33,9.167000e+01,9.167000e+01,1.000000e+02
64qam,32,4,2.500000e-01,bram,96,11,11,11,1.000000e+02,1.000000e+02,1.000000e+02
64qam,32,4,5.000000e-01,dsp,120,10,10,10,1.000000e+02,1.000000e+02,1.000000e+02
64qam,32,4,5.000000e-01,lut,120,23,25,23,1.000000e+02,9.200000e+01,1.000000e+02
64qam,32,4,5.000000e-01,ff,120,29,30,27,9.310000e+01,9.000000e+01,1.000000e+02
64qam,32,4,5.000000e-01,bram,120,8,8,8,1.000000e+02,1.000000e+02,1.000000e+02
64qam,32,4,1.000000e+00,dsp,120,10,10,10,1.000000e+02,1.000000e+02,1.000000e+02
64qam,32,4,1.000000e+00,lut,120,23,25,23,1.000000e+02,9.200000e+01,1.000000e+02
64qam,32,4,1.000000e+00,ff,120,29,30,27,9.310000e+01,9.000000e+01,1.000000e+02
64qam,32,4,1.000000e+00,bram,120,8,8,8,1.000000e+02,1.000000e+02,1.000000e+02
64qam,32,8,2.500000e-01,dsp,108,14,14,14,1.000000e+02,1.000000e+02,1.000000e+02
64qam,32,8,2.500000e-01,lut,108,35,36,35,1.000000e+02,9.722000e+01,1.000000e+02
64qam,32,8,2.500000e-01,ff,108,41,30,29,7.073000e+01,9.667000e+01,1.000000e+02
64qam,32,8,2.500000e-01,bram,108,8,8,8,1.000000e+02,1.000000e+02,1.000000e+02
64qam,32,8,5.000000e-01,dsp,180,14,14,14,1.000000e+02,1.000000e+02,1.000000e+02
64qam,32,8,5.000000e-01,lut,180,35,36,35,1.000000e+02,9.722000e+01,1.000000e+02
64qam,32,8,5.000000e-01,ff,180,39,40,36,9.231000e+01,9.000000e+01,1.000000e+02
64qam,32,8,5.000000e-01,bram,180,10,10,10,1.000000e+02,1.000000e+02,1.000000e+02
64qam,32,8,1.000000e+00,dsp,180,14,14,14,1.000000e+02,1.000000e+02,1.000000e+02
64qam,32,8,1.000000e+00,lut,180,35,36,35,1.000000e+02,9.722000e+01,1.000000e+02
64qam,32,8,1.000000e+00,ff,180,39,40,36,9.231000e+01,9.000000e+01,1.000000e+02
64qam,32,8,1.000000e+00,bram,180,10,10,10,1.000000e+02,1.000000e+02,1.000000e+02
64qam,32,16,2.500000e-01,dsp,72,12,12,12,1.000000e+02,1.000000e+02,1.000000e+02
64qam,32,16,2.500000e-01,lut,72,21,21,21,1.000000e+02,1.000000e+02,1.000000e+02
64qam,32,16,2.500000e-01,ff,72,27,26,26,9.630000e+01,1.000000e+02,1.000000e+02
64qam,32,16,2.500000e-01,bram,72,5,5,5,1.000000e+02,1.000000e+02,1.000000e+02
64qam,32,16,5.000000e-01,dsp,72,12,12,12,1.000000e+02,1.000000e+02,1.000000e+02
64qam,32,16,5.000000e-01,lut,72,21,21,21,1.000000e+02,1.000000e+02,1.000000e+02
64qam,32,16,5.000000e-01,ff,72,27,26,26,9.630000e+01,1.000000e+02,1.000000e+02
64qam,32,16,5.000000e-01,bram,72,5,5,5,1.000000e+02,1.000000e+02,1.000000e+02
64qam,32,16,1.000000e+00,dsp,108,12,12,12,1.000000e+02,1.000000e+02,1.000000e+02
64qam,32,16,1.000000e+00,lut,108,32,35,32,1.000000e+02,9.143000e+01,1.000000e+02
64qam,32,16,1.000000e+00,ff,108,40,37,32,8.000000e+01,8.649000e+01,1.000000e+02
64qam,32,16,1.000000e+00,bram,108,9,9,9,1.000000e+02,1.000000e+02,1.000000e+02
64qam,64,4,2.500000e-01,dsp,120,10,10,10,1.000000e+02,1.000000e+02,1.000000e+02
64qam,64,4,2.500000e-01,lut,120,23,25,23,1.000000e+02,9.200000e+01,1.000000e+02
64qam,64,4,2.500000e-01,ff,120,29,30,27,9.310000e+01,9.000000e+01,1.000000e+02
64qam,64,4,2.500000e-01,bram,120,8,8,8,1.000000e+02,1.000000e+02,1.000000e+02
64qam,64,4,5.000000e-01,dsp,120,10,10,10,1.000000e+02,1.000000e+02,1.000000e+02
64qam,64,4,5.000000e-01,lut,120,23,25,23,1.000000e+02,9.200000e+01,1.000000e+02
64qam,64,4,5.000000e-01,ff,120,29,30,27,9.310000e+01,9.000000e+01,1.000000e+02
64qam,64,4,5.000000e-01,bram,120,8,8,8,1.000000e+02,1.000000e+02,1.000000e+02
64qam,64,4,1.000000e+00,dsp,192,5,5,5,1.000000e+02,1.000000e+02,1.000000e+02
64qam,64,4,1.000000e+00,lut,192,31,27,24,7.742000e+01,8.889000e+01,1.000000e+02
64qam,64,4,1.000000e+00,ff,192,22,18,18,8.182000e+01,1.000000e+02,1.000000e+02
64qam,64,4,1.000000e+00,bram,192,5,5,5,1.000000e+02,1.000000e+02,1.000000e+02
64qam,64,8,2.500000e-01,dsp,180,14,14,14,1.000000e+02,1.000000e+02,1.000000e+02
64qam,64,8,2.500000e-01,lut,180,35,36,35,1.000000e+02,9.722000e+01,1.000000e+02
64qam,64,8,2.500000e-01,ff,180,39,40,36,9.231000e+01,9.000000e+01,1.000000e+02
64qam,64,8,2.500000e-01,bram,180,10,10,10,1.000000e+02,1.000000e+02,1.000000e+02
64qam,64,8,5.000000e-01,dsp,252,14,14,14,1.000000e+02,1.000000e+02,1.000000e+02
64qam,64,8,5.000000e-01,lut,252,42,44,42,1.000000e+02,9.545000e+01,1.000000e+02
64qam,64,8,5.000000e-01,ff,252,44,47,41,9.318000e+01,8.723000e+01,1.000000e+02
64qam,64,8,5.000000e-01,bram,252,10,10,10,1.000000e+02,1.000000e+02,1.000000e+02
64qam,64,8,1.000000e+00,dsp,252,14,14,14,1.000000e+02,1.000000e+02,1.000000e+02
64qam,64,8,1.000000e+00,lut,252,42,44,42,1.000000e+02,9.545000e+01,1.000000e+02
64qam,64,8,1.000000e+00,ff,252,44,47,41,9.318000e+01,8.723000e+01,1.000000e+02
64qam,64,8,1.000000e+00,bram,252,10,10,10,1.000000e+02,1.000000e+02,1.000000e+02
64qam,64,16,2.500000e-01,dsp,180,12,12,12,1.000000e+02,1.000000e+02,1.000000e+02
64qam,64,16,2.500000e-01,lut,180,32,35,32,1.000000e+02,9.143000e+01,1.000000e+02
64qam,64,16,2.500000e-01,ff,180,39,42,37,9.487000e+01,8.810000e+01,1.000000e+02
64qam,64,16,2.500000e-01,bram,180,7,7,7,1.000000e+02,1.000000e+02,1.000000e+02
64qam,64,16,5.000000e-01,dsp,180,12,12,12,1.000000e+02,1.000000e+02,1.000000e+02
64qam,64,16,5.000000e-01,lut,180,32,35,32,1.000000e+02,9.143000e+01,1.000000e+02
64qam,64,16,5.000000e-01,ff,180,39,42,37,9.487000e+01,8.810000e+01,1.000000e+02
64qam,64,16,5.000000e-01,bram,180,7,7,7,1.000000e+02,1.000000e+02,1.000000e+02
64qam,64,16,1.000000e+00,dsp,252,12,12,0,0.000000e+00,0.000000e+00,1.000000e+02
64qam,64,16,1.000000e+00,lut,252,21,27,18,8.571000e+01,6.667000e+01,1.000000e+02
64qam,64,16,1.000000e+00,ff,252,26,34,26,1.000000e+02,7.647000e+01,1.000000e+02
64qam,64,16,1.000000e+00,bram,252,4,7,3,7.500000e+01,4.286000e+01,1.000000e+02
64qam,128,4,2.500000e-01,dsp,120,10,10,10,1.000000e+02,1.000000e+02,1.000000e+02
64qam,128,4,2.500000e-01,lut,120,23,25,23,1.000000e+02,9.200000e+01,1.000000e+02
64qam,128,4,2.500000e-01,ff,120,29,30,27,9.310000e+01,9.000000e+01,1.000000e+02
64qam,128,4,2.500000e-01,bram,120,8,8,8,1.000000e+02,1.000000e+02,1.000000e+02
64qam,128,4,5.000000e-01,dsp,168,10,10,10,1.000000e+02,1.000000e+02,1.000000e+02
64qam,128,4,5.000000e-01,lut,168,29,31,29,1.000000e+02,9.355000e+01,1.000000e+02
64qam,128,4,5.000000e-01,ff,168,35,36,33,9.429000e+01,9.167000e+01,1.000000e+02
64qam,128,4,5.000000e-01,bram,168,8,8,8,1.000000e+02,1.000000e+02,1.000000e+02
64qam,128,4,1.000000e+00,dsp,192,10,10,5,5.000000e+01,5.000000e+01,1.000000e+02
64qam,128,4,1.000000e+00,lut,192,15,22,12,8.000000e+01,5.455000e+01,1.000000e+02
64qam,128,4,1.000000e+00,ff,192,22,36,18,8.182000e+01,5.000000e+01,1.000000e+02
64qam,128,4,1.000000e+00,bram,192,7,10,7,1.000000e+02,7.000000e+01,1.000000e+02
64qam,128,8,2.500000e-01,dsp,180,14,14,14,1.000000e+02,1.000000e+02,1.000000e+02
64qam,128,8,2.500000e-01,lut,180,35,36,35,1.000000e+02,9.722000e+01,1.000000e+02
64qam,128,8,2.500000e-01,ff,180,39,40,36,9.231000e+01,9.000000e+01,1.000000e+02
64qam,128,8,2.500000e-01,bram,180,10,10,10,1.000000e+02,1.000000e+02,1.000000e+02
64qam,128,8,5.000000e-01,dsp,252,14,14,0,0.000000e+00,0.000000e+00,1.000000e+02
64qam,128,8,5.000000e-01,lut,252,21,28,18,8.571000e+01,6.429000e+01,1.000000e+02
64qam,128,8,5.000000e-01,ff,252,29,36,26,8.966000e+01,7.222000e+01,1.000000e+02
64qam,128,8,5.000000e-01,bram,252,5,7,5,1.000000e+02,7.143000e+01,1.000000e+02
64qam,128,8,1.000000e+00,dsp,288,10,10,7,7.000000e+01,7.000000e+01,1.000000e+02
64qam,128,8,1.000000e+00,lut,288,23,30,20,8.696000e+01,6.667000e+01,1.000000e+02
64qam,128,8,1.000000e+00,ff,288,36,45,30,8.333000e+01,6.667000e+01,1.000000e+02
64qam,128,8,1.000000e+00,bram,288,9,11,9,1.000000e+02,8.182000e+01,1.000000e+02
64qam,128,16,2.500000e-01,dsp,216,12,12,12,1.000000e+02,1.000000e+02,1.000000e+02
64qam,128,16,2.500000e-01,lut,216,32,35,32,1.000000e+02,9.143000e+01,1.000000e+02
64qam,128,16,2.500000e-01,ff,216,39,42,37,9.487000e+01,8.810000e+01,1.000000e+02
64qam,128,16,2.500000e-01,bram,216,7,7,7,1.000000e+02,1.000000e+02,1.000000e+02
64qam,128,16,5.000000e-01,dsp,252,12,12,0,0.000000e+00,0.000000e+00,1.000000e+02
64qam,128,16,5.000000e-01,lut,252,21,27,18,8.571000e+01,6.667000e+01,1.000000e+02
64qam,128,16,5.000000e-01,ff,252,26,34,26,1.000000e+02,7.647000e+01,1.000000e+02
64qam,128,16,5.000000e-01,bram,252,4,7,3,7.500000e+01,4.286000e+01,1.000000e+02
64qam,128,16,1.000000e+00,dsp,288,12,12,0,0.000000e+00,0.000000e+00,1.000000e+02
64qam,128,16,1.000000e+00,lut,288,21,27,18,8.571000e+01,6.667000e+01,1.000000e+02
64qam,128,16,1.000000e+00,ff,288,26,34,26,1.000000e+02,7.647000e+01,1.000000e+02
64qam,128,16,1.000000e+00,bram,288,4,7,3,7.500000e+01,4.286000e+01,1.000000e+02
qpsk,32,4,2.500000e-01,dsp,240,10,10,5,5.000000e+01,5.000000e+01,1.000000e+02
qpsk,32,4,2.500000e-01,lut,240,16,24,13,8.125000e+01,5.417000e+01,1.000000e+02
qpsk,32,4,2.500000e-01,ff,240,32,45,26,8.125000e+01,5.778000e+01,1.000000e+02
qpsk,32,4,2.500000e-01,bram,240,7,11,7,1.000000e+02,6.364000e+01,1.000000e+02
qpsk,32,4,5.000000e-01,dsp,240,5,5,5,1.000000e+02,1.000000e+02,1.000000e+02
qpsk,32,4,5.000000e-01,lut,240,25,22,19,7.600000e+01,8.636000e+01,1.000000e+02
qpsk,32,4,5.000000e-01,ff,240,19,18,18,9.474000e+01,1.000000e+02,1.000000e+02
qpsk,32,4,5.000000e-01,bram,240,5,5,5,1.000000e+02,1.000000e+02,1.000000e+02
qpsk,32,4,1.000000e+00,dsp,312,9,10,9,1.000000e+02,9.000000e+01,1.000000e+02
qpsk,32,4,1.000000e+00,lut,312,33,31,27,8.182000e+01,8.710000e+01,1.000000e+02
qpsk,32,4,1.000000e+00,ff,312,37,37,34,9.189000e+01,9.189000e+01,1.000000e+02
qpsk,32,4,1.000000e+00,bram,312,6,6,6,1.000000e+02,1.000000e+02,1.000000e+02
qpsk,32,8,2.500000e-01,dsp,324,14,14,14,1.000000e+02,1.000000e+02,1.000000e+02
qpsk,32,8,2.500000e-01,lut,324,43,45,43,1.000000e+02,9.556000e+01,1.000000e+02
qpsk,32,8,2.500000e-01,ff,324,49,52,40,8.163000e+01,7.692000e+01,1.000000e+02
qpsk,32,8,2.500000e-01,bram,324,13,13,13,1.000000e+02,1.000000e+02,1.000000e+02
qpsk,32,8,5.000000e-01,dsp,360,7,7,7,1.000000e+02,1.000000e+02,1.000000e+02
qpsk,32,8,5.000000e-01,lut,360,33,28,25,7.576000e+01,8.929000e+01,1.000000e+02
qpsk,32,8,5.000000e-01,ff,360,29,27,27,9.310000e+01,1.000000e+02,1.000000e+02
qpsk,32,8,5.000000e-01,bram,360,5,5,5,1.000000e+02,1.000000e+02,1.000000e+02
qpsk,32,8,1.000000e+00,dsp,396,7,7,7,1.000000e+02,1.000000e+02,1.000000e+02
qpsk,32,8,1.000000e+00,lut,396,37,33,29,7.838000e+01,8.788000e+01,1.000000e+02
qpsk,32,8,1.000000e+00,ff,396,30,27,27,9.000000e+01,1.000000e+02,1.000000e+02
qpsk,32,8,1.000000e+00,bram,396,5,5,5,1.000000e+02,1.000000e+02,1.000000e+02
qpsk,32,16,2.500000e-01,dsp,252,12,12,12,1.000000e+02,1.000000e+02,1.000000e+02
qpsk,32,16,2.500000e-01,lut,252,51,54,50,9.804000e+01,9.259000e+01,1.000000e+02
qpsk,32,16,2.500000e-01,ff,252,51,56,46,9.020000e+01,8.214000e+01,1.000000e+02
qpsk,32,16,2.500000e-01,bram,252,10,10,10,1.000000e+02,1.000000e+02,1.000000e+02
qpsk,32,16,5.000000e-01,dsp,288,9,12,6,6.667000e+01,5.000000e+01,1.000000e+02
qpsk,32,16,5.000000e-01,lut,288,26,33,23,8.846000e+01,6.970000e+01,1.000000e+02
qpsk,32,16,5.000000e-01,ff,288,38,44,33,8.684000e+01,7.500000e+01,1.000000e+02
qpsk,32,16,5.000000e-01,bram,288,7,9,6,8.571000e+01,6.667000e+01,1.000000e+02
qpsk,32,16,1.000000e+00,dsp,360,6,6,6,1.000000e+02,1.000000e+02,1.000000e+02
qpsk,32,16,1.000000e+00,lut,360,25,22,21,8.400000e+01,9.545000e+01,1.000000e+02
qpsk,32,16,1.000000e+00,ff,360,26,26,26,1.000000e+02,1.000000e+02,1.000000e+02
qpsk,32,16,1.000000e+00,bram,360,4,4,4,1.000000e+02,1.000000e+02,1.000000e+02
qpsk,64,4,2.500000e-01,dsp,240,5,5,5,1.000000e+02,1.000000e+02,1.000000e+02
qpsk,64,4,2.500000e-01,lut,240,25,22,19,7.600000e+01,8.636000e+01,1.000000e+02
qpsk,64,4,2.500000e-01,ff,240,19,18,18,9.474000e+01,1.000000e+02,1.000000e+02
qpsk,64,4,2.500000e-01,bram,240,5,5,5,1.000000e+02,1.000000e+02,1.000000e+02
qpsk,64,4,5.000000e-01,dsp,288,9,10,9,1.000000e+02,9.000000e+01,1.000000e+02
qpsk,64,4,5.000000e-01,lut,288,29,29,23,7.931000e+01,7.931000e+01,1.000000e+02
qpsk,64,4,5.000000e-01,ff,288,29,29,26,8.966000e+01,8.966000e+01,1.000000e+02
qpsk,64,4,5.000000e-01,bram,288,6,6,6,1.000000e+02,1.000000e+02,1.000000e+02
qpsk,64,4,1.000000e+00,dsp,312,9,10,9,1.000000e+02,9.000000e+01,1.000000e+02
qpsk,64,4,1.000000e+00,lut,312,33,31,27,8.182000e+01,8.710000e+01,1.000000e+02
qpsk,64,4,1.000000e+00,ff,312,37,37,34,9.189000e+01,9.189000e+01,1.000000e+02
qpsk,64,4,1.000000e+00,bram,312,6,6,6,1.000000e+02,1.000000e+02,1.000000e+02
qpsk,64,8,2.500000e-01,dsp,360,7,7,7,1.000000e+02,1.000000e+02,1.000000e+02
qpsk,64,8,2.500000e-01,lut,360,33,28,25,7.576000e+01,8.929000e+01,1.000000e+02
qpsk,64,8,2.500000e-01,ff,360,29,27,27,9.310000e+01,1.000000e+02,1.000000e+02
qpsk,64,8,2.500000e-01,bram,360,5,5,5,1.000000e+02,1.000000e+02,1.000000e+02
qpsk,64,8,5.000000e-01,dsp,396,10,10,10,1.000000e+02,1.000000e+02,1.000000e+02
qpsk,64,8,5.000000e-01,lut,396,23,23,23,1.000000e+02,1.000000e+02,1.000000e+02
qpsk,64,8,5.000000e-01,ff,396,36,38,30,8.333000e+01,7.895000e+01,1.000000e+02
qpsk,64,8,5.000000e-01,bram,396,9,9,9,1.000000e+02,1.000000e+02,1.000000e+02
qpsk,64,8,1.000000e+00,dsp,468,7,7,7,1.000000e+02,1.000000e+02,1.000000e+02
qpsk,64,8,1.000000e+00,lut,468,25,22,22,8.800000e+01,1.000000e+02,1.000000e+02
qpsk,64,8,1.000000e+00,ff,468,26,26,24,9.231000e+01,9.231000e+01,1.000000e+02
qpsk,64,8,1.000000e+00,bram,468,4,4,4,1.000000e+02,1.000000e+02,1.000000e+02
qpsk,64,16,2.500000e-01,dsp,360,6,6,6,1.000000e+02,1.000000e+02,1.000000e+02
qpsk,64,16,2.500000e-01,lut,360,25,22,21,8.400000e+01,9.545000e+01,1.000000e+02
qpsk,64,16,2.500000e-01,ff,360,26,26,26,1.000000e+02,1.000000e+02,1.000000e+02
qpsk,64,16,2.500000e-01,bram,360,4,4,4,1.000000e+02,1.000000e+02,1.000000e+02
qpsk,64,16,5.000000e-01,dsp,396,9,12,9,1.000000e+02,7.500000e+01,1.000000e+02
qpsk,64,16,5.000000e-01,lut,396,26,28,26,1.000000e+02,9.286000e+01,1.000000e+02
qpsk,64,16,5.000000e-01,ff,396,38,41,33,8.684000e+01,8.049000e+01,1.000000e+02
qpsk,64,16,5.000000e-01,bram,396,7,7,7,1.000000e+02,1.000000e+02,1.000000e+02
qpsk,64,16,1.000000e+00,dsp,396,9,12,9,1.000000e+02,7.500000e+01,1.000000e+02
qpsk,64,16,1.000000e+00,lut,396,26,28,26,1.000000e+02,9.286000e+01,1.000000e+02
qpsk,64,16,1.000000e+00,ff,396,38,41,33,8.684000e+01,8.049000e+01,1.000000e+02
qpsk,64,16,1.000000e+00,bram,396,7,7,7,1.000000e+02,1.000000e+02,1.000000e+02
qpsk,128,4,2.500000e-01,dsp,240,5,5,5,1.000000e+02,1.000000e+02,1.000000e+02
qpsk,128,4,2.500000e-01,lut,240,25,22,19,7.600000e+01,8.636000e+01,1.000000e+02
qpsk,128,4,2.500000e-01,ff,240,19,18,18,9.474000e+01,1.000000e+02,1.000000e+02
qpsk,128,4,2.500000e-01,bram,240,5,5,5,1.000000e+02,1.000000e+02,1.000000e+02
qpsk,128,4,5.000000e-01,dsp,312,9,10,9,1.000000e+02,9.000000e+01,1.000000e+02
qpsk,128,4,5.000000e-01,lut,312,33,31,27,8.182000e+01,8.710000e+01,1.000000e+02
qpsk,128,4,5.000000e-01,ff,312,37,37,34,9.189000e+01,9.189000e+01,1.000000e+02
qpsk,128,4,5.000000e-01,bram,312,6,6,6,1.000000e+02,1.000000e+02,1.000000e+02
qpsk,128,4,1.000000e+00,dsp,336,8,8,8,1.000000e+02,1.000000e+02,1.000000e+02
qpsk,128,4,1.000000e+00,lut,336,28,25,24,8.571000e+01,9.600000e+01,1.000000e+02
qpsk,128,4,1.000000e+00,ff,336,25,24,24,9.600000e+01,1.000000e+02,1.000000e+02
qpsk,128,4,1.000000e+00,bram,336,6,6,6,1.000000e+02,1.000000e+02,1.000000e+02
qpsk,128,8,2.500000e-01,dsp,396,10,10,10,1.000000e+02,1.000000e+02,1.000000e+02
qpsk,128,8,2.500000e-01,lut,396,23,23,23,1.000000e+02,1.000000e+02,1.000000e+02
qpsk,128,8,2.500000e-01,ff,396,36,38,30,8.333000e+01,7.895000e+01,1.000000e+02
qpsk,128,8,2.500000e-01,bram,396,9,9,9,1.000000e+02,1.000000e+02,1.000000e+02
qpsk,128,8,5.000000e-01,dsp,468,15,15,15,1.000000e+02,1.000000e+02,1.000000e+02
qpsk,128,8,5.000000e-01,lut,468,34,35,33,9.706000e+01,9.429000e+01,1.000000e+02
qpsk,128,8,5.000000e-01,ff,468,47,47,41,8.723000e+01,8.723000e+01,1.000000e+02
qpsk,128,8,5.000000e-01,bram,468,11,11,11,1.000000e+02,1.000000e+02,1.000000e+02
qpsk,128,8,1.000000e+00,dsp,504,7,7,7,1.000000e+02,1.000000e+02,1.000000e+02
qpsk,128,8,1.000000e+00,lut,504,25,22,22,8.800000e+01,1.000000e+02,1.000000e+02
qpsk,128,8,1.000000e+00,ff,504,26,26,24,9.231000e+01,9.231000e+01,1.000000e+02
qpsk,128,8,1.000000e+00,bram,504,4,4,4,1.000000e+02,1.000000e+02,1.000000e+02
qpsk,128,16,2.500000e-01,dsp,396,6,6,6,1.000000e+02,1.000000e+02,1.000000e+02
qpsk,128,16,2.500000e-01,lut,396,30,25,23,7.667000e+01,9.200000e+01,1.000000e+02
qpsk,128,16,2.500000e-01,ff,396,26,26,26,1.000000e+02,1.000000e+02,1.000000e+02
qpsk,128,16,2.500000e-01,bram,396,4,4,4,1.000000e+02,1.000000e+02,1.000000e+02
qpsk,128,16,5.000000e-01,dsp,396,9,12,9,1.000000e+02,7.500000e+01,1.000000e+02
qpsk,128,16,5.000000e-01,lut,396,26,28,26,1.000000e+02,9.286000e+01,1.000000e+02
qpsk,128,16,5.000000e-01,ff,396,38,41,33,8.684000e+01,8.049000e+01,1.000000e+02
qpsk,128,16,5.000000e-01,bram,396,7,7,7,1.000000e+02,1.000000e+02,1.000000e+02
qpsk,128,16,1.000000e+00,dsp,504,12,12,12,1.000000e+02,1.000000e+02,1.000000e+02
qpsk,128,16,1.000000e+00,lut,504,26,29,22,8.462000e+01,7.586000e+01,9.310000e+01
qpsk,128,16,1.000000e+00,ff,504,31,38,30,9.677000e+01,7.895000e+01,1.000000e+02
qpsk,128,16,1.000000e+00,bram,504,6,7,5,8.333000e+01,7.143000e+01,1.000000e+02
