# cg_builds.csv: step 8.4 of plans/mimo_cg/mimo_cg_paper_sims.md; tool=Vitis HLS / Vivado xsim 2024.1; part=xczu48dr-ffvg1517-2-e; period_ns=4
build,role,K,N,L,W,g,word,stress,est_ns,csynth_s,xsi_s,bit_exact,error,tool
cg_k16_n16_l2_w10_g0_b32,holdout,16,16,2,10,0,32,0,3.352,42.0,17.0,1,,Vitis HLS / Vivado xsim 2024.1
cg_k16_n16_l2_w10_g4_b64,fit,16,16,2,10,4,64,0,3.352,39.2,14.3,1,,Vitis HLS / Vivado xsim 2024.1
cg_k16_n16_l8_w16_g0_b64,holdout,16,16,8,16,0,64,0,3.352,55.8,19.2,1,,Vitis HLS / Vivado xsim 2024.1
cg_k16_n32_l16_w16_g8_b64,fit,16,32,16,16,8,64,0,3.352,67.4,34.4,1,,Vitis HLS / Vivado xsim 2024.1
cg_k16_n32_l2_stress_b64,fit,16,32,2,12,0,64,1,3.352,36.9,18.0,1,,Vitis HLS / Vivado xsim 2024.1
cg_k16_n32_l2_w10_g4_b64,holdout,16,32,2,10,4,64,0,3.352,53.3,19.5,1,,Vitis HLS / Vivado xsim 2024.1
cg_k16_n32_l4_w12_g8_b32,holdout,16,32,4,12,8,32,0,3.352,42.7,24.9,1,,Vitis HLS / Vivado xsim 2024.1
cg_k16_n32_l4_w12_g8_b64,fit,16,32,4,12,8,64,0,3.352,38.2,24.2,1,,Vitis HLS / Vivado xsim 2024.1
cg_k16_n32_l8_w12_g4_b64,fit,16,32,8,12,4,64,0,3.352,48.5,21.7,1,,Vitis HLS / Vivado xsim 2024.1
cg_k16_n32_l8_w14_g8_b64,fit,16,32,8,14,8,64,0,3.352,46.8,26.6,1,,Vitis HLS / Vivado xsim 2024.1
cg_k4_n16_l1_w8_g0_b32,fit,4,16,1,8,0,32,0,3.352,34.6,13.8,1,,Vitis HLS / Vivado xsim 2024.1
cg_k4_n16_l1_w8_g4_b64,holdout,4,16,1,8,4,64,0,3.352,36.2,15.9,1,,Vitis HLS / Vivado xsim 2024.1
cg_k4_n16_l2_w10_g4_b32,fit,4,16,2,10,4,32,0,3.352,32.1,11.1,1,,Vitis HLS / Vivado xsim 2024.1
cg_k4_n16_l2_w10_g8_b32,holdout,4,16,2,10,8,32,0,3.352,38.8,16.0,1,,Vitis HLS / Vivado xsim 2024.1
cg_k4_n16_l4_w12_g8_b32,fit,4,16,4,12,8,32,0,3.352,40.6,15.3,1,,Vitis HLS / Vivado xsim 2024.1
cg_k4_n16_l8_w12_g8_b32,fit,4,16,8,12,8,32,0,3.352,45.1,19.2,1,,Vitis HLS / Vivado xsim 2024.1
cg_k4_n32_l1_w8_g0_b64,fit,4,32,1,8,0,64,0,3.352,30.5,12.0,1,,Vitis HLS / Vivado xsim 2024.1
cg_k4_n32_l2_w14_g0_b64,fit,4,32,2,14,0,64,0,3.352,36.4,13.1,1,,Vitis HLS / Vivado xsim 2024.1
cg_k4_n32_l4_w12_g8_b64,fit,4,32,4,12,8,64,0,3.352,37.1,19.4,1,,Vitis HLS / Vivado xsim 2024.1
cg_k8_n16_l16_w16_g8_b64,holdout,8,16,16,16,8,64,0,3.352,78.8,38.8,1,,Vitis HLS / Vivado xsim 2024.1
cg_k8_n16_l16_w8_g8_b32,holdout,8,16,16,8,8,32,0,3.352,77.8,37.9,1,,Vitis HLS / Vivado xsim 2024.1
cg_k8_n16_l1_w12_g8_b64,fit,8,16,1,12,8,64,0,3.352,30.9,12.4,1,,Vitis HLS / Vivado xsim 2024.1
cg_k8_n16_l4_w12_g8_b64,fit,8,16,4,12,8,64,0,3.352,37.9,19.6,1,,Vitis HLS / Vivado xsim 2024.1
cg_k8_n16_l4_w8_g0_b32,fit,8,16,4,8,0,32,0,3.352,44.1,14.1,1,,Vitis HLS / Vivado xsim 2024.1
cg_k8_n16_l8_w14_g4_b32,holdout,8,16,8,14,4,32,0,3.352,55.6,25.4,1,,Vitis HLS / Vivado xsim 2024.1
cg_k8_n16_l8_w16_g4_b64,holdout,8,16,8,16,4,64,0,3.352,54.2,25.5,1,,Vitis HLS / Vivado xsim 2024.1
cg_k8_n32_l16_w10_g4_b64,fit,8,32,16,10,4,64,0,3.352,55.9,22.3,1,,Vitis HLS / Vivado xsim 2024.1
cg_k8_n32_l16_w12_g8_b64,fit,8,32,16,12,8,64,0,3.352,66.2,24.2,1,,Vitis HLS / Vivado xsim 2024.1
cg_k8_n32_l1_w12_g8_b64,fit,8,32,1,12,8,64,0,3.352,30.8,14.0,1,,Vitis HLS / Vivado xsim 2024.1
cg_k8_n32_l1_w16_g0_b32,holdout,8,32,1,16,0,32,0,3.352,35.9,17.6,1,,Vitis HLS / Vivado xsim 2024.1
cg_k8_n32_l2_w12_g8_b64,fit,8,32,2,12,8,64,0,3.352,33.9,13.8,1,,Vitis HLS / Vivado xsim 2024.1
cg_k8_n32_l2_w16_g0_b32,fit,8,32,2,16,0,32,0,3.352,37.6,15.8,1,,Vitis HLS / Vivado xsim 2024.1
cg_k8_n32_l4_stress_b32,fit,8,32,4,12,0,32,1,3.352,41.0,16.6,1,,Vitis HLS / Vivado xsim 2024.1
cg_k8_n32_l4_w10_g8_b64,fit,8,32,4,10,8,64,0,3.352,45.7,14.4,1,,Vitis HLS / Vivado xsim 2024.1
cg_k8_n32_l4_w12_g0_b64,fit,8,32,4,12,0,64,0,3.352,34.8,13.0,1,,Vitis HLS / Vivado xsim 2024.1
cg_k8_n32_l4_w12_g4_b64,fit,8,32,4,12,4,64,0,3.352,42.9,14.8,1,,Vitis HLS / Vivado xsim 2024.1
cg_k8_n32_l4_w12_g8_b32,fit,8,32,4,12,8,32,0,3.352,41.8,15.0,1,,Vitis HLS / Vivado xsim 2024.1
cg_k8_n32_l4_w12_g8_b64,fit,8,32,4,12,8,64,0,3.352,34.6,13.1,1,,Vitis HLS / Vivado xsim 2024.1
cg_k8_n32_l4_w14_g8_b64,fit,8,32,4,14,8,64,0,3.352,44.5,15.6,1,,Vitis HLS / Vivado xsim 2024.1
cg_k8_n32_l4_w16_g8_b64,fit,8,32,4,16,8,64,0,3.352,41.8,15.0,1,,Vitis HLS / Vivado xsim 2024.1
cg_k8_n32_l4_w8_g8_b64,fit,8,32,4,8,8,64,0,3.352,34.4,14.0,1,,Vitis HLS / Vivado xsim 2024.1
cg_k8_n32_l8_w12_g8_b64,fit,8,32,8,12,8,64,0,3.352,45.0,19.4,1,,Vitis HLS / Vivado xsim 2024.1
cg_k8_n32_l8_w16_g8_b64,holdout,8,32,8,16,8,64,0,3.352,54.2,36.9,1,,Vitis HLS / Vivado xsim 2024.1
