# cg_unit_8_3_cycles.csv: step 8.3 RTL gate, tests/linalg/test_cg_vector_unit.py::test_xsi_unit (formats: centre W12g8, smallest W8g0, stress the saturation set; W is the vectors' width); tool=Vitis HLS / Vivado xsim 2024.1
run,Kmax,Nmax,nitmax,L,W,word,request,op,k,n,nfollow,status,reply_cycle
centre,8,32,8,4,12,64,0,1,8,32,3,OK,548
centre,8,32,8,4,12,64,1,2,8,32,2,OK,1961
centre,8,32,8,4,12,64,2,2,8,32,1,OK,3372
centre,8,32,8,4,12,64,3,2,8,32,0,OK,4785
centre,8,32,8,4,12,64,4,7,4,8,0,BAD_OP,4808
centre,8,32,8,4,12,64,5,1,5,8,4,OK,4907
centre,8,32,8,4,12,64,6,2,5,8,0,BAD_SEQUENCE,4930
centre,8,32,8,4,12,64,7,1,5,8,2,BAD_SEQUENCE,4953
centre,8,32,8,4,12,64,8,2,5,8,3,OK,5342
centre,8,32,8,4,12,64,9,2,5,8,2,BAD_LENGTH,5365
centre,8,32,8,4,12,64,10,2,5,8,2,OK,5727
centre,8,32,8,4,12,64,11,2,5,8,1,OK,6082
centre,8,32,8,4,12,64,12,2,5,8,0,OK,6437
centre,8,32,8,4,12,64,13,1,4,8,9,BAD_DIMS,6460
centre,8,32,8,4,12,64,14,2,4,8,0,BAD_SEQUENCE,6483
centre,8,32,8,4,12,64,15,1,8,16,8,OK,6763
centre,8,32,8,4,12,64,16,2,8,16,7,OK,7499
centre,8,32,8,4,12,64,17,2,8,16,6,OK,8236
centre,8,32,8,4,12,64,18,2,8,16,5,OK,8973
centre,8,32,8,4,12,64,19,2,8,16,4,OK,9711
centre,8,32,8,4,12,64,20,2,8,16,3,OK,10447
centre,8,32,8,4,12,64,21,2,8,16,2,OK,11184
centre,8,32,8,4,12,64,22,2,8,16,1,OK,11921
centre,8,32,8,4,12,64,23,2,8,16,0,OK,12659
centre,8,32,8,4,12,64,24,1,9,8,1,BAD_DIMS,12682
centre,8,32,8,4,12,64,25,1,4,8,1,BAD_LENGTH,12705
centre,8,32,8,4,12,64,26,1,3,4,1,OK,12751
centre,8,32,8,4,12,64,27,2,3,4,0,OK,12947
smallest,4,32,4,1,8,64,0,1,4,32,4,OK,635
smallest,4,32,4,1,8,64,1,2,4,32,3,OK,3178
smallest,4,32,4,1,8,64,2,2,4,32,2,OK,5721
smallest,4,32,4,1,8,64,3,2,4,32,1,OK,8265
smallest,4,32,4,1,8,64,4,2,4,32,0,OK,10807
smallest,4,32,4,1,8,64,5,0,2,2,0,BAD_OP,10830
smallest,4,32,4,1,8,64,6,1,3,5,2,OK,10904
smallest,4,32,4,1,8,64,7,2,3,5,1,OK,11317
smallest,4,32,4,1,8,64,8,2,3,5,0,BAD_LENGTH,11340
smallest,4,32,4,1,8,64,9,2,3,5,0,OK,11755
smallest,4,32,4,1,8,64,10,1,2,4,5,BAD_DIMS,11778
smallest,4,32,4,1,8,64,11,2,2,4,0,BAD_SEQUENCE,11801
smallest,4,32,4,1,8,64,12,1,1,7,1,OK,11878
smallest,4,32,4,1,8,64,13,2,1,7,0,OK,12365
stress,16,32,16,2,12,64,0,1,16,32,16,OK,1275
stress,16,32,16,2,12,64,1,2,16,32,15,OK,4080
stress,16,32,16,2,12,64,2,2,16,32,14,OK,6884
stress,16,32,16,2,12,64,3,2,16,32,13,OK,9688
stress,16,32,16,2,12,64,4,2,16,32,12,OK,12492
stress,16,32,16,2,12,64,5,2,16,32,11,OK,15296
stress,16,32,16,2,12,64,6,2,16,32,10,OK,18100
stress,16,32,16,2,12,64,7,2,16,32,9,OK,20904
stress,16,32,16,2,12,64,8,2,16,32,8,OK,23708
stress,16,32,16,2,12,64,9,2,16,32,7,OK,26512
stress,16,32,16,2,12,64,10,2,16,32,6,OK,29316
stress,16,32,16,2,12,64,11,2,16,32,5,OK,32120
stress,16,32,16,2,12,64,12,2,16,32,4,OK,34924
stress,16,32,16,2,12,64,13,2,16,32,3,OK,37728
stress,16,32,16,2,12,64,14,2,16,32,2,OK,40532
stress,16,32,16,2,12,64,15,2,16,32,1,OK,43336
stress,16,32,16,2,12,64,16,2,16,32,0,OK,46139
stress,16,32,16,2,12,64,17,2,4,4,0,BAD_SEQUENCE,46162
stress,16,32,16,2,12,64,18,1,7,6,5,OK,46284
stress,16,32,16,2,12,64,19,2,7,6,4,OK,46685
stress,16,32,16,2,12,64,20,1,7,6,1,BAD_SEQUENCE,46708
stress,16,32,16,2,12,64,21,2,7,6,3,BAD_LENGTH,46731
stress,16,32,16,2,12,64,22,2,7,6,3,OK,47165
stress,16,32,16,2,12,64,23,2,7,6,2,OK,47566
stress,16,32,16,2,12,64,24,2,7,6,1,OK,47967
stress,16,32,16,2,12,64,25,2,7,6,0,OK,48368
stress,16,32,16,2,12,64,26,9,4,4,0,BAD_OP,48391
stress,16,32,16,2,12,64,27,1,4,3,2,BAD_DIMS,48414
stress,16,32,16,2,12,64,28,1,3,2,2,OK,48449
stress,16,32,16,2,12,64,29,2,3,2,1,OK,48592
stress,16,32,16,2,12,64,30,2,3,2,0,OK,48735
