# mimo_cg decision_fidelity_metrics: numpy=2.5.3, base_seed=20260930, tool=vitis_hls 2024.1, model_sha256=d95510d337e992d3, measured_builds=1440, job_tolerance=0.02, cost_tolerance=0.1
set,resource,decisions,problems,right_pct,threshold,pass,same_build_pct,same_cost_pct,missed_budget_pct,unmeasured,regret_median_pct,regret_p95_pct,regret_max_pct,regret_min_pct
all,dsp,648,432,9.954000e+01,>= 90,1,8.951000e+01,9.830000e+01,0.000000e+00,0,0.000000e+00,0.000000e+00,1.142860e+02,0.000000e+00
all,lut,648,432,9.985000e+01,>= 90,1,8.596000e+01,8.596000e+01,0.000000e+00,0,0.000000e+00,1.157000e+00,1.200000e+01,-9.976000e+00
all,ff,648,432,9.985000e+01,>= 90,1,8.688000e+01,8.688000e+01,0.000000e+00,0,0.000000e+00,4.123000e+00,1.861900e+01,-9.496000e+00
all,bram,648,432,1.000000e+02,>= 90,1,9.815000e+01,9.892000e+01,0.000000e+00,0,0.000000e+00,0.000000e+00,9.091000e+00,-1.250000e+01
all,any,2592,1728,9.981000e+01,,,9.012000e+01,9.252000e+01,0.000000e+00,0,0.000000e+00,7.740000e-01,1.142860e+02,-1.250000e+01
distinct questions,dsp,432,432,9.954000e+01,,,9.074000e+01,9.861000e+01,0.000000e+00,0,0.000000e+00,0.000000e+00,1.142860e+02,0.000000e+00
distinct questions,lut,432,432,9.977000e+01,,,8.634000e+01,8.634000e+01,0.000000e+00,0,0.000000e+00,1.157000e+00,1.200000e+01,-9.976000e+00
distinct questions,ff,432,432,9.977000e+01,,,8.611000e+01,8.611000e+01,0.000000e+00,0,0.000000e+00,4.123000e+00,1.861900e+01,-9.496000e+00
distinct questions,bram,432,432,1.000000e+02,,,9.769000e+01,9.884000e+01,0.000000e+00,0,0.000000e+00,0.000000e+00,9.091000e+00,-1.250000e+01
distinct questions,any,1728,1728,9.977000e+01,,,9.022000e+01,9.248000e+01,0.000000e+00,0,0.000000e+00,8.150000e-01,1.142860e+02,-1.250000e+01
without the calibration detectors,dsp,648,432,9.954000e+01,,,8.951000e+01,9.830000e+01,0.000000e+00,0,0.000000e+00,0.000000e+00,1.142860e+02,0.000000e+00
without the calibration detectors,lut,648,432,9.985000e+01,,,8.596000e+01,8.596000e+01,0.000000e+00,0,0.000000e+00,1.157000e+00,1.200000e+01,-9.976000e+00
without the calibration detectors,ff,648,432,9.985000e+01,,,8.688000e+01,8.688000e+01,0.000000e+00,0,0.000000e+00,4.123000e+00,1.861900e+01,-9.496000e+00
without the calibration detectors,bram,648,432,9.923000e+01,,,9.738000e+01,9.815000e+01,0.000000e+00,0,0.000000e+00,0.000000e+00,2.500000e+01,-1.250000e+01
without the calibration detectors,any,2592,1728,9.961000e+01,,,8.993000e+01,9.232000e+01,0.000000e+00,0,0.000000e+00,8.370000e-01,1.142860e+02,-1.250000e+01
without builds that share a calibrated block,dsp,648,432,9.954000e+01,,,9.290000e+01,9.830000e+01,0.000000e+00,0,0.000000e+00,0.000000e+00,1.142860e+02,0.000000e+00
without builds that share a calibrated block,lut,648,432,9.985000e+01,,,8.642000e+01,8.642000e+01,0.000000e+00,0,0.000000e+00,1.157000e+00,1.200000e+01,-9.976000e+00
without builds that share a calibrated block,ff,648,432,9.985000e+01,,,8.549000e+01,8.549000e+01,0.000000e+00,0,0.000000e+00,4.123000e+00,1.861900e+01,-9.496000e+00
without builds that share a calibrated block,bram,648,432,1.000000e+02,,,9.830000e+01,9.907000e+01,0.000000e+00,0,0.000000e+00,0.000000e+00,9.091000e+00,-2.222200e+01
without builds that share a calibrated block,any,2592,1728,9.981000e+01,,,9.078000e+01,9.232000e+01,0.000000e+00,0,0.000000e+00,7.740000e-01,1.142860e+02,-2.222200e+01
