# mimo_cg dse_guard: numpy=2.5.3, base_seed=20260930, tool=vitis_hls 2024.1, model_sha256=d95510d337e992d3, loss_db=0.5, cost=csynth, predicted
budget,scenarios,lanes_min,lanes_median,lanes_max,array_pes_min,array_pes_median,array_pes_max,three_multiply_form,words_32_bit,vec_share_of_iteration_median,lut_median,dsp_median,job_us_median
0,27,16,16,16,64,128,256,27,27,7.000000e-01,95663,576,4.960000e+00
1,27,8,16,16,16,64,256,24,26,4.910000e-01,82462,384,7.460000e+00
2,27,8,8,8,8,16,32,14,27,5.550000e-01,49692,160,1.210000e+01
3,27,4,4,4,4,16,64,13,27,6.840000e-01,32890,96,1.862000e+01
4,27,2,4,4,4,8,32,23,27,5.460000e-01,30174,60,2.355000e+01
5,27,1,2,2,4,4,16,24,27,6.470000e-01,22773,36,4.151000e+01
6,27,1,1,2,4,8,16,24,27,7.390000e-01,18978,36,6.266000e+01
7,27,1,1,1,4,4,4,27,27,6.750000e-01,18262,24,8.479000e+01
