# mimo_cg dse_scenarios: numpy=2.5.3, base_seed=20260930, joint_designs=6084720, model_sha256=d95510d337e992d3, tool=vitis_hls 2024.1, part=xczu48dr-ffvg1517-2-e, clock_ns=4.0, guard=2.0
modulation,M,K,budget_db,joint_designs,reach_target,memory_bound,within_budget,candidates,guarded,frontier,front_dsp_job,front_lut_job,W_min,nit_min,min_dsp,min_dsp_dsp,min_dsp_lut,min_dsp_job_us,min_lut,min_lut_dsp,min_lut_lut,min_lut_job_us,fastest,fastest_dsp,fastest_lut,fastest_job_us
16qam,32,4,2.500000e-01,110160,55080,27,20196,11016,0,256,23,62,12,3,det_k4_l1_r1_c4_m3_w14g4_d64_s2_q2_n3,24,17704,5.324920e+01,det_k4_l1_r1_c4_m3_w12g8_d32_s3_q2_n3,24,14959,5.621430e+01,det_k4_l16_r4_c32_m4_w14g4_d64_s2_q2_n3,704,120116,4.109700e+00
16qam,32,4,5.000000e-01,110160,55080,27,29376,14688,0,278,15,49,10,3,det_k4_l1_r1_c4_m4_w10g8_d64_s2_q2_n3,13,17179,5.233260e+01,det_k4_l1_r1_c4_m3_w12g4_d32_s3_q2_n3,24,14611,5.029410e+01,det_k4_l16_r4_c32_m4_w12g4_d64_s2_q2_n3,704,110475,3.873300e+00
16qam,32,4,1.000000e+00,110160,55080,27,31212,16524,0,278,15,49,10,3,det_k4_l1_r1_c4_m4_w10g8_d64_s2_q2_n3,13,17179,5.233260e+01,det_k4_l1_r1_c4_m3_w12g4_d32_s3_q2_n3,24,14611,5.029410e+01,det_k4_l16_r4_c32_m4_w12g4_d64_s2_q2_n3,704,110475,3.873300e+00
16qam,32,8,2.500000e-01,220320,97920,1557,24480,12240,0,198,26,74,12,6,det_k8_l1_r1_c4_m3_w14g4_d64_s2_q2_n6,24,24281,1.439636e+02,det_k8_l1_r1_c4_m3_w12g8_d32_s2_q2_n6,24,18749,1.498750e+02,det_k8_l16_r8_c32_m4_w14g4_d64_s2_q2_n6,1216,148820,9.527000e+00
16qam,32,8,5.000000e-01,220320,97920,1557,46512,17136,0,204,26,76,12,4,det_k8_l1_r1_c4_m3_w14g4_d64_s2_q2_n4,24,24281,9.667250e+01,det_k8_l1_r1_c4_m3_w12g4_d32_s2_q2_n6,24,18401,1.380345e+02,det_k8_l16_r8_c32_m4_w14g4_d64_s2_q2_n4,1216,148820,6.408200e+00
16qam,32,8,1.000000e+00,220320,97920,1557,56304,19584,0,193,17,51,10,4,det_k8_l1_r1_c4_m4_w10g8_d64_s2_q2_n4,13,22324,9.426880e+01,det_k8_l1_r1_c4_m3_w10g8_d32_s2_q2_n4,17,18262,9.665340e+01,det_k8_l16_r8_c32_m4_w12g4_d64_s2_q2_n4,1216,137275,6.093400e+00
16qam,32,16,2.500000e-01,345600,66240,6759,23040,8640,0,266,26,70,14,8,det_k16_l1_r1_c4_m3_w16g4_d64_s2_q2_n8,24,43141,3.258318e+02,det_k16_l1_r1_c4_m3_w14g8_d32_s2_q2_n8,24,30188,3.337072e+02,det_k16_l16_r16_c16_m4_w16g4_d64_s2_q2_n8,1216,171006,1.825390e+01
16qam,32,16,5.000000e-01,345600,66240,6759,31680,14400,0,262,26,69,12,8,det_k16_l1_r1_c4_m3_w14g4_d64_s2_q2_n8,24,39951,3.178999e+02,det_k16_l1_r1_c4_m3_w12g8_d32_s2_q2_n8,24,28386,3.257753e+02,det_k16_l16_r16_c16_m4_w14g4_d64_s2_q2_n8,1216,157858,1.762510e+01
16qam,32,16,1.000000e+00,345600,66240,6759,34560,14400,0,262,26,69,12,8,det_k16_l1_r1_c4_m3_w14g4_d64_s2_q2_n8,24,39951,3.178999e+02,det_k16_l1_r1_c4_m3_w12g8_d32_s2_q2_n8,24,28386,3.257753e+02,det_k16_l16_r16_c16_m4_w14g4_d64_s2_q2_n8,1216,157858,1.762510e+01
16qam,64,4,2.500000e-01,110160,66096,27,29376,14688,0,278,15,49,10,3,det_k4_l1_r1_c4_m4_w10g8_d64_s2_q2_n3,13,17179,5.233260e+01,det_k4_l1_r1_c4_m3_w12g4_d32_s3_q2_n3,24,14611,5.029410e+01,det_k4_l16_r4_c32_m4_w12g4_d64_s2_q2_n3,704,110475,3.873300e+00
16qam,64,4,5.000000e-01,110160,66096,27,45900,16524,0,278,15,51,10,2,det_k4_l1_r1_c4_m4_w10g8_d64_s2_q2_n2,13,17179,3.524330e+01,det_k4_l1_r1_c4_m3_w12g4_d32_s3_q2_n2,24,14611,3.389130e+01,det_k4_l16_r4_c32_m4_w12g4_d64_s2_q2_n2,704,110475,2.617400e+00
16qam,64,4,1.000000e+00,110160,66096,27,55080,18360,0,224,12,65,10,2,det_k4_l1_r1_c4_m4_w10g4_d64_s2_q2_n2,13,16831,3.129640e+01,det_k4_l1_r1_c4_m3_w10g4_d32_s4_q2_n2,17,14495,3.190760e+01,det_k4_l16_r4_c32_m4_w10g4_d64_s2_q2_n2,336,123840,2.459500e+00
16qam,64,8,2.500000e-01,220320,137088,1557,70992,19584,0,199,22,48,10,3,det_k8_l1_r1_c4_m4_w10g8_d64_s2_q2_n4,13,22324,9.426880e+01,det_k8_l1_r1_c4_m3_w10g8_d32_s2_q2_n4,17,18262,9.665340e+01,det_k8_l16_r8_c32_m4_w12g4_d64_s2_q2_n3,1216,137275,4.612500e+00
16qam,64,8,5.000000e-01,220320,137088,1557,83232,22032,0,193,17,51,10,3,det_k8_l1_r1_c4_m4_w10g8_d64_s2_q2_n3,13,22324,7.122370e+01,det_k8_l1_r1_c4_m3_w10g8_d32_s2_q2_n3,17,18262,7.301710e+01,det_k8_l16_r8_c32_m4_w12g4_d64_s2_q2_n3,1216,137275,4.612500e+00
16qam,64,8,1.000000e+00,220320,137088,1557,97920,24480,0,129,13,64,10,3,det_k8_l1_r1_c4_m4_w10g4_d64_s2_q2_n3,13,21976,6.530350e+01,det_k8_l1_r1_c4_m3_w10g4_d32_s2_q2_n3,17,17914,6.709690e+01,det_k8_l16_r8_c32_m4_w10g4_d64_s2_q2_n3,592,163049,4.376100e+00
16qam,64,16,2.500000e-01,345600,181440,6759,57600,20160,0,139,26,44,12,6,det_k16_l1_r1_c4_m3_w12g4_d64_s2_q2_n6,24,36761,2.335102e+02,det_k16_l1_r1_c4_m3_w12g4_d32_s2_q2_n6,24,28038,2.335302e+02,det_k16_l16_r16_c16_m4_w12g4_d64_s2_q2_n6,1216,144710,1.282170e+01
16qam,64,16,5.000000e-01,345600,181440,6759,83520,20160,0,139,26,44,12,4,det_k16_l1_r1_c4_m3_w12g4_d64_s2_q2_n4,24,36761,1.570525e+02,det_k16_l1_r1_c4_m3_w12g4_d32_s2_q2_n4,24,28038,1.570725e+02,det_k16_l16_r16_c16_m4_w12g4_d64_s2_q2_n4,1216,144710,8.647000e+00
16qam,64,16,1.000000e+00,345600,181440,6759,118080,25920,0,304,16,73,10,4,det_k16_l1_r1_c4_m4_w10g8_d64_s2_q2_n4,13,34948,1.562507e+02,det_k16_l1_r1_c4_m3_w10g8_d32_s2_q2_n4,17,27129,1.609997e+02,det_k16_l16_r16_c16_m4_w14g0_d64_s2_q2_n4,1216,154351,8.381100e+00
16qam,128,4,2.500000e-01,110160,66096,27,44064,14688,0,278,15,51,10,2,det_k4_l1_r1_c4_m4_w10g8_d64_s2_q2_n2,13,17179,3.524330e+01,det_k4_l1_r1_c4_m3_w12g4_d32_s3_q2_n2,24,14611,3.389130e+01,det_k4_l16_r4_c32_m4_w12g4_d64_s2_q2_n2,704,110475,2.617400e+00
16qam,128,4,5.000000e-01,110160,66096,27,51408,18360,0,298,15,53,10,2,det_k4_l1_r1_c4_m4_w10g8_d64_s2_q2_n2,13,17179,3.524330e+01,det_k4_l1_r1_c4_m3_w10g4_d32_s4_q2_n3,17,14495,4.731900e+01,det_k4_l16_r4_c32_m4_w12g4_d64_s2_q2_n2,704,110475,2.617400e+00
16qam,128,4,1.000000e+00,110160,66096,27,55080,18360,0,224,12,65,10,2,det_k4_l1_r1_c4_m4_w10g4_d64_s2_q2_n2,13,16831,3.129640e+01,det_k4_l1_r1_c4_m3_w10g4_d32_s4_q2_n2,17,14495,3.190760e+01,det_k4_l16_r4_c32_m4_w10g4_d64_s2_q2_n2,336,123840,2.459500e+00
16qam,128,8,2.500000e-01,220320,151776,1557,73440,19584,0,193,17,51,10,3,det_k8_l1_r1_c4_m4_w10g8_d64_s2_q2_n3,13,22324,7.122370e+01,det_k8_l1_r1_c4_m3_w10g8_d32_s2_q2_n3,17,18262,7.301710e+01,det_k8_l16_r8_c32_m4_w12g4_d64_s2_q2_n3,1216,137275,4.612500e+00
16qam,128,8,5.000000e-01,220320,151776,1557,90576,24480,0,209,17,52,10,3,det_k8_l1_r1_c4_m4_w10g8_d64_s2_q2_n3,13,22324,7.122370e+01,det_k8_l1_r1_c4_m3_w10g4_d32_s2_q2_n4,17,17914,8.875970e+01,det_k8_l16_r8_c32_m4_w12g4_d64_s2_q2_n3,1216,137275,4.612500e+00
16qam,128,8,1.000000e+00,220320,151776,1557,122400,24480,0,130,13,63,10,2,det_k8_l1_r1_c4_m4_w10g4_d64_s2_q2_n2,13,21976,4.423180e+01,det_k8_l1_r1_c4_m3_w10g4_d32_s2_q2_n2,17,17914,4.543410e+01,det_k8_l16_r8_c32_m4_w10g4_d64_s2_q2_n2,592,163049,2.973700e+00
16qam,128,16,2.500000e-01,345600,218880,6759,109440,23040,0,139,26,44,12,4,det_k16_l1_r1_c4_m3_w12g4_d64_s2_q2_n4,24,36761,1.570525e+02,det_k16_l1_r1_c4_m3_w12g4_d32_s2_q2_n4,24,28038,1.570725e+02,det_k16_l16_r16_c16_m4_w12g4_d64_s2_q2_n4,1216,144710,8.647000e+00
16qam,128,16,5.000000e-01,345600,218880,6759,158400,28800,0,330,16,74,10,3,det_k16_l1_r1_c4_m4_w10g8_d64_s2_q2_n3,13,34948,1.182220e+02,det_k16_l1_r1_c4_m3_w10g4_d32_s2_q2_n4,17,26781,1.531060e+02,det_k16_l16_r16_c16_m4_w14g0_d64_s2_q2_n3,1216,154351,6.360500e+00
16qam,128,16,1.000000e+00,345600,218880,6759,164160,28800,0,149,13,53,10,3,det_k16_l1_r1_c4_m4_w10g4_d64_s2_q2_n3,13,34600,1.123018e+02,det_k16_l1_r1_c4_m3_w10g4_d32_s2_q2_n3,17,26781,1.158685e+02,det_k16_l16_r16_c16_m4_w10g4_d64_s2_q2_n3,592,168883,6.323300e+00
64qam,32,4,2.500000e-01,110160,29376,27,12852,7344,0,289,23,78,12,3,det_k4_l1_r1_c4_m3_w16g4_d64_s2_q2_n3,24,18639,5.622420e+01,det_k4_l1_r1_c4_m3_w12g8_d32_s3_q2_n4,24,14959,7.459060e+01,det_k4_l16_r4_c32_m4_w16g4_d64_s2_q2_n3,704,129742,4.346000e+00
64qam,32,4,5.000000e-01,110160,29376,27,18360,9180,0,256,23,62,12,3,det_k4_l1_r1_c4_m3_w14g4_d64_s2_q2_n3,24,17704,5.324920e+01,det_k4_l1_r1_c4_m3_w12g8_d32_s3_q2_n3,24,14959,5.621430e+01,det_k4_l16_r4_c32_m4_w14g4_d64_s2_q2_n3,704,120116,4.109700e+00
64qam,32,4,1.000000e+00,110160,29376,27,18360,9180,0,256,23,62,12,3,det_k4_l1_r1_c4_m3_w14g4_d64_s2_q2_n3,24,17704,5.324920e+01,det_k4_l1_r1_c4_m3_w12g8_d32_s3_q2_n3,24,14959,5.621430e+01,det_k4_l16_r4_c32_m4_w14g4_d64_s2_q2_n3,704,120116,4.109700e+00
64qam,32,8,2.500000e-01,220320,56304,1557,14688,7344,0,213,26,78,14,6,det_k8_l1_r1_c4_m3_w16g4_d64_s2_q2_n6,24,25820,1.499128e+02,det_k8_l1_r1_c4_m3_w14g8_d32_s2_q2_n6,24,19779,1.558241e+02,det_k8_l16_r8_c32_m4_w16g4_d64_s2_q2_n6,1216,160365,9.998800e+00
64qam,32,8,5.000000e-01,220320,56304,1557,24480,12240,0,198,26,74,12,6,det_k8_l1_r1_c4_m3_w14g4_d64_s2_q2_n6,24,24281,1.439636e+02,det_k8_l1_r1_c4_m3_w12g8_d32_s2_q2_n6,24,18749,1.498750e+02,det_k8_l16_r8_c32_m4_w14g4_d64_s2_q2_n6,1216,148820,9.527000e+00
64qam,32,8,1.000000e+00,220320,56304,1557,24480,12240,0,198,26,74,12,6,det_k8_l1_r1_c4_m3_w14g4_d64_s2_q2_n6,24,24281,1.439636e+02,det_k8_l1_r1_c4_m3_w12g8_d32_s2_q2_n6,24,18749,1.498750e+02,det_k8_l16_r8_c32_m4_w14g4_d64_s2_q2_n6,1216,148820,9.527000e+00
64qam,32,16,2.500000e-01,345600,31680,6759,8640,5760,0,148,26,47,14,12,det_k16_l1_r1_c4_m3_w14g8_d64_s2_q2_n12,24,40299,4.984618e+02,det_k16_l1_r1_c4_m3_w14g8_d32_s2_q2_n12,24,30188,4.984818e+02,det_k16_l16_r16_c16_m4_w14g8_d64_s2_q2_n12,1216,161366,2.803060e+01
64qam,32,16,5.000000e-01,345600,31680,6759,8640,5760,0,148,26,47,14,12,det_k16_l1_r1_c4_m3_w14g8_d64_s2_q2_n12,24,40299,4.984618e+02,det_k16_l1_r1_c4_m3_w14g8_d32_s2_q2_n12,24,30188,4.984818e+02,det_k16_l16_r16_c16_m4_w14g8_d64_s2_q2_n12,1216,161366,2.803060e+01
64qam,32,16,1.000000e+00,345600,31680,6759,14400,8640,0,266,26,70,14,12,det_k16_l1_r1_c4_m3_w16g4_d64_s2_q2_n12,24,43141,4.866782e+02,det_k16_l1_r1_c4_m3_w14g8_d32_s2_q2_n12,24,30188,4.984818e+02,det_k16_l16_r16_c16_m4_w16g4_d64_s2_q2_n12,1216,171006,2.723100e+01
64qam,64,4,2.500000e-01,110160,51408,27,18360,9180,0,256,23,62,12,3,det_k4_l1_r1_c4_m3_w14g4_d64_s2_q2_n3,24,17704,5.324920e+01,det_k4_l1_r1_c4_m3_w12g8_d32_s3_q2_n3,24,14959,5.621430e+01,det_k4_l16_r4_c32_m4_w14g4_d64_s2_q2_n3,704,120116,4.109700e+00
64qam,64,4,5.000000e-01,110160,51408,27,18360,9180,0,256,23,62,12,3,det_k4_l1_r1_c4_m3_w14g4_d64_s2_q2_n3,24,17704,5.324920e+01,det_k4_l1_r1_c4_m3_w12g8_d32_s3_q2_n3,24,14959,5.621430e+01,det_k4_l16_r4_c32_m4_w14g4_d64_s2_q2_n3,704,120116,4.109700e+00
64qam,64,4,1.000000e+00,110160,51408,27,25704,14688,0,246,12,76,10,3,det_k4_l1_r1_c4_m4_w10g8_d64_s2_q2_n3,13,17179,5.233260e+01,det_k4_l1_r1_c4_m3_w12g4_d32_s3_q2_n4,24,14611,6.669690e+01,det_k4_l16_r4_c32_m4_w10g8_d64_s2_q2_n3,336,127348,4.072500e+00
64qam,64,8,2.500000e-01,220320,90576,1557,36720,12240,0,198,26,74,12,4,det_k8_l1_r1_c4_m3_w14g4_d64_s2_q2_n4,24,24281,9.667250e+01,det_k8_l1_r1_c4_m3_w12g8_d32_s2_q2_n4,24,18749,1.006198e+02,det_k8_l16_r8_c32_m4_w14g4_d64_s2_q2_n4,1216,148820,6.408200e+00
64qam,64,8,5.000000e-01,220320,90576,1557,46512,17136,0,204,26,76,12,4,det_k8_l1_r1_c4_m3_w14g4_d64_s2_q2_n4,24,24281,9.667250e+01,det_k8_l1_r1_c4_m3_w12g4_d32_s2_q2_n6,24,18401,1.380345e+02,det_k8_l16_r8_c32_m4_w14g4_d64_s2_q2_n4,1216,148820,6.408200e+00
64qam,64,8,1.000000e+00,220320,90576,1557,63648,17136,0,212,26,84,12,3,det_k8_l1_r1_c4_m3_w14g4_d64_s2_q2_n3,24,24281,7.302700e+01,det_k8_l1_r1_c4_m3_w12g4_d32_s2_q2_n4,24,18401,9.272610e+01,det_k8_l16_r8_c32_m4_w14g4_d64_s2_q2_n3,1216,148820,4.848800e+00
64qam,64,16,2.500000e-01,345600,112320,6759,40320,14400,0,262,26,70,12,6,det_k16_l1_r1_c4_m3_w14g4_d64_s2_q2_n6,24,39951,2.394594e+02,det_k16_l1_r1_c4_m3_w12g8_d32_s2_q2_n6,24,28386,2.453707e+02,det_k16_l16_r16_c16_m4_w14g4_d64_s2_q2_n6,1216,157858,1.329350e+01
64qam,64,16,5.000000e-01,345600,112320,6759,43200,14400,0,262,26,70,12,6,det_k16_l1_r1_c4_m3_w14g4_d64_s2_q2_n6,24,39951,2.394594e+02,det_k16_l1_r1_c4_m3_w12g8_d32_s2_q2_n6,24,28386,2.453707e+02,det_k16_l16_r16_c16_m4_w14g4_d64_s2_q2_n6,1216,157858,1.329350e+01
64qam,64,16,1.000000e+00,345600,112320,6759,63360,20160,0,139,26,44,12,6,det_k16_l1_r1_c4_m3_w12g4_d64_s2_q2_n6,24,36761,2.335102e+02,det_k16_l1_r1_c4_m3_w12g4_d32_s2_q2_n6,24,28038,2.335302e+02,det_k16_l16_r16_c16_m4_w12g4_d64_s2_q2_n6,1216,144710,1.282170e+01
64qam,128,4,2.500000e-01,110160,55080,27,18360,9180,0,256,23,62,12,3,det_k4_l1_r1_c4_m3_w14g4_d64_s2_q2_n3,24,17704,5.324920e+01,det_k4_l1_r1_c4_m3_w12g8_d32_s3_q2_n3,24,14959,5.621430e+01,det_k4_l16_r4_c32_m4_w14g4_d64_s2_q2_n3,704,120116,4.109700e+00
64qam,128,4,5.000000e-01,110160,55080,27,31212,12852,0,262,23,66,12,2,det_k4_l1_r1_c4_m3_w14g4_d64_s2_q2_n2,24,17704,3.585490e+01,det_k4_l1_r1_c4_m3_w12g4_d32_s3_q2_n4,24,14611,6.669690e+01,det_k4_l16_r4_c32_m4_w14g4_d64_s2_q2_n2,704,120116,2.775300e+00
64qam,128,4,1.000000e+00,110160,55080,27,44064,14688,0,278,15,51,10,2,det_k4_l1_r1_c4_m4_w10g8_d64_s2_q2_n2,13,17179,3.524330e+01,det_k4_l1_r1_c4_m3_w12g4_d32_s3_q2_n2,24,14611,3.389130e+01,det_k4_l16_r4_c32_m4_w12g4_d64_s2_q2_n2,704,110475,2.617400e+00
64qam,128,8,2.500000e-01,220320,122400,1557,48960,12240,0,198,26,74,12,3,det_k8_l1_r1_c4_m3_w14g4_d64_s2_q2_n3,24,24281,7.302700e+01,det_k8_l1_r1_c4_m3_w12g8_d32_s2_q2_n3,24,18749,7.599220e+01,det_k8_l16_r8_c32_m4_w14g4_d64_s2_q2_n3,1216,148820,4.848800e+00
64qam,128,8,5.000000e-01,220320,122400,1557,68544,17136,0,107,26,47,12,3,det_k8_l1_r1_c4_m3_w12g4_d64_s2_q2_n3,24,22614,7.005190e+01,det_k8_l1_r1_c4_m3_w12g4_d32_s2_q2_n3,24,18401,7.007190e+01,det_k8_l16_r8_c32_m4_w12g4_d64_s2_q2_n3,1216,137275,4.612500e+00
64qam,128,8,1.000000e+00,220320,122400,1557,73440,19584,0,193,17,51,10,3,det_k8_l1_r1_c4_m4_w10g8_d64_s2_q2_n3,13,22324,7.122370e+01,det_k8_l1_r1_c4_m3_w10g8_d32_s2_q2_n3,17,18262,7.301710e+01,det_k8_l16_r8_c32_m4_w12g4_d64_s2_q2_n3,1216,137275,4.612500e+00
64qam,128,16,2.500000e-01,345600,164160,6759,77760,17280,0,262,26,70,12,4,det_k16_l1_r1_c4_m3_w14g4_d64_s2_q2_n4,24,39951,1.610189e+02,det_k16_l1_r1_c4_m3_w12g8_d32_s2_q2_n4,24,28386,1.649661e+02,det_k16_l16_r16_c16_m4_w14g4_d64_s2_q2_n4,1216,157858,8.961900e+00
64qam,128,16,5.000000e-01,345600,164160,6759,95040,20160,0,139,26,44,12,4,det_k16_l1_r1_c4_m3_w12g4_d64_s2_q2_n4,24,36761,1.570525e+02,det_k16_l1_r1_c4_m3_w12g4_d32_s2_q2_n4,24,28038,1.570725e+02,det_k16_l16_r16_c16_m4_w12g4_d64_s2_q2_n4,1216,144710,8.647000e+00
64qam,128,16,1.000000e+00,345600,164160,6759,109440,23040,0,139,26,44,12,4,det_k16_l1_r1_c4_m3_w12g4_d64_s2_q2_n4,24,36761,1.570525e+02,det_k16_l1_r1_c4_m3_w12g4_d32_s2_q2_n4,24,28038,1.570725e+02,det_k16_l16_r16_c16_m4_w12g4_d64_s2_q2_n4,1216,144710,8.647000e+00
qpsk,32,4,2.500000e-01,110160,75276,27,33048,18360,0,308,15,51,10,3,det_k4_l1_r1_c4_m4_w10g8_d64_s2_q2_n3,13,17179,5.233260e+01,det_k4_l1_r1_c4_m3_w10g4_d32_s4_q2_n4,17,14495,6.273050e+01,det_k4_l16_r4_c32_m4_w12g4_d64_s2_q2_n3,704,110475,3.873300e+00
qpsk,32,4,5.000000e-01,110160,75276,27,55080,18360,0,224,12,65,10,2,det_k4_l1_r1_c4_m4_w10g4_d64_s2_q2_n2,13,16831,3.129640e+01,det_k4_l1_r1_c4_m3_w10g4_d32_s4_q2_n2,17,14495,3.190760e+01,det_k4_l16_r4_c32_m4_w10g4_d64_s2_q2_n2,336,123840,2.459500e+00
qpsk,32,4,1.000000e+00,110160,75276,27,67932,23868,0,292,15,72,8,2,det_k4_l1_r1_c4_m4_w8g8_d64_s2_q2_n2,11,15980,3.325960e+01,det_k4_l1_r1_c4_m3_w8g4_d32_s4_q2_n3,15,13739,4.434400e+01,det_k4_l16_r4_c32_m4_w10g4_d64_s2_q2_n2,336,123840,2.459500e+00
qpsk,32,8,2.500000e-01,220320,164016,1557,75888,22032,0,291,22,85,10,3,det_k8_l1_r1_c4_m4_w10g8_d64_s2_q2_n4,13,22324,9.426880e+01,det_k8_l1_r1_c4_m3_w10g8_d32_s2_q2_n4,17,18262,9.665340e+01,det_k8_l16_r8_c32_m4_w14g4_d64_s2_q2_n3,1216,148820,4.848800e+00
qpsk,32,8,5.000000e-01,220320,164016,1557,95472,24480,0,129,13,64,10,3,det_k8_l1_r1_c4_m4_w10g4_d64_s2_q2_n3,13,21976,6.530350e+01,det_k8_l1_r1_c4_m3_w10g4_d32_s2_q2_n3,17,17914,6.709690e+01,det_k8_l16_r8_c32_m4_w10g4_d64_s2_q2_n3,592,163049,4.376100e+00
qpsk,32,8,1.000000e+00,220320,164016,1557,105264,26928,0,139,13,68,10,3,det_k8_l1_r1_c4_m4_w10g4_d64_s2_q2_n3,13,21976,6.530350e+01,det_k8_l1_r1_c4_m3_w10g4_d32_s2_q2_n3,17,17914,6.709690e+01,det_k8_l16_r8_c32_m4_w10g4_d64_s2_q2_n3,592,163049,4.376100e+00
qpsk,32,16,2.500000e-01,345600,129600,6759,57600,20160,0,374,26,83,12,6,det_k16_l1_r1_c4_m3_w16g0_d64_s2_q2_n6,24,42793,2.335680e+02,det_k16_l1_r1_c4_m3_w12g4_d32_s2_q2_n8,24,28038,3.099880e+02,det_k16_l16_r16_c16_m4_w16g0_d64_s2_q2_n6,1216,167499,1.289420e+01
qpsk,32,16,5.000000e-01,345600,129600,6759,69120,23040,0,228,16,58,10,6,det_k16_l1_r1_c4_m4_w10g8_d64_s2_q2_n6,13,34948,2.323080e+02,det_k16_l1_r1_c4_m3_w10g8_d32_s2_q2_n6,17,27129,2.394215e+02,det_k16_l16_r16_c16_m4_w12g4_d64_s2_q2_n6,1216,144710,1.282170e+01
qpsk,32,16,1.000000e+00,345600,129600,6759,77760,28800,0,149,14,51,10,6,det_k16_l1_r1_c4_m4_w10g4_d64_s2_q2_n6,13,34600,2.204675e+02,det_k16_l1_r1_c4_m3_w10g4_d32_s2_q2_n6,17,26781,2.275810e+02,det_k16_l16_r16_c16_m4_w10g4_d64_s2_q2_n6,592,168883,1.234990e+01
qpsk,64,4,2.500000e-01,110160,108324,27,55080,18360,0,224,12,65,10,2,det_k4_l1_r1_c4_m4_w10g4_d64_s2_q2_n2,13,16831,3.129640e+01,det_k4_l1_r1_c4_m3_w10g4_d32_s4_q2_n2,17,14495,3.190760e+01,det_k4_l16_r4_c32_m4_w10g4_d64_s2_q2_n2,336,123840,2.459500e+00
qpsk,64,4,5.000000e-01,110160,108324,27,62424,22032,0,278,15,68,8,2,det_k4_l1_r1_c4_m4_w8g8_d64_s2_q2_n2,11,15980,3.325960e+01,det_k4_l1_r1_c4_m3_w8g8_d32_s4_q2_n2,15,14088,3.387070e+01,det_k4_l16_r4_c32_m4_w10g4_d64_s2_q2_n2,336,123840,2.459500e+00
qpsk,64,4,1.000000e+00,110160,108324,27,67932,23868,0,292,15,72,8,2,det_k4_l1_r1_c4_m4_w8g8_d64_s2_q2_n2,11,15980,3.325960e+01,det_k4_l1_r1_c4_m3_w8g4_d32_s4_q2_n3,15,13739,4.434400e+01,det_k4_l16_r4_c32_m4_w10g4_d64_s2_q2_n2,336,123840,2.459500e+00
qpsk,64,8,2.500000e-01,220320,168912,1557,97920,24480,0,129,13,64,10,3,det_k8_l1_r1_c4_m4_w10g4_d64_s2_q2_n3,13,21976,6.530350e+01,det_k8_l1_r1_c4_m3_w10g4_d32_s2_q2_n3,17,17914,6.709690e+01,det_k8_l16_r8_c32_m4_w10g4_d64_s2_q2_n3,592,163049,4.376100e+00
qpsk,64,8,5.000000e-01,220320,168912,1557,134640,26928,0,188,16,50,10,2,det_k8_l1_r1_c4_m4_w10g4_d64_s2_q2_n2,13,21976,4.423180e+01,det_k8_l1_r1_c4_m3_w10g4_d32_s2_q2_n2,17,17914,4.543410e+01,det_k8_l16_r8_c32_m4_w12g0_d64_s2_q2_n2,1216,133767,2.841200e+00
qpsk,64,8,1.000000e+00,220320,168912,1557,149328,31824,0,103,12,54,8,2,det_k8_l1_r1_c4_m4_w8g4_d64_s2_q2_n2,11,20060,4.224810e+01,det_k8_l1_r1_c4_m3_w8g4_d32_s2_q2_n2,15,16787,4.345040e+01,det_k8_l16_r8_c32_m4_w8g4_d64_s2_q2_n2,560,139659,2.815800e+00
qpsk,64,16,2.500000e-01,345600,262080,6759,129600,28800,0,149,13,52,10,4,det_k16_l1_r1_c4_m4_w10g4_d64_s2_q2_n4,13,34600,1.483570e+02,det_k16_l1_r1_c4_m3_w10g4_d32_s2_q2_n4,17,26781,1.531060e+02,det_k16_l16_r16_c16_m4_w10g4_d64_s2_q2_n4,592,168883,8.332200e+00
qpsk,64,16,5.000000e-01,345600,262080,6759,178560,31680,0,225,16,52,10,3,det_k16_l1_r1_c4_m4_w10g4_d64_s2_q2_n3,13,34600,1.123018e+02,det_k16_l1_r1_c4_m3_w10g4_d32_s2_q2_n3,17,26781,1.158685e+02,det_k16_l16_r16_c16_m4_w12g0_d64_s2_q2_n3,1216,141202,6.124100e+00
qpsk,64,16,1.000000e+00,345600,262080,6759,184320,31680,0,225,16,52,10,3,det_k16_l1_r1_c4_m4_w10g4_d64_s2_q2_n3,13,34600,1.123018e+02,det_k16_l1_r1_c4_m3_w10g4_d32_s2_q2_n3,17,26781,1.158685e+02,det_k16_l16_r16_c16_m4_w12g0_d64_s2_q2_n3,1216,141202,6.124100e+00
qpsk,128,4,2.500000e-01,110160,108324,27,55080,18360,0,224,12,65,10,2,det_k4_l1_r1_c4_m4_w10g4_d64_s2_q2_n2,13,16831,3.129640e+01,det_k4_l1_r1_c4_m3_w10g4_d32_s4_q2_n2,17,14495,3.190760e+01,det_k4_l16_r4_c32_m4_w10g4_d64_s2_q2_n2,336,123840,2.459500e+00
qpsk,128,4,5.000000e-01,110160,108324,27,66096,23868,0,292,15,72,8,2,det_k4_l1_r1_c4_m4_w8g8_d64_s2_q2_n2,11,15980,3.325960e+01,det_k4_l1_r1_c4_m3_w8g4_d32_s4_q2_n3,15,13739,4.434400e+01,det_k4_l16_r4_c32_m4_w10g4_d64_s2_q2_n2,336,123840,2.459500e+00
qpsk,128,4,1.000000e+00,110160,108324,27,99144,25704,0,223,13,54,8,1,det_k4_l1_r1_c4_m4_w8g4_d64_s2_q2_n2,11,15631,2.931280e+01,det_k4_l1_r1_c4_m3_w8g4_d32_s4_q2_n2,15,13739,2.992390e+01,det_k4_l16_r4_c32_m4_w10g0_d64_s2_q2_n1,336,120333,1.137000e+00
qpsk,128,8,2.500000e-01,220320,220320,1557,134640,26928,0,188,16,50,10,2,det_k8_l1_r1_c4_m4_w10g4_d64_s2_q2_n2,13,21976,4.423180e+01,det_k8_l1_r1_c4_m3_w10g4_d32_s2_q2_n2,17,17914,4.543410e+01,det_k8_l16_r8_c32_m4_w12g0_d64_s2_q2_n2,1216,133767,2.841200e+00
qpsk,128,8,5.000000e-01,220320,220320,1557,141984,31824,0,235,23,62,8,2,det_k8_l1_r1_c4_m4_w8g8_d64_s2_q2_n2,11,20409,4.619490e+01,det_k8_l1_r1_c4_m3_w8g4_d32_s2_q2_n4,15,16787,8.479330e+01,det_k8_l16_r8_c32_m4_w12g0_d64_s2_q2_n2,1216,133767,2.841200e+00
qpsk,128,8,1.000000e+00,220320,220320,1557,164016,34272,0,103,12,54,8,2,det_k8_l1_r1_c4_m4_w8g4_d64_s2_q2_n2,11,20060,4.224810e+01,det_k8_l1_r1_c4_m3_w8g4_d32_s2_q2_n2,15,16787,4.345040e+01,det_k8_l16_r8_c32_m4_w8g4_d64_s2_q2_n2,560,139659,2.815800e+00
qpsk,128,16,2.500000e-01,345600,285120,6759,181440,31680,0,156,13,53,10,3,det_k16_l1_r1_c4_m4_w10g4_d64_s2_q2_n3,13,34600,1.123018e+02,det_k16_l1_r1_c4_m3_w10g4_d32_s2_q2_n3,17,26781,1.158685e+02,det_k16_l16_r16_c16_m4_w10g4_d64_s2_q2_n3,592,168883,6.323300e+00
qpsk,128,16,5.000000e-01,345600,285120,6759,184320,31680,0,225,16,52,10,3,det_k16_l1_r1_c4_m4_w10g4_d64_s2_q2_n3,13,34600,1.123018e+02,det_k16_l1_r1_c4_m3_w10g4_d32_s2_q2_n3,17,26781,1.158685e+02,det_k16_l16_r16_c16_m4_w12g0_d64_s2_q2_n3,1216,141202,6.124100e+00
qpsk,128,16,1.000000e+00,345600,285120,6759,256320,40320,1026,206,22,46,8,2,det_k16_l1_r1_c4_m4_w8g4_d64_s2_q2_n2,11,31162,7.426280e+01,det_k16_l1_r1_c4_m3_w8g4_d32_s2_q2_n2,15,24883,7.664730e+01,det_k16_l16_r16_c16_m4_w10g0_d64_s2_q2_n2,592,165376,4.024100e+00
