# mimo_cg hw_builds: numpy=2.5.3, base_seed=20260930, tool=vitis_hls 2024.1, part=xczu48dr-ffvg1517-2-e, period_ns=4, roles=fit
build,top,role,K,L,R,C,cmul,W,g_s,mem_dw,sob_depth,cmd_depth,est_ns,lut,ff,dsp,bram,uram,integ_lut,integ_ff,integ_bram,bit_exact,csynth_s,xsi_s,error
vec_k8_l4_w12g8,vec,fit,8,4,8,4,4,12,8,64,2,2,3.352000e+00,30159,16167,48,20,0,2427,2309,20,1,3.600000e+01,2.440000e+01,
vec_k4_l4_w12g8,vec,fit,4,4,4,4,4,12,8,64,2,2,3.352000e+00,29697,15833,48,20,0,2427,2309,20,1,3.590000e+01,2.280000e+01,
vec_k16_l4_w12g8,vec,fit,16,4,16,4,4,12,8,64,2,2,3.352000e+00,30235,16064,48,44,0,2427,2309,20,1,3.590000e+01,2.640000e+01,
vec_k8_l1_w12g8,vec,fit,8,1,8,4,4,12,8,64,2,2,3.352000e+00,11663,8434,12,30,0,2427,2309,24,1,3.200000e+01,2.800000e+01,
vec_k8_l2_w12g8,vec,fit,8,2,8,4,4,12,8,64,2,2,3.352000e+00,14726,10458,24,28,0,2427,2309,16,1,3.290000e+01,2.190000e+01,
vec_k8_l8_w12g8,vec,fit,8,8,8,8,4,12,8,64,2,2,3.352000e+00,53976,23902,96,32,0,2427,2309,32,1,4.100000e+01,2.460000e+01,
vec_k8_l16_w12g8,vec,fit,8,16,8,16,4,12,8,64,2,2,3.352000e+00,105131,44442,192,52,0,2427,2309,52,1,6.740000e+01,2.430000e+01,
vec_k8_l4_w8g8,vec,fit,8,4,8,4,4,8,8,64,2,2,3.352000e+00,26797,13248,12,16,0,2427,2309,16,1,3.490000e+01,2.090000e+01,
vec_k8_l4_w10g8,vec,fit,8,4,8,4,4,10,8,64,2,2,3.352000e+00,29271,14493,20,20,0,2427,2309,20,1,3.890000e+01,1.910000e+01,
vec_k8_l4_w14g8,vec,fit,8,4,8,4,4,14,8,64,2,2,3.352000e+00,33206,16679,48,24,0,2427,2309,24,1,4.450000e+01,1.760000e+01,
vec_k8_l4_w16g8,vec,fit,8,4,8,4,4,16,8,64,2,2,3.352000e+00,35679,18411,48,48,0,2427,2309,24,1,4.310000e+01,1.680000e+01,
vec_k8_l4_w12g0,vec,fit,8,4,8,4,4,12,0,64,2,2,3.352000e+00,28053,14506,48,20,0,2427,2309,20,1,3.900000e+01,1.860000e+01,
vec_k8_l4_w12g4,vec,fit,8,4,8,4,4,12,4,64,2,2,3.352000e+00,29331,15398,48,20,0,2427,2309,20,1,4.130000e+01,2.040000e+01,
vec_k8_l1_w8g0,vec,fit,8,1,8,4,4,8,0,64,2,2,3.352000e+00,10839,7562,3,22,0,2427,2309,16,1,3.420000e+01,2.120000e+01,
vec_k8_l1_w8g8,vec,fit,8,1,8,4,4,8,8,64,2,2,3.352000e+00,11478,7993,3,22,0,2427,2309,16,1,3.860000e+01,1.810000e+01,
vec_k8_l1_w16g0,vec,fit,8,1,8,4,4,16,0,64,2,2,3.352000e+00,11147,8344,12,30,0,2427,2309,24,1,3.600000e+01,2.230000e+01,
vec_k8_l1_w16g8,vec,fit,8,1,8,4,4,16,8,64,2,2,3.352000e+00,11836,8867,12,30,0,2427,2309,24,1,3.320000e+01,1.960000e+01,
vec_k8_l16_w8g0,vec,fit,8,16,8,16,4,8,0,64,2,2,3.352000e+00,80718,28326,48,40,0,2427,2309,40,1,6.490000e+01,2.710000e+01,
vec_k8_l16_w8g8,vec,fit,8,16,8,16,4,8,8,64,2,2,3.352000e+00,87563,34577,48,40,0,2427,2309,40,1,7.200000e+01,2.640000e+01,
vec_k8_l16_w16g0,vec,fit,8,16,8,16,4,16,0,64,2,2,3.352000e+00,122587,53441,192,68,0,2427,2309,68,1,6.250000e+01,2.740000e+01,
vec_k8_l16_w16g8,vec,fit,8,16,8,16,4,16,8,64,2,2,3.352000e+00,129857,61134,192,68,0,2427,2309,68,1,7.250000e+01,2.950000e+01,
vec_k4_l1_w12g8,vec,fit,4,1,4,4,4,12,8,64,2,2,3.352000e+00,11584,8357,12,30,0,2427,2309,24,1,3.920000e+01,2.180000e+01,
vec_k4_l16_w12g8,vec,fit,4,16,4,16,4,12,8,64,2,2,3.352000e+00,104221,43871,192,52,0,2427,2309,52,1,6.660000e+01,2.970000e+01,
vec_k16_l1_w12g8,vec,fit,16,1,16,4,4,12,8,64,2,2,3.352000e+00,11714,8476,12,30,0,2427,2309,24,1,4.180000e+01,3.330000e+01,
vec_k16_l16_w12g8,vec,fit,16,16,16,16,4,12,8,64,2,2,3.352000e+00,105562,44302,192,52,0,2427,2309,52,1,7.320000e+01,2.910000e+01,
mm_k8_r4_c8_m4_w12_l4,mm,fit,8,4,4,8,4,12,8,64,2,2,3.352000e+00,28611,15271,128,20,0,2427,2309,20,1,3.280000e+01,1.490000e+01,
mm_k4_r4_c8_m4_w12_l4,mm,fit,4,4,4,8,4,12,8,64,2,2,3.352000e+00,22519,13814,128,14,0,2439,2405,14,1,4.190000e+01,1.520000e+01,
mm_k16_r4_c8_m4_w12_l4,mm,fit,16,4,4,8,4,12,8,64,2,2,3.352000e+00,43222,20875,128,25,0,2427,2309,25,1,4.190000e+01,2.870000e+01,
mm_k8_r1_c8_m4_w12_l4,mm,fit,8,4,1,8,4,12,8,64,2,2,3.352000e+00,24450,10563,32,20,0,2427,2309,20,1,3.510000e+01,1.420000e+01,
mm_k8_r2_c8_m4_w12_l4,mm,fit,8,4,2,8,4,12,8,64,2,2,3.352000e+00,26065,12118,64,20,0,2427,2309,20,1,4.400000e+01,1.420000e+01,
mm_k8_r8_c8_m4_w12_l4,mm,fit,8,4,8,8,4,12,8,64,2,2,3.352000e+00,33870,21587,256,20,0,2427,2309,20,1,4.060000e+01,2.100000e+01,
mm_k8_r4_c4_m4_w12_l4,mm,fit,8,4,4,4,4,12,8,64,2,2,3.352000e+00,25072,12069,64,20,0,2427,2309,20,1,3.700000e+01,1.630000e+01,
mm_k8_r4_c16_m4_w12_l4,mm,fit,8,4,4,16,4,12,8,64,2,2,3.352000e+00,33444,22575,256,20,0,2427,2309,20,1,4.820000e+01,1.910000e+01,
mm_k8_r4_c32_m4_w12_l4,mm,fit,8,4,4,32,4,12,8,64,2,2,3.352000e+00,44402,35382,512,20,0,2427,2309,20,1,7.560000e+01,2.060000e+01,
mm_k8_r4_c8_m3_w12_l4,mm,fit,8,4,4,8,3,12,8,64,2,2,3.392000e+00,28291,13533,96,20,0,2427,2309,20,1,4.280000e+01,1.500000e+01,
mm_k8_r4_c8_m4_w8_l4,mm,fit,8,4,4,8,4,8,8,64,2,2,3.352000e+00,25609,12072,64,16,0,2427,2309,16,1,3.630000e+01,1.780000e+01,
mm_k8_r4_c8_m4_w10_l4,mm,fit,8,4,4,8,4,10,8,64,2,2,3.352000e+00,29589,13565,64,19,0,2427,2309,19,1,4.150000e+01,1.470000e+01,
mm_k8_r4_c8_m4_w14_l4,mm,fit,8,4,4,8,4,14,8,64,2,2,3.352000e+00,31813,16487,128,23,0,2427,2309,23,1,4.010000e+01,1.520000e+01,
mm_k8_r4_c8_m4_w16_l4,mm,fit,8,4,4,8,4,16,8,64,2,2,3.352000e+00,34337,19323,128,24,0,2427,2309,24,1,3.680000e+01,1.400000e+01,
mm_k8_r4_c8_m4_w12_l1,mm,fit,8,1,4,8,4,12,8,64,2,2,3.352000e+00,22700,14699,128,22,0,2427,2309,22,1,3.740000e+01,1.460000e+01,
mm_k8_r4_c8_m4_w12_l8,mm,fit,8,8,4,8,4,12,8,64,2,2,3.352000e+00,34505,15115,128,26,0,2427,2309,26,1,3.650000e+01,1.440000e+01,
mm_k8_r1_c4_m4_w8_l4,mm,fit,8,4,1,4,4,8,8,64,2,2,3.352000e+00,19493,8655,8,16,0,2427,2309,16,1,3.350000e+01,1.540000e+01,
mm_k8_r1_c4_m4_w16_l4,mm,fit,8,4,1,4,4,16,8,64,2,2,3.352000e+00,28637,12271,16,32,0,2427,2309,24,1,3.280000e+01,1.430000e+01,
mm_k8_r8_c32_m4_w8_l4,mm,fit,8,4,8,32,4,8,8,64,2,2,3.352000e+00,72215,43679,512,16,0,2427,2309,16,1,1.704000e+02,2.880000e+01,
mm_k8_r8_c32_m4_w16_l4,mm,fit,8,4,8,32,4,16,8,64,2,2,3.352000e+00,72335,80569,1024,24,0,2427,2309,24,1,1.428000e+02,3.270000e+01,
mm_k16_r16_c16_m4_w8_l4,mm,fit,16,4,16,16,4,8,8,64,2,2,3.352000e+00,81958,48882,512,20,0,2427,2309,20,1,1.927000e+02,4.390000e+01,
mm_k16_r16_c16_m4_w16_l4,mm,fit,16,4,16,16,4,16,8,64,2,2,3.352000e+00,89214,91791,1024,31,0,2427,2309,31,1,1.634000e+02,4.270000e+01,
mm_k16_r1_c32_m4_w8_l4,mm,fit,16,4,1,32,4,8,8,64,2,2,3.352000e+00,38251,15559,64,20,0,2427,2309,20,1,4.340000e+01,2.710000e+01,
mm_k16_r1_c32_m4_w16_l4,mm,fit,16,4,1,32,4,16,8,64,2,2,3.352000e+00,54035,27957,128,31,0,2427,2309,31,1,5.680000e+01,2.660000e+01,
mm_k8_r4_c8_m3_w8_l4,mm,fit,8,4,4,8,3,8,8,64,2,2,3.392000e+00,23049,10918,96,16,0,2427,2309,16,1,4.120000e+01,1.470000e+01,
mm_k8_r4_c8_m3_w16_l4,mm,fit,8,4,4,8,3,16,8,64,2,2,3.392000e+00,34017,17008,96,24,0,2427,2309,24,1,4.530000e+01,1.490000e+01,
det_k4_l4_r4_c4_m4_w12g8_d64_s2_q2,det,fit,4,4,4,4,4,12,8,64,2,2,3.352000e+00,32991,19791,112,20,0,2573,2603,20,1,5.590000e+01,2.320000e+01,
det_k8_l4_r8_c4_m4_w12g8_d64_s2_q2,det,fit,8,4,8,4,4,12,8,64,2,2,3.352000e+00,41628,24399,176,26,0,2561,2507,26,1,4.900000e+01,2.510000e+01,
det_k16_l4_r16_c4_m4_w12g8_d64_s2_q2,det,fit,16,4,16,4,4,12,8,64,2,2,3.352000e+00,60770,36046,304,63,0,2561,2507,31,1,7.410000e+01,2.970000e+01,
det_k4_l1_r4_c4_m4_w12g8_d64_s2_q2,det,fit,4,1,4,4,4,12,8,64,2,2,3.352000e+00,18839,13097,76,24,0,2573,2603,18,1,4.240000e+01,2.020000e+01,
det_k4_l2_r4_c4_m4_w12g8_d64_s2_q2,det,fit,4,2,4,4,4,12,8,64,2,2,3.352000e+00,22573,15232,88,16,0,2573,2603,16,1,4.380000e+01,1.940000e+01,
det_k4_l8_r4_c8_m4_w12g8_d64_s2_q2,det,fit,4,8,4,8,4,12,8,64,2,2,3.352000e+00,54548,31256,224,32,0,2573,2603,32,1,6.370000e+01,2.540000e+01,
det_k4_l16_r4_c16_m4_w12g8_d64_s2_q2,det,fit,4,16,4,16,4,12,8,64,2,2,3.352000e+00,99631,57112,448,52,0,2573,2603,52,1,8.970000e+01,3.290000e+01,
det_k4_l4_r4_c4_m4_w8g8_d64_s2_q2,det,fit,4,4,4,4,4,8,8,64,2,2,3.352000e+00,30931,15785,44,16,0,2569,2571,16,1,4.980000e+01,2.450000e+01,
det_k4_l4_r4_c4_m4_w16g8_d64_s2_q2,det,fit,4,4,4,4,4,16,8,64,2,2,3.352000e+00,38693,23515,112,28,0,2561,2507,28,1,4.960000e+01,2.080000e+01,
det_k4_l4_r4_c4_m4_w12g8_d32_s2_q2,det,fit,4,4,4,4,4,12,8,32,2,2,3.352000e+00,28841,18259,112,16,0,2201,2495,16,1,4.400000e+01,2.540000e+01,
det_k4_l4_r4_c4_m4_w12g8_d64_s3_q2,det,fit,4,4,4,4,4,12,8,64,3,2,3.352000e+00,32979,19695,112,23,0,2561,2507,23,1,4.070000e+01,2.060000e+01,
det_k4_l4_r4_c4_m4_w12g8_d64_s4_q2,det,fit,4,4,4,4,4,12,8,64,4,2,3.352000e+00,32979,19695,112,23,0,2561,2507,23,1,4.500000e+01,2.580000e+01,
det_k4_l4_r4_c4_m4_w12g8_d64_s2_q4,det,fit,4,4,4,4,4,12,8,64,2,4,3.352000e+00,32991,19791,112,20,0,2573,2603,20,1,4.840000e+01,2.010000e+01,
det_k4_l4_r4_c4_m4_w12g8_d64_s2_q8,det,fit,4,4,4,4,4,12,8,64,2,8,3.352000e+00,32989,19791,112,20,0,2571,2603,20,1,4.020000e+01,2.240000e+01,
det_k16_l16_r4_c16_m3_w16g8_d32_s4_q8,det,fit,16,16,4,16,3,16,8,32,4,8,3.392000e+00,117101,76114,384,79,0,2187,2399,79,1,7.180000e+01,4.010000e+01,
det_k16_l1_r1_c4_m4_w8g0_d32_s3_q4,det,fit,16,1,1,4,4,8,0,32,3,4,3.352000e+00,24492,12367,11,34,0,2189,2399,20,1,4.020000e+01,3.760000e+01,
