# mimo_cg hw_cycles: numpy=2.5.3, base_seed=20260930, tool=vitis_hls 2024.1, part=xczu48dr-ffvg1517-2-e, period_ns=4, roles=fit+fit2+holdout+supplement
build,top,role,quantity,cycles,nit,n,stalled,wait_n,wait_min,wait_max,b2b_n,b2b_min,b2b_max
vec_k8_l4_w12g8,vec,fit,job_interval,2366,2,,,,,,,,
vec_k8_l4_w12g8,vec,fit,job_interval,3480,3,,,,,,,,
vec_k8_l4_w12g8,vec,fit,job_interval,9050,8,,,,,,,,
vec_k8_l4_w12g8,vec,fit,job_interval,1252,1,,,,,,,,
vec_k8_l4_w12g8,vec,fit,job_interval,2366,2,,,,,,,,
vec_k8_l4_w12g8,vec,fit,first_done,1.610000e+03,,,,,,,,,
vec_k8_l4_w12g8,vec,fit,t0,1.380000e+02,,,,,,,,,
vec_k8_l4_w12g8,vec,fit,t_iter,1.114000e+03,,,,,,,,,
vec_k8_l4_w12g8,vec,fit,max_resid,0.000000e+00,,,,,,,,,
vec_k8_l4_w12g8,vec,fit,vec.init,138,,6,0,1,138,138,5,139,139
vec_k8_l4_w12g8,vec,fit,vec.iter,1113,,11,0,0,,,11,1113,1114
vec_k8_l4_w12g8,vec,fit,vec.last,1113,,6,0,1,1113,1113,5,1113,1114
vec_k4_l4_w12g8,vec,fit,job_interval,2046,2,,,,,,,,
vec_k4_l4_w12g8,vec,fit,job_interval,3032,3,,,,,,,,
vec_k4_l4_w12g8,vec,fit,job_interval,4018,4,,,,,,,,
vec_k4_l4_w12g8,vec,fit,job_interval,1060,1,,,,,,,,
vec_k4_l4_w12g8,vec,fit,job_interval,2046,2,,,,,,,,
vec_k4_l4_w12g8,vec,fit,first_done,1.270000e+03,,,,,,,,,
vec_k4_l4_w12g8,vec,fit,t0,7.400000e+01,,,,,,,,,
vec_k4_l4_w12g8,vec,fit,t_iter,9.860000e+02,,,,,,,,,
vec_k4_l4_w12g8,vec,fit,max_resid,0.000000e+00,,,,,,,,,
vec_k4_l4_w12g8,vec,fit,vec.init,74,,6,0,1,74,74,5,75,75
vec_k4_l4_w12g8,vec,fit,vec.iter,985,,7,0,0,,,7,985,986
vec_k4_l4_w12g8,vec,fit,vec.last,985,,6,0,1,985,985,5,985,986
vec_k16_l4_w12g8,vec,fit,job_interval,3022,2,,,,,,,,
vec_k16_l4_w12g8,vec,fit,job_interval,4400,3,,,,,,,,
vec_k16_l4_w12g8,vec,fit,job_interval,22314,16,,,,,,,,
vec_k16_l4_w12g8,vec,fit,job_interval,1644,1,,,,,,,,
vec_k16_l4_w12g8,vec,fit,job_interval,3022,2,,,,,,,,
vec_k16_l4_w12g8,vec,fit,first_done,2.298000e+03,,,,,,,,,
vec_k16_l4_w12g8,vec,fit,t0,2.660000e+02,,,,,,,,,
vec_k16_l4_w12g8,vec,fit,t_iter,1.378000e+03,,,,,,,,,
vec_k16_l4_w12g8,vec,fit,max_resid,0.000000e+00,,,,,,,,,
vec_k16_l4_w12g8,vec,fit,vec.init,266,,6,0,1,266,266,5,267,267
vec_k16_l4_w12g8,vec,fit,vec.iter,1377,,19,0,0,,,19,1377,1378
vec_k16_l4_w12g8,vec,fit,vec.last,1377,,6,0,1,1377,1377,5,1377,1378
vec_k8_l1_w12g8,vec,fit,job_interval,9198,2,,,,,,,,
vec_k8_l1_w12g8,vec,fit,job_interval,13536,3,,,,,,,,
vec_k8_l1_w12g8,vec,fit,job_interval,35226,8,,,,,,,,
vec_k8_l1_w12g8,vec,fit,job_interval,4860,1,,,,,,,,
vec_k8_l1_w12g8,vec,fit,job_interval,9198,2,,,,,,,,
vec_k8_l1_w12g8,vec,fit,first_done,5.204000e+03,,,,,,,,,
vec_k8_l1_w12g8,vec,fit,t0,5.220000e+02,,,,,,,,,
vec_k8_l1_w12g8,vec,fit,t_iter,4.338000e+03,,,,,,,,,
vec_k8_l1_w12g8,vec,fit,max_resid,0.000000e+00,,,,,,,,,
vec_k8_l1_w12g8,vec,fit,vec.init,522,,6,0,1,522,522,5,523,523
vec_k8_l1_w12g8,vec,fit,vec.iter,4337,,11,0,0,,,11,4337,4338
vec_k8_l1_w12g8,vec,fit,vec.last,4337,,6,0,0,,,6,4337,4338
vec_k8_l2_w12g8,vec,fit,job_interval,4654,2,,,,,,,,
vec_k8_l2_w12g8,vec,fit,job_interval,6848,3,,,,,,,,
vec_k8_l2_w12g8,vec,fit,job_interval,17818,8,,,,,,,,
vec_k8_l2_w12g8,vec,fit,job_interval,2460,1,,,,,,,,
vec_k8_l2_w12g8,vec,fit,job_interval,4654,2,,,,,,,,
vec_k8_l2_w12g8,vec,fit,first_done,2.804000e+03,,,,,,,,,
vec_k8_l2_w12g8,vec,fit,t0,2.660000e+02,,,,,,,,,
vec_k8_l2_w12g8,vec,fit,t_iter,2.194000e+03,,,,,,,,,
vec_k8_l2_w12g8,vec,fit,max_resid,0.000000e+00,,,,,,,,,
vec_k8_l2_w12g8,vec,fit,vec.init,266,,6,0,1,266,266,5,267,267
vec_k8_l2_w12g8,vec,fit,vec.iter,2193,,11,0,0,,,11,2193,2194
vec_k8_l2_w12g8,vec,fit,vec.last,2193,,6,0,0,,,6,2193,2194
vec_k8_l8_w12g8,vec,fit,job_interval,1238,2,,,,,,,,
vec_k8_l8_w12g8,vec,fit,job_interval,1820,3,,,,,,,,
vec_k8_l8_w12g8,vec,fit,job_interval,4730,8,,,,,,,,
vec_k8_l8_w12g8,vec,fit,job_interval,656,1,,,,,,,,
vec_k8_l8_w12g8,vec,fit,job_interval,1238,2,,,,,,,,
vec_k8_l8_w12g8,vec,fit,first_done,1.078000e+03,,,,,,,,,
vec_k8_l8_w12g8,vec,fit,t0,7.400000e+01,,,,,,,,,
vec_k8_l8_w12g8,vec,fit,t_iter,5.820000e+02,,,,,,,,,
vec_k8_l8_w12g8,vec,fit,max_resid,0.000000e+00,,,,,,,,,
vec_k8_l8_w12g8,vec,fit,vec.init,74,,6,0,1,74,74,5,75,75
vec_k8_l8_w12g8,vec,fit,vec.iter,581,,11,0,0,,,11,581,582
vec_k8_l8_w12g8,vec,fit,vec.last,581,,6,0,1,581,581,5,581,582
vec_k8_l16_w12g8,vec,fit,job_interval,674,2,,,,,,,,
vec_k8_l16_w12g8,vec,fit,job_interval,990,3,,,,,,,,
vec_k8_l16_w12g8,vec,fit,job_interval,2570,8,,,,,,,,
vec_k8_l16_w12g8,vec,fit,job_interval,377,1,,,,,,,,
vec_k8_l16_w12g8,vec,fit,job_interval,655,2,,,,,,,,
vec_k8_l16_w12g8,vec,fit,first_done,8.120000e+02,,,,,,,,,
vec_k8_l16_w12g8,vec,fit,t0,4.397403e+01,,,,,,,,,
vec_k8_l16_w12g8,vec,fit,t_iter,3.153831e+02,,,,,,,,,
vec_k8_l16_w12g8,vec,fit,max_resid,1.974026e+01,,,,,,,,,
vec_k8_l16_w12g8,vec,fit,vec.init,42,,6,0,1,42,42,5,43,43
vec_k8_l16_w12g8,vec,fit,vec.iter,315,,11,0,0,,,11,315,316
vec_k8_l16_w12g8,vec,fit,vec.last,315,,6,0,1,315,315,5,315,316
vec_k8_l4_w8g8,vec,fit,job_interval,2094,2,,,,,,,,
vec_k8_l4_w8g8,vec,fit,job_interval,3073,3,,,,,,,,
vec_k8_l4_w8g8,vec,fit,job_interval,7968,8,,,,,,,,
vec_k8_l4_w8g8,vec,fit,job_interval,1115,1,,,,,,,,
vec_k8_l4_w8g8,vec,fit,job_interval,2094,2,,,,,,,,
vec_k8_l4_w8g8,vec,fit,first_done,1.475000e+03,,,,,,,,,
vec_k8_l4_w8g8,vec,fit,t0,1.360000e+02,,,,,,,,,
vec_k8_l4_w8g8,vec,fit,t_iter,9.790000e+02,,,,,,,,,
vec_k8_l4_w8g8,vec,fit,max_resid,0.000000e+00,,,,,,,,,
vec_k8_l4_w8g8,vec,fit,vec.init,136,,6,0,1,136,136,5,137,137
vec_k8_l4_w8g8,vec,fit,vec.iter,978,,11,0,0,,,11,978,979
vec_k8_l4_w8g8,vec,fit,vec.last,978,,6,0,1,978,978,5,978,979
vec_k8_l4_w10g8,vec,fit,job_interval,2230,2,,,,,,,,
vec_k8_l4_w10g8,vec,fit,job_interval,3276,3,,,,,,,,
vec_k8_l4_w10g8,vec,fit,job_interval,8506,8,,,,,,,,
vec_k8_l4_w10g8,vec,fit,job_interval,1184,1,,,,,,,,
vec_k8_l4_w10g8,vec,fit,job_interval,2230,2,,,,,,,,
vec_k8_l4_w10g8,vec,fit,first_done,1.542000e+03,,,,,,,,,
vec_k8_l4_w10g8,vec,fit,t0,1.380000e+02,,,,,,,,,
vec_k8_l4_w10g8,vec,fit,t_iter,1.046000e+03,,,,,,,,,
vec_k8_l4_w10g8,vec,fit,max_resid,0.000000e+00,,,,,,,,,
vec_k8_l4_w10g8,vec,fit,vec.init,138,,6,0,1,138,138,5,139,139
vec_k8_l4_w10g8,vec,fit,vec.iter,1045,,11,0,0,,,11,1045,1046
vec_k8_l4_w10g8,vec,fit,vec.last,1045,,6,0,1,1045,1045,5,1045,1046
vec_k8_l4_w14g8,vec,fit,job_interval,2518,2,,,,,,,,
vec_k8_l4_w14g8,vec,fit,job_interval,3708,3,,,,,,,,
vec_k8_l4_w14g8,vec,fit,job_interval,9658,8,,,,,,,,
vec_k8_l4_w14g8,vec,fit,job_interval,1328,1,,,,,,,,
vec_k8_l4_w14g8,vec,fit,job_interval,2518,2,,,,,,,,
vec_k8_l4_w14g8,vec,fit,first_done,1.686000e+03,,,,,,,,,
vec_k8_l4_w14g8,vec,fit,t0,1.380000e+02,,,,,,,,,
vec_k8_l4_w14g8,vec,fit,t_iter,1.190000e+03,,,,,,,,,
vec_k8_l4_w14g8,vec,fit,max_resid,0.000000e+00,,,,,,,,,
vec_k8_l4_w14g8,vec,fit,vec.init,138,,6,0,1,138,138,5,139,139
vec_k8_l4_w14g8,vec,fit,vec.iter,1189,,11,0,0,,,11,1189,1190
vec_k8_l4_w14g8,vec,fit,vec.last,1189,,6,0,1,1189,1189,5,1189,1190
vec_k8_l4_w16g8,vec,fit,job_interval,2621,2,,,,,,,,
vec_k8_l4_w16g8,vec,fit,job_interval,3863,3,,,,,,,,
vec_k8_l4_w16g8,vec,fit,job_interval,10073,8,,,,,,,,
vec_k8_l4_w16g8,vec,fit,job_interval,1379,1,,,,,,,,
vec_k8_l4_w16g8,vec,fit,job_interval,2621,2,,,,,,,,
vec_k8_l4_w16g8,vec,fit,first_done,1.737000e+03,,,,,,,,,
vec_k8_l4_w16g8,vec,fit,t0,1.370000e+02,,,,,,,,,
vec_k8_l4_w16g8,vec,fit,t_iter,1.242000e+03,,,,,,,,,
vec_k8_l4_w16g8,vec,fit,max_resid,0.000000e+00,,,,,,,,,
vec_k8_l4_w16g8,vec,fit,vec.init,137,,6,0,1,137,137,5,138,138
vec_k8_l4_w16g8,vec,fit,vec.iter,1241,,11,0,0,,,11,1241,1242
vec_k8_l4_w16g8,vec,fit,vec.last,1241,,6,0,1,1241,1241,5,1241,1242
vec_k8_l4_w12g0,vec,fit,job_interval,1856,2,,,,,,,,
vec_k8_l4_w12g0,vec,fit,job_interval,2715,3,,,,,,,,
vec_k8_l4_w12g0,vec,fit,job_interval,7010,8,,,,,,,,
vec_k8_l4_w12g0,vec,fit,job_interval,997,1,,,,,,,,
vec_k8_l4_w12g0,vec,fit,job_interval,1856,2,,,,,,,,
vec_k8_l4_w12g0,vec,fit,first_done,1.355000e+03,,,,,,,,,
vec_k8_l4_w12g0,vec,fit,t0,1.380000e+02,,,,,,,,,
vec_k8_l4_w12g0,vec,fit,t_iter,8.590000e+02,,,,,,,,,
vec_k8_l4_w12g0,vec,fit,max_resid,0.000000e+00,,,,,,,,,
vec_k8_l4_w12g0,vec,fit,vec.init,138,,6,0,1,138,138,5,139,139
vec_k8_l4_w12g0,vec,fit,vec.iter,858,,11,0,0,,,11,858,859
vec_k8_l4_w12g0,vec,fit,vec.last,858,,6,0,1,858,858,5,858,859
vec_k8_l4_w12g4,vec,fit,job_interval,2128,2,,,,,,,,
vec_k8_l4_w12g4,vec,fit,job_interval,3123,3,,,,,,,,
vec_k8_l4_w12g4,vec,fit,job_interval,8098,8,,,,,,,,
vec_k8_l4_w12g4,vec,fit,job_interval,1133,1,,,,,,,,
vec_k8_l4_w12g4,vec,fit,job_interval,2128,2,,,,,,,,
vec_k8_l4_w12g4,vec,fit,first_done,1.491000e+03,,,,,,,,,
vec_k8_l4_w12g4,vec,fit,t0,1.380000e+02,,,,,,,,,
vec_k8_l4_w12g4,vec,fit,t_iter,9.950000e+02,,,,,,,,,
vec_k8_l4_w12g4,vec,fit,max_resid,0.000000e+00,,,,,,,,,
vec_k8_l4_w12g4,vec,fit,vec.init,138,,6,0,1,138,138,5,139,139
vec_k8_l4_w12g4,vec,fit,vec.iter,994,,11,0,0,,,11,994,995
vec_k8_l4_w12g4,vec,fit,vec.last,994,,6,0,1,994,994,5,994,995
vec_k8_l1_w8g0,vec,fit,job_interval,6210,2,,,,,,,,
vec_k8_l1_w8g0,vec,fit,job_interval,9055,3,,,,,,,,
vec_k8_l1_w8g0,vec,fit,job_interval,23280,8,,,,,,,,
vec_k8_l1_w8g0,vec,fit,job_interval,3365,1,,,,,,,,
vec_k8_l1_w8g0,vec,fit,job_interval,6210,2,,,,,,,,
vec_k8_l1_w8g0,vec,fit,first_done,3.709000e+03,,,,,,,,,
vec_k8_l1_w8g0,vec,fit,t0,5.200000e+02,,,,,,,,,
vec_k8_l1_w8g0,vec,fit,t_iter,2.845000e+03,,,,,,,,,
vec_k8_l1_w8g0,vec,fit,max_resid,0.000000e+00,,,,,,,,,
vec_k8_l1_w8g0,vec,fit,vec.init,520,,6,0,1,520,520,5,521,521
vec_k8_l1_w8g0,vec,fit,vec.iter,2844,,11,0,0,,,11,2844,2845
vec_k8_l1_w8g0,vec,fit,vec.last,2844,,6,0,0,,,6,2844,2845
vec_k8_l1_w8g8,vec,fit,job_interval,8094,2,,,,,,,,
vec_k8_l1_w8g8,vec,fit,job_interval,11881,3,,,,,,,,
vec_k8_l1_w8g8,vec,fit,job_interval,30816,8,,,,,,,,
vec_k8_l1_w8g8,vec,fit,job_interval,4307,1,,,,,,,,
vec_k8_l1_w8g8,vec,fit,job_interval,8094,2,,,,,,,,
vec_k8_l1_w8g8,vec,fit,first_done,4.651000e+03,,,,,,,,,
vec_k8_l1_w8g8,vec,fit,t0,5.200000e+02,,,,,,,,,
vec_k8_l1_w8g8,vec,fit,t_iter,3.787000e+03,,,,,,,,,
vec_k8_l1_w8g8,vec,fit,max_resid,0.000000e+00,,,,,,,,,
vec_k8_l1_w8g8,vec,fit,vec.init,520,,6,0,1,520,520,5,521,521
vec_k8_l1_w8g8,vec,fit,vec.iter,3786,,11,0,0,,,11,3786,3787
vec_k8_l1_w8g8,vec,fit,vec.last,3786,,6,0,0,,,6,3786,3787
vec_k8_l1_w16g0,vec,fit,job_interval,8159,2,,,,,,,,
vec_k8_l1_w16g0,vec,fit,job_interval,11978,3,,,,,,,,
vec_k8_l1_w16g0,vec,fit,job_interval,31073,8,,,,,,,,
vec_k8_l1_w16g0,vec,fit,job_interval,4340,1,,,,,,,,
vec_k8_l1_w16g0,vec,fit,job_interval,8159,2,,,,,,,,
vec_k8_l1_w16g0,vec,fit,first_done,4.683000e+03,,,,,,,,,
vec_k8_l1_w16g0,vec,fit,t0,5.210000e+02,,,,,,,,,
vec_k8_l1_w16g0,vec,fit,t_iter,3.819000e+03,,,,,,,,,
vec_k8_l1_w16g0,vec,fit,max_resid,0.000000e+00,,,,,,,,,
vec_k8_l1_w16g0,vec,fit,vec.init,521,,6,0,1,521,521,5,522,522
vec_k8_l1_w16g0,vec,fit,vec.iter,3818,,11,0,0,,,11,3818,3819
vec_k8_l1_w16g0,vec,fit,vec.last,3818,,6,0,0,,,6,3818,3819
vec_k8_l1_w16g8,vec,fit,job_interval,10109,2,,,,,,,,
vec_k8_l1_w16g8,vec,fit,job_interval,14903,3,,,,,,,,
vec_k8_l1_w16g8,vec,fit,job_interval,38873,8,,,,,,,,
vec_k8_l1_w16g8,vec,fit,job_interval,5315,1,,,,,,,,
vec_k8_l1_w16g8,vec,fit,job_interval,10109,2,,,,,,,,
vec_k8_l1_w16g8,vec,fit,first_done,5.658000e+03,,,,,,,,,
vec_k8_l1_w16g8,vec,fit,t0,5.210000e+02,,,,,,,,,
vec_k8_l1_w16g8,vec,fit,t_iter,4.794000e+03,,,,,,,,,
vec_k8_l1_w16g8,vec,fit,max_resid,0.000000e+00,,,,,,,,,
vec_k8_l1_w16g8,vec,fit,vec.init,521,,6,0,1,521,521,5,522,522
vec_k8_l1_w16g8,vec,fit,vec.iter,4793,,11,0,0,,,11,4793,4794
vec_k8_l1_w16g8,vec,fit,vec.last,4793,,6,0,0,,,6,4793,4794
vec_k8_l16_w8g0,vec,fit,job_interval,564,2,,,,,,,,
vec_k8_l16_w8g0,vec,fit,job_interval,751,3,,,,,,,,
vec_k8_l16_w8g0,vec,fit,job_interval,1765,8,,,,,,,,
vec_k8_l16_w8g0,vec,fit,job_interval,377,1,,,,,,,,
vec_k8_l16_w8g0,vec,fit,job_interval,564,2,,,,,,,,
vec_k8_l16_w8g0,vec,fit,first_done,7.010000e+02,,,,,,,,,
vec_k8_l16_w8g0,vec,fit,t0,1.664026e+02,,,,,,,,,
vec_k8_l16_w8g0,vec,fit,t_iter,1.993117e+02,,,,,,,,,
vec_k8_l16_w8g0,vec,fit,max_resid,1.333766e+01,,,,,,,,,
vec_k8_l16_w8g0,vec,fit,vec.init,40,,6,1,1,40,40,4,41,41
vec_k8_l16_w8g0,vec,fit,vec.iter,205,,11,4,0,,,7,205,205
vec_k8_l16_w8g0,vec,fit,vec.last,204,,6,0,2,204,204,4,205,205
vec_k8_l16_w8g8,vec,fit,job_interval,607,2,,,,,,,,
vec_k8_l16_w8g8,vec,fit,job_interval,884,3,,,,,,,,
vec_k8_l16_w8g8,vec,fit,job_interval,2269,8,,,,,,,,
vec_k8_l16_w8g8,vec,fit,job_interval,377,1,,,,,,,,
vec_k8_l16_w8g8,vec,fit,job_interval,607,2,,,,,,,,
vec_k8_l16_w8g8,vec,fit,first_done,7.730000e+02,,,,,,,,,
vec_k8_l16_w8g8,vec,fit,t0,7.314286e+01,,,,,,,,,
vec_k8_l16_w8g8,vec,fit,t_iter,2.736429e+02,,,,,,,,,
vec_k8_l16_w8g8,vec,fit,max_resid,3.021429e+01,,,,,,,,,
vec_k8_l16_w8g8,vec,fit,vec.init,40,,6,0,1,40,40,5,41,41
vec_k8_l16_w8g8,vec,fit,vec.iter,277,,11,4,0,,,7,277,277
vec_k8_l16_w8g8,vec,fit,vec.last,276,,6,0,1,276,276,5,276,277
vec_k8_l16_w16g0,vec,fit,job_interval,609,2,,,,,,,,
vec_k8_l16_w16g0,vec,fit,job_interval,888,3,,,,,,,,
vec_k8_l16_w16g0,vec,fit,job_interval,2283,8,,,,,,,,
vec_k8_l16_w16g0,vec,fit,job_interval,377,1,,,,,,,,
vec_k8_l16_w16g0,vec,fit,job_interval,609,2,,,,,,,,
vec_k8_l16_w16g0,vec,fit,first_done,7.740000e+02,,,,,,,,,
vec_k8_l16_w16g0,vec,fit,t0,7.114286e+01,,,,,,,,,
vec_k8_l16_w16g0,vec,fit,t_iter,2.756429e+02,,,,,,,,,
vec_k8_l16_w16g0,vec,fit,max_resid,3.021429e+01,,,,,,,,,
vec_k8_l16_w16g0,vec,fit,vec.init,41,,6,0,1,41,41,5,42,42
vec_k8_l16_w16g0,vec,fit,vec.iter,279,,11,4,0,,,7,279,279
vec_k8_l16_w16g0,vec,fit,vec.last,278,,6,0,1,278,278,5,278,279
vec_k8_l16_w16g8,vec,fit,job_interval,749,2,,,,,,,,
vec_k8_l16_w16g8,vec,fit,job_interval,1103,3,,,,,,,,
vec_k8_l16_w16g8,vec,fit,job_interval,2873,8,,,,,,,,
vec_k8_l16_w16g8,vec,fit,job_interval,395,1,,,,,,,,
vec_k8_l16_w16g8,vec,fit,job_interval,749,2,,,,,,,,
vec_k8_l16_w16g8,vec,fit,first_done,8.490000e+02,,,,,,,,,
vec_k8_l16_w16g8,vec,fit,t0,4.100000e+01,,,,,,,,,
vec_k8_l16_w16g8,vec,fit,t_iter,3.540000e+02,,,,,,,,,
vec_k8_l16_w16g8,vec,fit,max_resid,0.000000e+00,,,,,,,,,
vec_k8_l16_w16g8,vec,fit,vec.init,41,,6,0,1,41,41,5,42,42
vec_k8_l16_w16g8,vec,fit,vec.iter,353,,11,0,0,,,11,353,354
vec_k8_l16_w16g8,vec,fit,vec.last,353,,6,0,1,353,353,5,353,354
vec_k4_l1_w12g8,vec,fit,job_interval,7918,2,,,,,,,,
vec_k4_l1_w12g8,vec,fit,job_interval,11744,3,,,,,,,,
vec_k4_l1_w12g8,vec,fit,job_interval,15570,4,,,,,,,,
vec_k4_l1_w12g8,vec,fit,job_interval,4092,1,,,,,,,,
vec_k4_l1_w12g8,vec,fit,job_interval,7918,2,,,,,,,,
vec_k4_l1_w12g8,vec,fit,first_done,4.292000e+03,,,,,,,,,
vec_k4_l1_w12g8,vec,fit,t0,2.660000e+02,,,,,,,,,
vec_k4_l1_w12g8,vec,fit,t_iter,3.826000e+03,,,,,,,,,
vec_k4_l1_w12g8,vec,fit,max_resid,0.000000e+00,,,,,,,,,
vec_k4_l1_w12g8,vec,fit,vec.init,266,,6,0,1,266,266,5,267,267
vec_k4_l1_w12g8,vec,fit,vec.iter,3825,,7,0,0,,,7,3825,3826
vec_k4_l1_w12g8,vec,fit,vec.last,3825,,6,0,0,,,6,3825,3826
vec_k4_l16_w12g8,vec,fit,job_interval,594,2,,,,,,,,
vec_k4_l16_w12g8,vec,fit,job_interval,878,3,,,,,,,,
vec_k4_l16_w12g8,vec,fit,job_interval,1162,4,,,,,,,,
vec_k4_l16_w12g8,vec,fit,job_interval,310,1,,,,,,,,
vec_k4_l16_w12g8,vec,fit,job_interval,594,2,,,,,,,,
vec_k4_l16_w12g8,vec,fit,first_done,5.680000e+02,,,,,,,,,
vec_k4_l16_w12g8,vec,fit,t0,2.600000e+01,,,,,,,,,
vec_k4_l16_w12g8,vec,fit,t_iter,2.840000e+02,,,,,,,,,
vec_k4_l16_w12g8,vec,fit,max_resid,0.000000e+00,,,,,,,,,
vec_k4_l16_w12g8,vec,fit,vec.init,26,,6,0,1,26,26,5,27,27
vec_k4_l16_w12g8,vec,fit,vec.iter,283,,7,0,0,,,7,283,284
vec_k4_l16_w12g8,vec,fit,vec.last,283,,6,0,1,283,283,5,283,284
vec_k16_l1_w12g8,vec,fit,job_interval,11758,2,,,,,,,,
vec_k16_l1_w12g8,vec,fit,job_interval,17120,3,,,,,,,,
vec_k16_l1_w12g8,vec,fit,job_interval,86826,16,,,,,,,,
vec_k16_l1_w12g8,vec,fit,job_interval,6396,1,,,,,,,,
vec_k16_l1_w12g8,vec,fit,job_interval,11758,2,,,,,,,,
vec_k16_l1_w12g8,vec,fit,first_done,7.028000e+03,,,,,,,,,
vec_k16_l1_w12g8,vec,fit,t0,1.034000e+03,,,,,,,,,
vec_k16_l1_w12g8,vec,fit,t_iter,5.362000e+03,,,,,,,,,
vec_k16_l1_w12g8,vec,fit,max_resid,0.000000e+00,,,,,,,,,
vec_k16_l1_w12g8,vec,fit,vec.init,1034,,6,0,1,1034,1034,5,1035,1035
vec_k16_l1_w12g8,vec,fit,vec.iter,5361,,19,0,0,,,19,5361,5362
vec_k16_l1_w12g8,vec,fit,vec.last,5361,,6,0,0,,,6,5361,5362
vec_k16_l16_w12g8,vec,fit,job_interval,1020,2,,,,,,,,
vec_k16_l16_w12g8,vec,fit,job_interval,1394,3,,,,,,,,
vec_k16_l16_w12g8,vec,fit,job_interval,6334,16,,,,,,,,
vec_k16_l16_w12g8,vec,fit,job_interval,681,1,,,,,,,,
vec_k16_l16_w12g8,vec,fit,job_interval,1020,2,,,,,,,,
vec_k16_l16_w12g8,vec,fit,first_done,1.300000e+03,,,,,,,,,
vec_k16_l16_w12g8,vec,fit,t0,2.722141e+02,,,,,,,,,
vec_k16_l16_w12g8,vec,fit,t_iter,3.786637e+02,,,,,,,,,
vec_k16_l16_w12g8,vec,fit,max_resid,3.012217e+01,,,,,,,,,
vec_k16_l16_w12g8,vec,fit,vec.init,74,,6,1,1,74,74,4,75,75
vec_k16_l16_w12g8,vec,fit,vec.iter,380,,19,4,0,,,15,380,380
vec_k16_l16_w12g8,vec,fit,vec.last,379,,6,0,2,379,379,4,380,380
mm_k8_r4_c8_m4_w12_l4,mm,fit,job_interval,712,2,,,,,,,,
mm_k8_r4_c8_m4_w12_l4,mm,fit,job_interval,1061,3,,,,,,,,
mm_k8_r4_c8_m4_w12_l4,mm,fit,job_interval,2806,8,,,,,,,,
mm_k8_r4_c8_m4_w12_l4,mm,fit,job_interval,363,1,,,,,,,,
mm_k8_r4_c8_m4_w12_l4,mm,fit,job_interval,712,2,,,,,,,,
mm_k8_r4_c8_m4_w12_l4,mm,fit,first_done,7.630000e+02,,,,,,,,,
mm_k8_r4_c8_m4_w12_l4,mm,fit,t0,1.400000e+01,,,,,,,,,
mm_k8_r4_c8_m4_w12_l4,mm,fit,t_iter,3.490000e+02,,,,,,,,,
mm_k8_r4_c8_m4_w12_l4,mm,fit,max_resid,0.000000e+00,,,,,,,,,
mm_k8_r4_c8_m4_w12_l4,mm,fit,mm.iter,349,,17,0,1,349,349,16,349,352
mm_k4_r4_c8_m4_w12_l4,mm,fit,job_interval,328,2,,,,,,,,
mm_k4_r4_c8_m4_w12_l4,mm,fit,job_interval,488,3,,,,,,,,
mm_k4_r4_c8_m4_w12_l4,mm,fit,job_interval,648,4,,,,,,,,
mm_k4_r4_c8_m4_w12_l4,mm,fit,job_interval,168,1,,,,,,,,
mm_k4_r4_c8_m4_w12_l4,mm,fit,job_interval,328,2,,,,,,,,
mm_k4_r4_c8_m4_w12_l4,mm,fit,first_done,4.050000e+02,,,,,,,,,
mm_k4_r4_c8_m4_w12_l4,mm,fit,t0,8.000000e+00,,,,,,,,,
mm_k4_r4_c8_m4_w12_l4,mm,fit,t_iter,1.600000e+02,,,,,,,,,
mm_k4_r4_c8_m4_w12_l4,mm,fit,max_resid,0.000000e+00,,,,,,,,,
mm_k4_r4_c8_m4_w12_l4,mm,fit,mm.iter,160,,13,0,1,160,160,12,160,161
mm_k16_r4_c8_m4_w12_l4,mm,fit,job_interval,1660,2,,,,,,,,
mm_k16_r4_c8_m4_w12_l4,mm,fit,job_interval,2477,3,,,,,,,,
mm_k16_r4_c8_m4_w12_l4,mm,fit,job_interval,13098,16,,,,,,,,
mm_k16_r4_c8_m4_w12_l4,mm,fit,job_interval,843,1,,,,,,,,
mm_k16_r4_c8_m4_w12_l4,mm,fit,job_interval,1660,2,,,,,,,,
mm_k16_r4_c8_m4_w12_l4,mm,fit,first_done,1.621000e+03,,,,,,,,,
mm_k16_r4_c8_m4_w12_l4,mm,fit,t0,2.600000e+01,,,,,,,,,
mm_k16_r4_c8_m4_w12_l4,mm,fit,t_iter,8.170000e+02,,,,,,,,,
mm_k16_r4_c8_m4_w12_l4,mm,fit,max_resid,0.000000e+00,,,,,,,,,
mm_k16_r4_c8_m4_w12_l4,mm,fit,mm.iter,817,,25,0,1,817,817,24,817,824
mm_k8_r1_c8_m4_w12_l4,mm,fit,job_interval,1728,2,,,,,,,,
mm_k8_r1_c8_m4_w12_l4,mm,fit,job_interval,2585,3,,,,,,,,
mm_k8_r1_c8_m4_w12_l4,mm,fit,job_interval,6870,8,,,,,,,,
mm_k8_r1_c8_m4_w12_l4,mm,fit,job_interval,871,1,,,,,,,,
mm_k8_r1_c8_m4_w12_l4,mm,fit,job_interval,1728,2,,,,,,,,
mm_k8_r1_c8_m4_w12_l4,mm,fit,first_done,1.271000e+03,,,,,,,,,
mm_k8_r1_c8_m4_w12_l4,mm,fit,t0,1.400000e+01,,,,,,,,,
mm_k8_r1_c8_m4_w12_l4,mm,fit,t_iter,8.570000e+02,,,,,,,,,
mm_k8_r1_c8_m4_w12_l4,mm,fit,max_resid,0.000000e+00,,,,,,,,,
mm_k8_r1_c8_m4_w12_l4,mm,fit,mm.iter,857,,17,0,1,857,857,16,857,860
mm_k8_r2_c8_m4_w12_l4,mm,fit,job_interval,1072,2,,,,,,,,
mm_k8_r2_c8_m4_w12_l4,mm,fit,job_interval,1601,3,,,,,,,,
mm_k8_r2_c8_m4_w12_l4,mm,fit,job_interval,4246,8,,,,,,,,
mm_k8_r2_c8_m4_w12_l4,mm,fit,job_interval,543,1,,,,,,,,
mm_k8_r2_c8_m4_w12_l4,mm,fit,job_interval,1072,2,,,,,,,,
mm_k8_r2_c8_m4_w12_l4,mm,fit,first_done,9.430000e+02,,,,,,,,,
mm_k8_r2_c8_m4_w12_l4,mm,fit,t0,1.400000e+01,,,,,,,,,
mm_k8_r2_c8_m4_w12_l4,mm,fit,t_iter,5.290000e+02,,,,,,,,,
mm_k8_r2_c8_m4_w12_l4,mm,fit,max_resid,0.000000e+00,,,,,,,,,
mm_k8_r2_c8_m4_w12_l4,mm,fit,mm.iter,529,,17,0,1,529,529,16,529,532
mm_k8_r8_c8_m4_w12_l4,mm,fit,job_interval,526,2,,,,,,,,
mm_k8_r8_c8_m4_w12_l4,mm,fit,job_interval,782,3,,,,,,,,
mm_k8_r8_c8_m4_w12_l4,mm,fit,job_interval,2062,8,,,,,,,,
mm_k8_r8_c8_m4_w12_l4,mm,fit,job_interval,270,1,,,,,,,,
mm_k8_r8_c8_m4_w12_l4,mm,fit,job_interval,526,2,,,,,,,,
mm_k8_r8_c8_m4_w12_l4,mm,fit,first_done,6.700000e+02,,,,,,,,,
mm_k8_r8_c8_m4_w12_l4,mm,fit,t0,1.400000e+01,,,,,,,,,
mm_k8_r8_c8_m4_w12_l4,mm,fit,t_iter,2.560000e+02,,,,,,,,,
mm_k8_r8_c8_m4_w12_l4,mm,fit,max_resid,0.000000e+00,,,,,,,,,
mm_k8_r8_c8_m4_w12_l4,mm,fit,mm.iter,256,,17,0,1,256,256,16,256,259
mm_k8_r4_c4_m4_w12_l4,mm,fit,job_interval,968,2,,,,,,,,
mm_k8_r4_c4_m4_w12_l4,mm,fit,job_interval,1445,3,,,,,,,,
mm_k8_r4_c4_m4_w12_l4,mm,fit,job_interval,3830,8,,,,,,,,
mm_k8_r4_c4_m4_w12_l4,mm,fit,job_interval,491,1,,,,,,,,
mm_k8_r4_c4_m4_w12_l4,mm,fit,job_interval,968,2,,,,,,,,
mm_k8_r4_c4_m4_w12_l4,mm,fit,first_done,8.910000e+02,,,,,,,,,
mm_k8_r4_c4_m4_w12_l4,mm,fit,t0,1.400000e+01,,,,,,,,,
mm_k8_r4_c4_m4_w12_l4,mm,fit,t_iter,4.770000e+02,,,,,,,,,
mm_k8_r4_c4_m4_w12_l4,mm,fit,max_resid,0.000000e+00,,,,,,,,,
mm_k8_r4_c4_m4_w12_l4,mm,fit,mm.iter,477,,17,0,1,477,477,16,477,480
mm_k8_r4_c16_m4_w12_l4,mm,fit,job_interval,568,2,,,,,,,,
mm_k8_r4_c16_m4_w12_l4,mm,fit,job_interval,845,3,,,,,,,,
mm_k8_r4_c16_m4_w12_l4,mm,fit,job_interval,2230,8,,,,,,,,
mm_k8_r4_c16_m4_w12_l4,mm,fit,job_interval,291,1,,,,,,,,
mm_k8_r4_c16_m4_w12_l4,mm,fit,job_interval,568,2,,,,,,,,
mm_k8_r4_c16_m4_w12_l4,mm,fit,first_done,6.910000e+02,,,,,,,,,
mm_k8_r4_c16_m4_w12_l4,mm,fit,t0,1.400000e+01,,,,,,,,,
mm_k8_r4_c16_m4_w12_l4,mm,fit,t_iter,2.770000e+02,,,,,,,,,
mm_k8_r4_c16_m4_w12_l4,mm,fit,max_resid,0.000000e+00,,,,,,,,,
mm_k8_r4_c16_m4_w12_l4,mm,fit,mm.iter,277,,17,0,1,277,277,16,277,280
mm_k8_r4_c32_m4_w12_l4,mm,fit,job_interval,486,2,,,,,,,,
mm_k8_r4_c32_m4_w12_l4,mm,fit,job_interval,722,3,,,,,,,,
mm_k8_r4_c32_m4_w12_l4,mm,fit,job_interval,1902,8,,,,,,,,
mm_k8_r4_c32_m4_w12_l4,mm,fit,job_interval,250,1,,,,,,,,
mm_k8_r4_c32_m4_w12_l4,mm,fit,job_interval,486,2,,,,,,,,
mm_k8_r4_c32_m4_w12_l4,mm,fit,first_done,6.500000e+02,,,,,,,,,
mm_k8_r4_c32_m4_w12_l4,mm,fit,t0,1.400000e+01,,,,,,,,,
mm_k8_r4_c32_m4_w12_l4,mm,fit,t_iter,2.360000e+02,,,,,,,,,
mm_k8_r4_c32_m4_w12_l4,mm,fit,max_resid,0.000000e+00,,,,,,,,,
mm_k8_r4_c32_m4_w12_l4,mm,fit,mm.iter,236,,17,0,1,236,236,16,236,239
mm_k8_r4_c8_m3_w12_l4,mm,fit,job_interval,744,2,,,,,,,,
mm_k8_r4_c8_m3_w12_l4,mm,fit,job_interval,1109,3,,,,,,,,
mm_k8_r4_c8_m3_w12_l4,mm,fit,job_interval,2934,8,,,,,,,,
mm_k8_r4_c8_m3_w12_l4,mm,fit,job_interval,379,1,,,,,,,,
mm_k8_r4_c8_m3_w12_l4,mm,fit,job_interval,744,2,,,,,,,,
mm_k8_r4_c8_m3_w12_l4,mm,fit,first_done,7.790000e+02,,,,,,,,,
mm_k8_r4_c8_m3_w12_l4,mm,fit,t0,1.400000e+01,,,,,,,,,
mm_k8_r4_c8_m3_w12_l4,mm,fit,t_iter,3.650000e+02,,,,,,,,,
mm_k8_r4_c8_m3_w12_l4,mm,fit,max_resid,0.000000e+00,,,,,,,,,
mm_k8_r4_c8_m3_w12_l4,mm,fit,mm.iter,365,,17,0,1,365,365,16,365,368
mm_k8_r4_c8_m4_w8_l4,mm,fit,job_interval,712,2,,,,,,,,
mm_k8_r4_c8_m4_w8_l4,mm,fit,job_interval,1061,3,,,,,,,,
mm_k8_r4_c8_m4_w8_l4,mm,fit,job_interval,2806,8,,,,,,,,
mm_k8_r4_c8_m4_w8_l4,mm,fit,job_interval,363,1,,,,,,,,
mm_k8_r4_c8_m4_w8_l4,mm,fit,job_interval,712,2,,,,,,,,
mm_k8_r4_c8_m4_w8_l4,mm,fit,first_done,7.630000e+02,,,,,,,,,
mm_k8_r4_c8_m4_w8_l4,mm,fit,t0,1.400000e+01,,,,,,,,,
mm_k8_r4_c8_m4_w8_l4,mm,fit,t_iter,3.490000e+02,,,,,,,,,
mm_k8_r4_c8_m4_w8_l4,mm,fit,max_resid,0.000000e+00,,,,,,,,,
mm_k8_r4_c8_m4_w8_l4,mm,fit,mm.iter,349,,17,0,1,349,349,16,349,352
mm_k8_r4_c8_m4_w10_l4,mm,fit,job_interval,712,2,,,,,,,,
mm_k8_r4_c8_m4_w10_l4,mm,fit,job_interval,1061,3,,,,,,,,
mm_k8_r4_c8_m4_w10_l4,mm,fit,job_interval,2806,8,,,,,,,,
mm_k8_r4_c8_m4_w10_l4,mm,fit,job_interval,363,1,,,,,,,,
mm_k8_r4_c8_m4_w10_l4,mm,fit,job_interval,712,2,,,,,,,,
mm_k8_r4_c8_m4_w10_l4,mm,fit,first_done,7.630000e+02,,,,,,,,,
mm_k8_r4_c8_m4_w10_l4,mm,fit,t0,1.400000e+01,,,,,,,,,
mm_k8_r4_c8_m4_w10_l4,mm,fit,t_iter,3.490000e+02,,,,,,,,,
mm_k8_r4_c8_m4_w10_l4,mm,fit,max_resid,0.000000e+00,,,,,,,,,
mm_k8_r4_c8_m4_w10_l4,mm,fit,mm.iter,349,,17,0,1,349,349,16,349,352
mm_k8_r4_c8_m4_w14_l4,mm,fit,job_interval,712,2,,,,,,,,
mm_k8_r4_c8_m4_w14_l4,mm,fit,job_interval,1061,3,,,,,,,,
mm_k8_r4_c8_m4_w14_l4,mm,fit,job_interval,2806,8,,,,,,,,
mm_k8_r4_c8_m4_w14_l4,mm,fit,job_interval,363,1,,,,,,,,
mm_k8_r4_c8_m4_w14_l4,mm,fit,job_interval,712,2,,,,,,,,
mm_k8_r4_c8_m4_w14_l4,mm,fit,first_done,7.630000e+02,,,,,,,,,
mm_k8_r4_c8_m4_w14_l4,mm,fit,t0,1.400000e+01,,,,,,,,,
mm_k8_r4_c8_m4_w14_l4,mm,fit,t_iter,3.490000e+02,,,,,,,,,
mm_k8_r4_c8_m4_w14_l4,mm,fit,max_resid,0.000000e+00,,,,,,,,,
mm_k8_r4_c8_m4_w14_l4,mm,fit,mm.iter,349,,17,0,1,349,349,16,349,352
mm_k8_r4_c8_m4_w16_l4,mm,fit,job_interval,712,2,,,,,,,,
mm_k8_r4_c8_m4_w16_l4,mm,fit,job_interval,1061,3,,,,,,,,
mm_k8_r4_c8_m4_w16_l4,mm,fit,job_interval,2806,8,,,,,,,,
mm_k8_r4_c8_m4_w16_l4,mm,fit,job_interval,363,1,,,,,,,,
mm_k8_r4_c8_m4_w16_l4,mm,fit,job_interval,712,2,,,,,,,,
mm_k8_r4_c8_m4_w16_l4,mm,fit,first_done,7.620000e+02,,,,,,,,,
mm_k8_r4_c8_m4_w16_l4,mm,fit,t0,1.400000e+01,,,,,,,,,
mm_k8_r4_c8_m4_w16_l4,mm,fit,t_iter,3.490000e+02,,,,,,,,,
mm_k8_r4_c8_m4_w16_l4,mm,fit,max_resid,0.000000e+00,,,,,,,,,
mm_k8_r4_c8_m4_w16_l4,mm,fit,mm.iter,349,,17,0,1,349,349,16,349,352
mm_k8_r4_c8_m4_w12_l1,mm,fit,job_interval,1480,2,,,,,,,,
mm_k8_r4_c8_m4_w12_l1,mm,fit,job_interval,2213,3,,,,,,,,
mm_k8_r4_c8_m4_w12_l1,mm,fit,job_interval,5878,8,,,,,,,,
mm_k8_r4_c8_m4_w12_l1,mm,fit,job_interval,747,1,,,,,,,,
mm_k8_r4_c8_m4_w12_l1,mm,fit,job_interval,1480,2,,,,,,,,
mm_k8_r4_c8_m4_w12_l1,mm,fit,first_done,1.146000e+03,,,,,,,,,
mm_k8_r4_c8_m4_w12_l1,mm,fit,t0,1.400000e+01,,,,,,,,,
mm_k8_r4_c8_m4_w12_l1,mm,fit,t_iter,7.330000e+02,,,,,,,,,
mm_k8_r4_c8_m4_w12_l1,mm,fit,max_resid,0.000000e+00,,,,,,,,,
mm_k8_r4_c8_m4_w12_l1,mm,fit,mm.iter,733,,17,0,1,733,733,16,733,736
mm_k8_r4_c8_m4_w12_l8,mm,fit,job_interval,568,2,,,,,,,,
mm_k8_r4_c8_m4_w12_l8,mm,fit,job_interval,845,3,,,,,,,,
mm_k8_r4_c8_m4_w12_l8,mm,fit,job_interval,2230,8,,,,,,,,
mm_k8_r4_c8_m4_w12_l8,mm,fit,job_interval,291,1,,,,,,,,
mm_k8_r4_c8_m4_w12_l8,mm,fit,job_interval,568,2,,,,,,,,
mm_k8_r4_c8_m4_w12_l8,mm,fit,first_done,6.910000e+02,,,,,,,,,
mm_k8_r4_c8_m4_w12_l8,mm,fit,t0,1.400000e+01,,,,,,,,,
mm_k8_r4_c8_m4_w12_l8,mm,fit,t_iter,2.770000e+02,,,,,,,,,
mm_k8_r4_c8_m4_w12_l8,mm,fit,max_resid,0.000000e+00,,,,,,,,,
mm_k8_r4_c8_m4_w12_l8,mm,fit,mm.iter,277,,17,0,1,277,277,16,277,280
mm_k8_r1_c4_m4_w8_l4,mm,fit,job_interval,1573,2,,,,,,,,
mm_k8_r1_c4_m4_w8_l4,mm,fit,job_interval,2353,3,,,,,,,,
mm_k8_r1_c4_m4_w8_l4,mm,fit,job_interval,6253,8,,,,,,,,
mm_k8_r1_c4_m4_w8_l4,mm,fit,job_interval,793,1,,,,,,,,
mm_k8_r1_c4_m4_w8_l4,mm,fit,job_interval,1573,2,,,,,,,,
mm_k8_r1_c4_m4_w8_l4,mm,fit,first_done,1.193000e+03,,,,,,,,,
mm_k8_r1_c4_m4_w8_l4,mm,fit,t0,1.300000e+01,,,,,,,,,
mm_k8_r1_c4_m4_w8_l4,mm,fit,t_iter,7.800000e+02,,,,,,,,,
mm_k8_r1_c4_m4_w8_l4,mm,fit,max_resid,0.000000e+00,,,,,,,,,
mm_k8_r1_c4_m4_w8_l4,mm,fit,mm.iter,779,,17,0,12,779,779,5,782,782
mm_k8_r1_c4_m4_w16_l4,mm,fit,job_interval,1573,2,,,,,,,,
mm_k8_r1_c4_m4_w16_l4,mm,fit,job_interval,2353,3,,,,,,,,
mm_k8_r1_c4_m4_w16_l4,mm,fit,job_interval,6253,8,,,,,,,,
mm_k8_r1_c4_m4_w16_l4,mm,fit,job_interval,793,1,,,,,,,,
mm_k8_r1_c4_m4_w16_l4,mm,fit,job_interval,1573,2,,,,,,,,
mm_k8_r1_c4_m4_w16_l4,mm,fit,first_done,1.192000e+03,,,,,,,,,
mm_k8_r1_c4_m4_w16_l4,mm,fit,t0,1.300000e+01,,,,,,,,,
mm_k8_r1_c4_m4_w16_l4,mm,fit,t_iter,7.800000e+02,,,,,,,,,
mm_k8_r1_c4_m4_w16_l4,mm,fit,max_resid,0.000000e+00,,,,,,,,,
mm_k8_r1_c4_m4_w16_l4,mm,fit,mm.iter,779,,17,0,12,779,779,5,782,782
mm_k8_r8_c32_m4_w8_l4,mm,fit,job_interval,393,2,,,,,,,,
mm_k8_r8_c32_m4_w8_l4,mm,fit,job_interval,580,3,,,,,,,,
mm_k8_r8_c32_m4_w8_l4,mm,fit,job_interval,1515,8,,,,,,,,
mm_k8_r8_c32_m4_w8_l4,mm,fit,job_interval,206,1,,,,,,,,
mm_k8_r8_c32_m4_w8_l4,mm,fit,job_interval,393,2,,,,,,,,
mm_k8_r8_c32_m4_w8_l4,mm,fit,first_done,5.990000e+02,,,,,,,,,
mm_k8_r8_c32_m4_w8_l4,mm,fit,t0,1.900000e+01,,,,,,,,,
mm_k8_r8_c32_m4_w8_l4,mm,fit,t_iter,1.870000e+02,,,,,,,,,
mm_k8_r8_c32_m4_w8_l4,mm,fit,max_resid,0.000000e+00,,,,,,,,,
mm_k8_r8_c32_m4_w8_l4,mm,fit,mm.iter,185,,17,0,15,185,185,2,188,188
mm_k8_r8_c32_m4_w16_l4,mm,fit,job_interval,393,2,,,,,,,,
mm_k8_r8_c32_m4_w16_l4,mm,fit,job_interval,580,3,,,,,,,,
mm_k8_r8_c32_m4_w16_l4,mm,fit,job_interval,1515,8,,,,,,,,
mm_k8_r8_c32_m4_w16_l4,mm,fit,job_interval,206,1,,,,,,,,
mm_k8_r8_c32_m4_w16_l4,mm,fit,job_interval,393,2,,,,,,,,
mm_k8_r8_c32_m4_w16_l4,mm,fit,first_done,5.980000e+02,,,,,,,,,
mm_k8_r8_c32_m4_w16_l4,mm,fit,t0,1.900000e+01,,,,,,,,,
mm_k8_r8_c32_m4_w16_l4,mm,fit,t_iter,1.870000e+02,,,,,,,,,
mm_k8_r8_c32_m4_w16_l4,mm,fit,max_resid,0.000000e+00,,,,,,,,,
mm_k8_r8_c32_m4_w16_l4,mm,fit,mm.iter,185,,17,0,15,185,185,2,188,188
mm_k16_r16_c16_m4_w8_l4,mm,fit,job_interval,824,2,,,,,,,,
mm_k16_r16_c16_m4_w8_l4,mm,fit,job_interval,1142,3,,,,,,,,
mm_k16_r16_c16_m4_w8_l4,mm,fit,job_interval,5978,16,,,,,,,,
mm_k16_r16_c16_m4_w8_l4,mm,fit,job_interval,398,1,,,,,,,,
mm_k16_r16_c16_m4_w8_l4,mm,fit,job_interval,770,2,,,,,,,,
mm_k16_r16_c16_m4_w8_l4,mm,fit,first_done,1.176000e+03,,,,,,,,,
mm_k16_r16_c16_m4_w8_l4,mm,fit,t0,4.137028e+01,,,,,,,,,
mm_k16_r16_c16_m4_w8_l4,mm,fit,t_iter,3.710479e+02,,,,,,,,,
mm_k16_r16_c16_m4_w8_l4,mm,fit,max_resid,4.053401e+01,,,,,,,,,
mm_k16_r16_c16_m4_w8_l4,mm,fit,mm.iter,372,,25,0,2,372,372,23,372,379
mm_k16_r16_c16_m4_w16_l4,mm,fit,job_interval,823,2,,,,,,,,
mm_k16_r16_c16_m4_w16_l4,mm,fit,job_interval,1142,3,,,,,,,,
mm_k16_r16_c16_m4_w16_l4,mm,fit,job_interval,5978,16,,,,,,,,
mm_k16_r16_c16_m4_w16_l4,mm,fit,job_interval,398,1,,,,,,,,
mm_k16_r16_c16_m4_w16_l4,mm,fit,job_interval,770,2,,,,,,,,
mm_k16_r16_c16_m4_w16_l4,mm,fit,first_done,1.175000e+03,,,,,,,,,
mm_k16_r16_c16_m4_w16_l4,mm,fit,t0,4.108564e+01,,,,,,,,,
mm_k16_r16_c16_m4_w16_l4,mm,fit,t_iter,3.710655e+02,,,,,,,,,
mm_k16_r16_c16_m4_w16_l4,mm,fit,max_resid,3.978337e+01,,,,,,,,,
mm_k16_r16_c16_m4_w16_l4,mm,fit,mm.iter,372,,25,0,2,372,372,23,372,379
mm_k16_r1_c32_m4_w8_l4,mm,fit,job_interval,2282,2,,,,,,,,
mm_k16_r1_c32_m4_w8_l4,mm,fit,job_interval,3410,3,,,,,,,,
mm_k16_r1_c32_m4_w8_l4,mm,fit,job_interval,18074,16,,,,,,,,
mm_k16_r1_c32_m4_w8_l4,mm,fit,job_interval,1154,1,,,,,,,,
mm_k16_r1_c32_m4_w8_l4,mm,fit,job_interval,2282,2,,,,,,,,
mm_k16_r1_c32_m4_w8_l4,mm,fit,first_done,1.932000e+03,,,,,,,,,
mm_k16_r1_c32_m4_w8_l4,mm,fit,t0,2.600000e+01,,,,,,,,,
mm_k16_r1_c32_m4_w8_l4,mm,fit,t_iter,1.128000e+03,,,,,,,,,
mm_k16_r1_c32_m4_w8_l4,mm,fit,max_resid,0.000000e+00,,,,,,,,,
mm_k16_r1_c32_m4_w8_l4,mm,fit,mm.iter,1128,,25,0,1,1128,1128,24,1128,1135
mm_k16_r1_c32_m4_w16_l4,mm,fit,job_interval,2282,2,,,,,,,,
mm_k16_r1_c32_m4_w16_l4,mm,fit,job_interval,3410,3,,,,,,,,
mm_k16_r1_c32_m4_w16_l4,mm,fit,job_interval,18074,16,,,,,,,,
mm_k16_r1_c32_m4_w16_l4,mm,fit,job_interval,1154,1,,,,,,,,
mm_k16_r1_c32_m4_w16_l4,mm,fit,job_interval,2282,2,,,,,,,,
mm_k16_r1_c32_m4_w16_l4,mm,fit,first_done,1.931000e+03,,,,,,,,,
mm_k16_r1_c32_m4_w16_l4,mm,fit,t0,2.600000e+01,,,,,,,,,
mm_k16_r1_c32_m4_w16_l4,mm,fit,t_iter,1.128000e+03,,,,,,,,,
mm_k16_r1_c32_m4_w16_l4,mm,fit,max_resid,0.000000e+00,,,,,,,,,
mm_k16_r1_c32_m4_w16_l4,mm,fit,mm.iter,1128,,25,0,1,1128,1128,24,1128,1135
mm_k8_r4_c8_m3_w8_l4,mm,fit,job_interval,744,2,,,,,,,,
mm_k8_r4_c8_m3_w8_l4,mm,fit,job_interval,1109,3,,,,,,,,
mm_k8_r4_c8_m3_w8_l4,mm,fit,job_interval,2934,8,,,,,,,,
mm_k8_r4_c8_m3_w8_l4,mm,fit,job_interval,379,1,,,,,,,,
mm_k8_r4_c8_m3_w8_l4,mm,fit,job_interval,744,2,,,,,,,,
mm_k8_r4_c8_m3_w8_l4,mm,fit,first_done,7.790000e+02,,,,,,,,,
mm_k8_r4_c8_m3_w8_l4,mm,fit,t0,1.400000e+01,,,,,,,,,
mm_k8_r4_c8_m3_w8_l4,mm,fit,t_iter,3.650000e+02,,,,,,,,,
mm_k8_r4_c8_m3_w8_l4,mm,fit,max_resid,0.000000e+00,,,,,,,,,
mm_k8_r4_c8_m3_w8_l4,mm,fit,mm.iter,365,,17,0,1,365,365,16,365,368
mm_k8_r4_c8_m3_w16_l4,mm,fit,job_interval,744,2,,,,,,,,
mm_k8_r4_c8_m3_w16_l4,mm,fit,job_interval,1109,3,,,,,,,,
mm_k8_r4_c8_m3_w16_l4,mm,fit,job_interval,2934,8,,,,,,,,
mm_k8_r4_c8_m3_w16_l4,mm,fit,job_interval,379,1,,,,,,,,
mm_k8_r4_c8_m3_w16_l4,mm,fit,job_interval,744,2,,,,,,,,
mm_k8_r4_c8_m3_w16_l4,mm,fit,first_done,7.780000e+02,,,,,,,,,
mm_k8_r4_c8_m3_w16_l4,mm,fit,t0,1.400000e+01,,,,,,,,,
mm_k8_r4_c8_m3_w16_l4,mm,fit,t_iter,3.650000e+02,,,,,,,,,
mm_k8_r4_c8_m3_w16_l4,mm,fit,max_resid,0.000000e+00,,,,,,,,,
mm_k8_r4_c8_m3_w16_l4,mm,fit,mm.iter,365,,17,0,1,365,365,16,365,368
det_k4_l4_r4_c4_m4_w12g8_d64_s2_q2,det,fit,job_interval,2461,2,,,,,,,,
det_k4_l4_r4_c4_m4_w12g8_d64_s2_q2,det,fit,job_interval,3654,3,,,,,,,,
det_k4_l4_r4_c4_m4_w12g8_d64_s2_q2,det,fit,job_interval,4847,4,,,,,,,,
det_k4_l4_r4_c4_m4_w12g8_d64_s2_q2,det,fit,job_interval,1268,1,,,,,,,,
det_k4_l4_r4_c4_m4_w12g8_d64_s2_q2,det,fit,job_interval,2461,2,,,,,,,,
det_k4_l4_r4_c4_m4_w12g8_d64_s2_q2,det,fit,first_done,1.513000e+03,,,,,,,,,
det_k4_l4_r4_c4_m4_w12g8_d64_s2_q2,det,fit,t0,7.500000e+01,,,,,,,,,
det_k4_l4_r4_c4_m4_w12g8_d64_s2_q2,det,fit,t_iter,1.193000e+03,,,,,,,,,
det_k4_l4_r4_c4_m4_w12g8_d64_s2_q2,det,fit,max_resid,0.000000e+00,,,,,,,,,
det_k4_l4_r4_c4_m4_w12g8_d64_s2_q2,det,fit,mm.iter,208,,13,0,13,208,208,0,,
det_k4_l4_r4_c4_m4_w12g8_d64_s2_q2,det,fit,vec.init,74,,6,0,1,74,74,5,75,75
det_k4_l4_r4_c4_m4_w12g8_d64_s2_q2,det,fit,vec.iter,985,,7,0,7,985,985,0,,
det_k4_l4_r4_c4_m4_w12g8_d64_s2_q2,det,fit,vec.last,985,,6,0,6,985,985,0,,
det_k8_l4_r8_c4_m4_w12g8_d64_s2_q2,det,fit,job_interval,3037,2,,,,,,,,
det_k8_l4_r8_c4_m4_w12g8_d64_s2_q2,det,fit,job_interval,4486,3,,,,,,,,
det_k8_l4_r8_c4_m4_w12g8_d64_s2_q2,det,fit,job_interval,11731,8,,,,,,,,
det_k8_l4_r8_c4_m4_w12g8_d64_s2_q2,det,fit,job_interval,1588,1,,,,,,,,
det_k8_l4_r8_c4_m4_w12g8_d64_s2_q2,det,fit,job_interval,3037,2,,,,,,,,
det_k8_l4_r8_c4_m4_w12g8_d64_s2_q2,det,fit,first_done,2.002000e+03,,,,,,,,,
det_k8_l4_r8_c4_m4_w12g8_d64_s2_q2,det,fit,t0,1.390000e+02,,,,,,,,,
det_k8_l4_r8_c4_m4_w12g8_d64_s2_q2,det,fit,t_iter,1.449000e+03,,,,,,,,,
det_k8_l4_r8_c4_m4_w12g8_d64_s2_q2,det,fit,max_resid,0.000000e+00,,,,,,,,,
det_k8_l4_r8_c4_m4_w12g8_d64_s2_q2,det,fit,mm.iter,336,,17,0,17,336,336,0,,
det_k8_l4_r8_c4_m4_w12g8_d64_s2_q2,det,fit,vec.init,138,,6,0,1,138,138,5,139,139
det_k8_l4_r8_c4_m4_w12g8_d64_s2_q2,det,fit,vec.iter,1113,,11,0,11,1113,1113,0,,
det_k8_l4_r8_c4_m4_w12g8_d64_s2_q2,det,fit,vec.last,1113,,6,0,6,1113,1113,0,,
det_k16_l4_r16_c4_m4_w12g8_d64_s2_q2,det,fit,job_interval,4205,2,,,,,,,,
det_k16_l4_r16_c4_m4_w12g8_d64_s2_q2,det,fit,job_interval,6174,3,,,,,,,,
det_k16_l4_r16_c4_m4_w12g8_d64_s2_q2,det,fit,job_interval,31771,16,,,,,,,,
det_k16_l4_r16_c4_m4_w12g8_d64_s2_q2,det,fit,job_interval,2236,1,,,,,,,,
det_k16_l4_r16_c4_m4_w12g8_d64_s2_q2,det,fit,job_interval,4205,2,,,,,,,,
det_k16_l4_r16_c4_m4_w12g8_d64_s2_q2,det,fit,first_done,3.040000e+03,,,,,,,,,
det_k16_l4_r16_c4_m4_w12g8_d64_s2_q2,det,fit,t0,2.670000e+02,,,,,,,,,
det_k16_l4_r16_c4_m4_w12g8_d64_s2_q2,det,fit,t_iter,1.969000e+03,,,,,,,,,
det_k16_l4_r16_c4_m4_w12g8_d64_s2_q2,det,fit,max_resid,0.000000e+00,,,,,,,,,
det_k16_l4_r16_c4_m4_w12g8_d64_s2_q2,det,fit,mm.iter,592,,25,0,25,592,592,0,,
det_k16_l4_r16_c4_m4_w12g8_d64_s2_q2,det,fit,vec.init,266,,6,0,1,266,266,5,267,267
det_k16_l4_r16_c4_m4_w12g8_d64_s2_q2,det,fit,vec.iter,1377,,19,0,19,1377,1377,0,,
det_k16_l4_r16_c4_m4_w12g8_d64_s2_q2,det,fit,vec.last,1377,,6,0,6,1377,1377,0,,
det_k4_l1_r4_c4_m4_w12g8_d64_s2_q2,det,fit,job_interval,8733,2,,,,,,,,
det_k4_l1_r4_c4_m4_w12g8_d64_s2_q2,det,fit,job_interval,12966,3,,,,,,,,
det_k4_l1_r4_c4_m4_w12g8_d64_s2_q2,det,fit,job_interval,17199,4,,,,,,,,
det_k4_l1_r4_c4_m4_w12g8_d64_s2_q2,det,fit,job_interval,4500,1,,,,,,,,
det_k4_l1_r4_c4_m4_w12g8_d64_s2_q2,det,fit,job_interval,8733,2,,,,,,,,
det_k4_l1_r4_c4_m4_w12g8_d64_s2_q2,det,fit,first_done,4.744000e+03,,,,,,,,,
det_k4_l1_r4_c4_m4_w12g8_d64_s2_q2,det,fit,t0,2.670000e+02,,,,,,,,,
det_k4_l1_r4_c4_m4_w12g8_d64_s2_q2,det,fit,t_iter,4.233000e+03,,,,,,,,,
det_k4_l1_r4_c4_m4_w12g8_d64_s2_q2,det,fit,max_resid,0.000000e+00,,,,,,,,,
det_k4_l1_r4_c4_m4_w12g8_d64_s2_q2,det,fit,mm.iter,408,,13,0,13,408,408,0,,
det_k4_l1_r4_c4_m4_w12g8_d64_s2_q2,det,fit,vec.init,266,,6,0,1,266,266,5,267,267
det_k4_l1_r4_c4_m4_w12g8_d64_s2_q2,det,fit,vec.iter,3825,,7,0,7,3825,3825,0,,
det_k4_l1_r4_c4_m4_w12g8_d64_s2_q2,det,fit,vec.last,3825,,6,0,6,3825,3825,0,,
det_k4_l2_r4_c4_m4_w12g8_d64_s2_q2,det,fit,job_interval,4541,2,,,,,,,,
det_k4_l2_r4_c4_m4_w12g8_d64_s2_q2,det,fit,job_interval,6742,3,,,,,,,,
det_k4_l2_r4_c4_m4_w12g8_d64_s2_q2,det,fit,job_interval,8943,4,,,,,,,,
det_k4_l2_r4_c4_m4_w12g8_d64_s2_q2,det,fit,job_interval,2340,1,,,,,,,,
det_k4_l2_r4_c4_m4_w12g8_d64_s2_q2,det,fit,job_interval,4541,2,,,,,,,,
det_k4_l2_r4_c4_m4_w12g8_d64_s2_q2,det,fit,first_done,2.584000e+03,,,,,,,,,
det_k4_l2_r4_c4_m4_w12g8_d64_s2_q2,det,fit,t0,1.390000e+02,,,,,,,,,
det_k4_l2_r4_c4_m4_w12g8_d64_s2_q2,det,fit,t_iter,2.201000e+03,,,,,,,,,
det_k4_l2_r4_c4_m4_w12g8_d64_s2_q2,det,fit,max_resid,0.000000e+00,,,,,,,,,
det_k4_l2_r4_c4_m4_w12g8_d64_s2_q2,det,fit,mm.iter,280,,13,0,13,280,280,0,,
det_k4_l2_r4_c4_m4_w12g8_d64_s2_q2,det,fit,vec.init,138,,6,0,1,138,138,5,139,139
det_k4_l2_r4_c4_m4_w12g8_d64_s2_q2,det,fit,vec.iter,1921,,7,0,7,1921,1921,0,,
det_k4_l2_r4_c4_m4_w12g8_d64_s2_q2,det,fit,vec.last,1921,,6,0,6,1921,1921,0,,
det_k4_l8_r4_c8_m4_w12g8_d64_s2_q2,det,fit,job_interval,1325,2,,,,,,,,
det_k4_l8_r4_c8_m4_w12g8_d64_s2_q2,det,fit,job_interval,1966,3,,,,,,,,
det_k4_l8_r4_c8_m4_w12g8_d64_s2_q2,det,fit,job_interval,2607,4,,,,,,,,
det_k4_l8_r4_c8_m4_w12g8_d64_s2_q2,det,fit,job_interval,684,1,,,,,,,,
det_k4_l8_r4_c8_m4_w12g8_d64_s2_q2,det,fit,job_interval,1325,2,,,,,,,,
det_k4_l8_r4_c8_m4_w12g8_d64_s2_q2,det,fit,first_done,9.290000e+02,,,,,,,,,
det_k4_l8_r4_c8_m4_w12g8_d64_s2_q2,det,fit,t0,4.300000e+01,,,,,,,,,
det_k4_l8_r4_c8_m4_w12g8_d64_s2_q2,det,fit,t_iter,6.410000e+02,,,,,,,,,
det_k4_l8_r4_c8_m4_w12g8_d64_s2_q2,det,fit,max_resid,0.000000e+00,,,,,,,,,
det_k4_l8_r4_c8_m4_w12g8_d64_s2_q2,det,fit,mm.iter,124,,13,0,13,124,124,0,,
det_k4_l8_r4_c8_m4_w12g8_d64_s2_q2,det,fit,vec.init,42,,6,0,1,42,42,5,43,43
det_k4_l8_r4_c8_m4_w12g8_d64_s2_q2,det,fit,vec.iter,517,,7,0,7,517,517,0,,
det_k4_l8_r4_c8_m4_w12g8_d64_s2_q2,det,fit,vec.last,517,,6,0,6,517,517,0,,
det_k4_l16_r4_c16_m4_w12g8_d64_s2_q2,det,fit,job_interval,757,2,,,,,,,,
det_k4_l16_r4_c16_m4_w12g8_d64_s2_q2,det,fit,job_interval,1122,3,,,,,,,,
det_k4_l16_r4_c16_m4_w12g8_d64_s2_q2,det,fit,job_interval,1487,4,,,,,,,,
det_k4_l16_r4_c16_m4_w12g8_d64_s2_q2,det,fit,job_interval,392,1,,,,,,,,
det_k4_l16_r4_c16_m4_w12g8_d64_s2_q2,det,fit,job_interval,757,2,,,,,,,,
det_k4_l16_r4_c16_m4_w12g8_d64_s2_q2,det,fit,first_done,6.370000e+02,,,,,,,,,
det_k4_l16_r4_c16_m4_w12g8_d64_s2_q2,det,fit,t0,2.700000e+01,,,,,,,,,
det_k4_l16_r4_c16_m4_w12g8_d64_s2_q2,det,fit,t_iter,3.650000e+02,,,,,,,,,
det_k4_l16_r4_c16_m4_w12g8_d64_s2_q2,det,fit,max_resid,0.000000e+00,,,,,,,,,
det_k4_l16_r4_c16_m4_w12g8_d64_s2_q2,det,fit,mm.iter,82,,13,0,13,82,82,0,,
det_k4_l16_r4_c16_m4_w12g8_d64_s2_q2,det,fit,vec.init,26,,6,0,1,26,26,5,27,27
det_k4_l16_r4_c16_m4_w12g8_d64_s2_q2,det,fit,vec.iter,283,,7,0,7,283,283,0,,
det_k4_l16_r4_c16_m4_w12g8_d64_s2_q2,det,fit,vec.last,283,,6,0,6,283,283,0,,
det_k4_l4_r4_c4_m4_w8g8_d64_s2_q2,det,fit,job_interval,2189,2,,,,,,,,
det_k4_l4_r4_c4_m4_w8g8_d64_s2_q2,det,fit,job_interval,3247,3,,,,,,,,
det_k4_l4_r4_c4_m4_w8g8_d64_s2_q2,det,fit,job_interval,4305,4,,,,,,,,
det_k4_l4_r4_c4_m4_w8g8_d64_s2_q2,det,fit,job_interval,1131,1,,,,,,,,
det_k4_l4_r4_c4_m4_w8g8_d64_s2_q2,det,fit,job_interval,2189,2,,,,,,,,
det_k4_l4_r4_c4_m4_w8g8_d64_s2_q2,det,fit,first_done,1.376000e+03,,,,,,,,,
det_k4_l4_r4_c4_m4_w8g8_d64_s2_q2,det,fit,t0,7.300000e+01,,,,,,,,,
det_k4_l4_r4_c4_m4_w8g8_d64_s2_q2,det,fit,t_iter,1.058000e+03,,,,,,,,,
det_k4_l4_r4_c4_m4_w8g8_d64_s2_q2,det,fit,max_resid,0.000000e+00,,,,,,,,,
det_k4_l4_r4_c4_m4_w8g8_d64_s2_q2,det,fit,mm.iter,208,,13,0,13,208,208,0,,
det_k4_l4_r4_c4_m4_w8g8_d64_s2_q2,det,fit,vec.init,72,,6,0,1,72,72,5,73,73
det_k4_l4_r4_c4_m4_w8g8_d64_s2_q2,det,fit,vec.iter,850,,7,0,7,850,850,0,,
det_k4_l4_r4_c4_m4_w8g8_d64_s2_q2,det,fit,vec.last,850,,6,0,6,850,850,0,,
det_k4_l4_r4_c4_m4_w16g8_d64_s2_q2,det,fit,job_interval,2716,2,,,,,,,,
det_k4_l4_r4_c4_m4_w16g8_d64_s2_q2,det,fit,job_interval,4037,3,,,,,,,,
det_k4_l4_r4_c4_m4_w16g8_d64_s2_q2,det,fit,job_interval,5358,4,,,,,,,,
det_k4_l4_r4_c4_m4_w16g8_d64_s2_q2,det,fit,job_interval,1395,1,,,,,,,,
det_k4_l4_r4_c4_m4_w16g8_d64_s2_q2,det,fit,job_interval,2716,2,,,,,,,,
det_k4_l4_r4_c4_m4_w16g8_d64_s2_q2,det,fit,first_done,1.639000e+03,,,,,,,,,
det_k4_l4_r4_c4_m4_w16g8_d64_s2_q2,det,fit,t0,7.400000e+01,,,,,,,,,
det_k4_l4_r4_c4_m4_w16g8_d64_s2_q2,det,fit,t_iter,1.321000e+03,,,,,,,,,
det_k4_l4_r4_c4_m4_w16g8_d64_s2_q2,det,fit,max_resid,0.000000e+00,,,,,,,,,
det_k4_l4_r4_c4_m4_w16g8_d64_s2_q2,det,fit,mm.iter,208,,13,0,13,208,208,0,,
det_k4_l4_r4_c4_m4_w16g8_d64_s2_q2,det,fit,vec.init,73,,6,0,1,73,73,5,74,74
det_k4_l4_r4_c4_m4_w16g8_d64_s2_q2,det,fit,vec.iter,1113,,7,0,7,1113,1113,0,,
det_k4_l4_r4_c4_m4_w16g8_d64_s2_q2,det,fit,vec.last,1113,,6,0,6,1113,1113,0,,
det_k4_l4_r4_c4_m4_w12g8_d32_s2_q2,det,fit,job_interval,2466,2,,,,,,,,
det_k4_l4_r4_c4_m4_w12g8_d32_s2_q2,det,fit,job_interval,3659,3,,,,,,,,
det_k4_l4_r4_c4_m4_w12g8_d32_s2_q2,det,fit,job_interval,4852,4,,,,,,,,
det_k4_l4_r4_c4_m4_w12g8_d32_s2_q2,det,fit,job_interval,1273,1,,,,,,,,
det_k4_l4_r4_c4_m4_w12g8_d32_s2_q2,det,fit,job_interval,2466,2,,,,,,,,
det_k4_l4_r4_c4_m4_w12g8_d32_s2_q2,det,fit,first_done,1.672000e+03,,,,,,,,,
det_k4_l4_r4_c4_m4_w12g8_d32_s2_q2,det,fit,t0,8.000000e+01,,,,,,,,,
det_k4_l4_r4_c4_m4_w12g8_d32_s2_q2,det,fit,t_iter,1.193000e+03,,,,,,,,,
det_k4_l4_r4_c4_m4_w12g8_d32_s2_q2,det,fit,max_resid,0.000000e+00,,,,,,,,,
det_k4_l4_r4_c4_m4_w12g8_d32_s2_q2,det,fit,mm.iter,208,,13,0,13,208,208,0,,
det_k4_l4_r4_c4_m4_w12g8_d32_s2_q2,det,fit,vec.init,74,,6,0,1,74,74,5,80,80
det_k4_l4_r4_c4_m4_w12g8_d32_s2_q2,det,fit,vec.iter,985,,7,0,7,985,985,0,,
det_k4_l4_r4_c4_m4_w12g8_d32_s2_q2,det,fit,vec.last,985,,6,0,6,985,985,0,,
det_k4_l4_r4_c4_m4_w12g8_d64_s3_q2,det,fit,job_interval,2461,2,,,,,,,,
det_k4_l4_r4_c4_m4_w12g8_d64_s3_q2,det,fit,job_interval,3654,3,,,,,,,,
det_k4_l4_r4_c4_m4_w12g8_d64_s3_q2,det,fit,job_interval,4847,4,,,,,,,,
det_k4_l4_r4_c4_m4_w12g8_d64_s3_q2,det,fit,job_interval,1268,1,,,,,,,,
det_k4_l4_r4_c4_m4_w12g8_d64_s3_q2,det,fit,job_interval,2461,2,,,,,,,,
det_k4_l4_r4_c4_m4_w12g8_d64_s3_q2,det,fit,first_done,1.513000e+03,,,,,,,,,
det_k4_l4_r4_c4_m4_w12g8_d64_s3_q2,det,fit,t0,7.500000e+01,,,,,,,,,
det_k4_l4_r4_c4_m4_w12g8_d64_s3_q2,det,fit,t_iter,1.193000e+03,,,,,,,,,
det_k4_l4_r4_c4_m4_w12g8_d64_s3_q2,det,fit,max_resid,0.000000e+00,,,,,,,,,
det_k4_l4_r4_c4_m4_w12g8_d64_s3_q2,det,fit,mm.iter,208,,13,0,13,208,208,0,,
det_k4_l4_r4_c4_m4_w12g8_d64_s3_q2,det,fit,vec.init,74,,6,0,1,74,74,5,75,75
det_k4_l4_r4_c4_m4_w12g8_d64_s3_q2,det,fit,vec.iter,985,,7,0,7,985,985,0,,
det_k4_l4_r4_c4_m4_w12g8_d64_s3_q2,det,fit,vec.last,985,,6,0,6,985,985,0,,
det_k4_l4_r4_c4_m4_w12g8_d64_s4_q2,det,fit,job_interval,2461,2,,,,,,,,
det_k4_l4_r4_c4_m4_w12g8_d64_s4_q2,det,fit,job_interval,3654,3,,,,,,,,
det_k4_l4_r4_c4_m4_w12g8_d64_s4_q2,det,fit,job_interval,4847,4,,,,,,,,
det_k4_l4_r4_c4_m4_w12g8_d64_s4_q2,det,fit,job_interval,1268,1,,,,,,,,
det_k4_l4_r4_c4_m4_w12g8_d64_s4_q2,det,fit,job_interval,2461,2,,,,,,,,
det_k4_l4_r4_c4_m4_w12g8_d64_s4_q2,det,fit,first_done,1.513000e+03,,,,,,,,,
det_k4_l4_r4_c4_m4_w12g8_d64_s4_q2,det,fit,t0,7.500000e+01,,,,,,,,,
det_k4_l4_r4_c4_m4_w12g8_d64_s4_q2,det,fit,t_iter,1.193000e+03,,,,,,,,,
det_k4_l4_r4_c4_m4_w12g8_d64_s4_q2,det,fit,max_resid,0.000000e+00,,,,,,,,,
det_k4_l4_r4_c4_m4_w12g8_d64_s4_q2,det,fit,mm.iter,208,,13,0,13,208,208,0,,
det_k4_l4_r4_c4_m4_w12g8_d64_s4_q2,det,fit,vec.init,74,,6,0,1,74,74,5,75,75
det_k4_l4_r4_c4_m4_w12g8_d64_s4_q2,det,fit,vec.iter,985,,7,0,7,985,985,0,,
det_k4_l4_r4_c4_m4_w12g8_d64_s4_q2,det,fit,vec.last,985,,6,0,6,985,985,0,,
det_k4_l4_r4_c4_m4_w12g8_d64_s2_q4,det,fit,job_interval,2461,2,,,,,,,,
det_k4_l4_r4_c4_m4_w12g8_d64_s2_q4,det,fit,job_interval,3654,3,,,,,,,,
det_k4_l4_r4_c4_m4_w12g8_d64_s2_q4,det,fit,job_interval,4847,4,,,,,,,,
det_k4_l4_r4_c4_m4_w12g8_d64_s2_q4,det,fit,job_interval,1268,1,,,,,,,,
det_k4_l4_r4_c4_m4_w12g8_d64_s2_q4,det,fit,job_interval,2461,2,,,,,,,,
det_k4_l4_r4_c4_m4_w12g8_d64_s2_q4,det,fit,first_done,1.513000e+03,,,,,,,,,
det_k4_l4_r4_c4_m4_w12g8_d64_s2_q4,det,fit,t0,7.500000e+01,,,,,,,,,
det_k4_l4_r4_c4_m4_w12g8_d64_s2_q4,det,fit,t_iter,1.193000e+03,,,,,,,,,
det_k4_l4_r4_c4_m4_w12g8_d64_s2_q4,det,fit,max_resid,0.000000e+00,,,,,,,,,
det_k4_l4_r4_c4_m4_w12g8_d64_s2_q4,det,fit,mm.iter,208,,13,0,13,208,208,0,,
det_k4_l4_r4_c4_m4_w12g8_d64_s2_q4,det,fit,vec.init,74,,6,0,1,74,74,5,75,75
det_k4_l4_r4_c4_m4_w12g8_d64_s2_q4,det,fit,vec.iter,985,,7,0,7,985,985,0,,
det_k4_l4_r4_c4_m4_w12g8_d64_s2_q4,det,fit,vec.last,985,,6,0,6,985,985,0,,
det_k4_l4_r4_c4_m4_w12g8_d64_s2_q8,det,fit,job_interval,2461,2,,,,,,,,
det_k4_l4_r4_c4_m4_w12g8_d64_s2_q8,det,fit,job_interval,3654,3,,,,,,,,
det_k4_l4_r4_c4_m4_w12g8_d64_s2_q8,det,fit,job_interval,4847,4,,,,,,,,
det_k4_l4_r4_c4_m4_w12g8_d64_s2_q8,det,fit,job_interval,1268,1,,,,,,,,
det_k4_l4_r4_c4_m4_w12g8_d64_s2_q8,det,fit,job_interval,2461,2,,,,,,,,
det_k4_l4_r4_c4_m4_w12g8_d64_s2_q8,det,fit,first_done,1.513000e+03,,,,,,,,,
det_k4_l4_r4_c4_m4_w12g8_d64_s2_q8,det,fit,t0,7.500000e+01,,,,,,,,,
det_k4_l4_r4_c4_m4_w12g8_d64_s2_q8,det,fit,t_iter,1.193000e+03,,,,,,,,,
det_k4_l4_r4_c4_m4_w12g8_d64_s2_q8,det,fit,max_resid,0.000000e+00,,,,,,,,,
det_k4_l4_r4_c4_m4_w12g8_d64_s2_q8,det,fit,mm.iter,208,,13,0,13,208,208,0,,
det_k4_l4_r4_c4_m4_w12g8_d64_s2_q8,det,fit,vec.init,74,,6,0,1,74,74,5,75,75
det_k4_l4_r4_c4_m4_w12g8_d64_s2_q8,det,fit,vec.iter,985,,7,0,7,985,985,0,,
det_k4_l4_r4_c4_m4_w12g8_d64_s2_q8,det,fit,vec.last,985,,6,0,6,985,985,0,,
det_k16_l16_r4_c16_m3_w16g8_d32_s4_q8,det,fit,job_interval,1763,2,,,,,,,,
det_k16_l16_r4_c16_m3_w16g8_d32_s4_q8,det,fit,job_interval,2605,3,,,,,,,,
det_k16_l16_r4_c16_m3_w16g8_d32_s4_q8,det,fit,job_interval,13551,16,,,,,,,,
det_k16_l16_r4_c16_m3_w16g8_d32_s4_q8,det,fit,job_interval,921,1,,,,,,,,
det_k16_l16_r4_c16_m3_w16g8_d32_s4_q8,det,fit,job_interval,1763,2,,,,,,,,
det_k16_l16_r4_c16_m3_w16g8_d32_s4_q8,det,fit,first_done,2.438000e+03,,,,,,,,,
det_k16_l16_r4_c16_m3_w16g8_d32_s4_q8,det,fit,t0,7.900000e+01,,,,,,,,,
det_k16_l16_r4_c16_m3_w16g8_d32_s4_q8,det,fit,t_iter,8.420000e+02,,,,,,,,,
det_k16_l16_r4_c16_m3_w16g8_d32_s4_q8,det,fit,max_resid,0.000000e+00,,,,,,,,,
det_k16_l16_r4_c16_m3_w16g8_d32_s4_q8,det,fit,mm.iter,425,,25,0,25,425,425,0,,
det_k16_l16_r4_c16_m3_w16g8_d32_s4_q8,det,fit,vec.init,73,,6,0,1,73,73,5,79,79
det_k16_l16_r4_c16_m3_w16g8_d32_s4_q8,det,fit,vec.iter,417,,19,0,19,417,417,0,,
det_k16_l16_r4_c16_m3_w16g8_d32_s4_q8,det,fit,vec.last,417,,6,0,6,417,417,0,,
det_k16_l1_r1_c4_m4_w8g0_d32_s3_q4,det,fit,job_interval,17560,2,,,,,,,,
det_k16_l1_r1_c4_m4_w8g0_d32_s3_q4,det,fit,job_interval,25821,3,,,,,,,,
det_k16_l1_r1_c4_m4_w8g0_d32_s3_q4,det,fit,job_interval,133214,16,,,,,,,,
det_k16_l1_r1_c4_m4_w8g0_d32_s3_q4,det,fit,job_interval,9299,1,,,,,,,,
det_k16_l1_r1_c4_m4_w8g0_d32_s3_q4,det,fit,job_interval,17560,2,,,,,,,,
det_k16_l1_r1_c4_m4_w8g0_d32_s3_q4,det,fit,first_done,1.081600e+04,,,,,,,,,
det_k16_l1_r1_c4_m4_w8g0_d32_s3_q4,det,fit,t0,1.038000e+03,,,,,,,,,
det_k16_l1_r1_c4_m4_w8g0_d32_s3_q4,det,fit,t_iter,8.261000e+03,,,,,,,,,
det_k16_l1_r1_c4_m4_w8g0_d32_s3_q4,det,fit,max_resid,0.000000e+00,,,,,,,,,
det_k16_l1_r1_c4_m4_w8g0_d32_s3_q4,det,fit,mm.iter,4393,,25,0,25,4393,4393,0,,
det_k16_l1_r1_c4_m4_w8g0_d32_s3_q4,det,fit,vec.init,1032,,6,0,1,1032,1032,5,1038,1038
det_k16_l1_r1_c4_m4_w8g0_d32_s3_q4,det,fit,vec.iter,3868,,19,0,19,3868,3868,0,,
det_k16_l1_r1_c4_m4_w8g0_d32_s3_q4,det,fit,vec.last,3868,,6,0,6,3868,3868,0,,
vec_k4_l2_w14g0,vec,holdout,job_interval,3288,2,,,,,,,,
vec_k4_l2_w14g0,vec,holdout,job_interval,4863,3,,,,,,,,
vec_k4_l2_w14g0,vec,holdout,job_interval,6438,4,,,,,,,,
vec_k4_l2_w14g0,vec,holdout,job_interval,1713,1,,,,,,,,
vec_k4_l2_w14g0,vec,holdout,job_interval,3288,2,,,,,,,,
vec_k4_l2_w14g0,vec,holdout,first_done,1.913000e+03,,,,,,,,,
vec_k4_l2_w14g0,vec,holdout,t0,1.380000e+02,,,,,,,,,
vec_k4_l2_w14g0,vec,holdout,t_iter,1.575000e+03,,,,,,,,,
vec_k4_l2_w14g0,vec,holdout,max_resid,0.000000e+00,,,,,,,,,
vec_k4_l2_w14g0,vec,holdout,vec.init,138,,6,0,1,138,138,5,139,139
vec_k4_l2_w14g0,vec,holdout,vec.iter,1574,,7,0,0,,,7,1574,1575
vec_k4_l2_w14g0,vec,holdout,vec.last,1574,,6,0,0,,,6,1574,1575
vec_k4_l2_w14g8,vec,holdout,job_interval,4278,2,,,,,,,,
vec_k4_l2_w14g8,vec,holdout,job_interval,6348,3,,,,,,,,
vec_k4_l2_w14g8,vec,holdout,job_interval,8418,4,,,,,,,,
vec_k4_l2_w14g8,vec,holdout,job_interval,2208,1,,,,,,,,
vec_k4_l2_w14g8,vec,holdout,job_interval,4278,2,,,,,,,,
vec_k4_l2_w14g8,vec,holdout,first_done,2.408000e+03,,,,,,,,,
vec_k4_l2_w14g8,vec,holdout,t0,1.380000e+02,,,,,,,,,
vec_k4_l2_w14g8,vec,holdout,t_iter,2.070000e+03,,,,,,,,,
vec_k4_l2_w14g8,vec,holdout,max_resid,0.000000e+00,,,,,,,,,
vec_k4_l2_w14g8,vec,holdout,vec.init,138,,6,0,1,138,138,5,139,139
vec_k4_l2_w14g8,vec,holdout,vec.iter,2069,,7,0,0,,,7,2069,2070
vec_k4_l2_w14g8,vec,holdout,vec.last,2069,,6,0,0,,,6,2069,2070
vec_k4_l4_w16g8,vec,holdout,job_interval,2301,2,,,,,,,,
vec_k4_l4_w16g8,vec,holdout,job_interval,3415,3,,,,,,,,
vec_k4_l4_w16g8,vec,holdout,job_interval,4529,4,,,,,,,,
vec_k4_l4_w16g8,vec,holdout,job_interval,1187,1,,,,,,,,
vec_k4_l4_w16g8,vec,holdout,job_interval,2301,2,,,,,,,,
vec_k4_l4_w16g8,vec,holdout,first_done,1.397000e+03,,,,,,,,,
vec_k4_l4_w16g8,vec,holdout,t0,7.300000e+01,,,,,,,,,
vec_k4_l4_w16g8,vec,holdout,t_iter,1.114000e+03,,,,,,,,,
vec_k4_l4_w16g8,vec,holdout,max_resid,0.000000e+00,,,,,,,,,
vec_k4_l4_w16g8,vec,holdout,vec.init,73,,6,0,1,73,73,5,74,74
vec_k4_l4_w16g8,vec,holdout,vec.iter,1113,,7,0,0,,,7,1113,1114
vec_k4_l4_w16g8,vec,holdout,vec.last,1113,,6,0,1,1113,1113,5,1113,1114
vec_k4_l8_w10g8,vec,holdout,job_interval,1006,2,,,,,,,,
vec_k4_l8_w10g8,vec,holdout,job_interval,1488,3,,,,,,,,
vec_k4_l8_w10g8,vec,holdout,job_interval,1970,4,,,,,,,,
vec_k4_l8_w10g8,vec,holdout,job_interval,524,1,,,,,,,,
vec_k4_l8_w10g8,vec,holdout,job_interval,1006,2,,,,,,,,
vec_k4_l8_w10g8,vec,holdout,first_done,7.660000e+02,,,,,,,,,
vec_k4_l8_w10g8,vec,holdout,t0,4.200000e+01,,,,,,,,,
vec_k4_l8_w10g8,vec,holdout,t_iter,4.820000e+02,,,,,,,,,
vec_k4_l8_w10g8,vec,holdout,max_resid,0.000000e+00,,,,,,,,,
vec_k4_l8_w10g8,vec,holdout,vec.init,42,,6,0,1,42,42,5,43,43
vec_k4_l8_w10g8,vec,holdout,vec.iter,481,,7,0,0,,,7,481,482
vec_k4_l8_w10g8,vec,holdout,vec.last,481,,6,0,1,481,481,5,481,482
vec_k4_l8_w12g0,vec,holdout,job_interval,808,2,,,,,,,,
vec_k4_l8_w12g0,vec,holdout,job_interval,1191,3,,,,,,,,
vec_k4_l8_w12g0,vec,holdout,job_interval,1574,4,,,,,,,,
vec_k4_l8_w12g0,vec,holdout,job_interval,425,1,,,,,,,,
vec_k4_l8_w12g0,vec,holdout,job_interval,808,2,,,,,,,,
vec_k4_l8_w12g0,vec,holdout,first_done,6.670000e+02,,,,,,,,,
vec_k4_l8_w12g0,vec,holdout,t0,4.200000e+01,,,,,,,,,
vec_k4_l8_w12g0,vec,holdout,t_iter,3.830000e+02,,,,,,,,,
vec_k4_l8_w12g0,vec,holdout,max_resid,0.000000e+00,,,,,,,,,
vec_k4_l8_w12g0,vec,holdout,vec.init,42,,6,0,1,42,42,5,43,43
vec_k4_l8_w12g0,vec,holdout,vec.iter,382,,7,0,0,,,7,382,383
vec_k4_l8_w12g0,vec,holdout,vec.last,382,,6,0,1,382,382,5,382,383
vec_k4_l8_w14g8,vec,holdout,job_interval,1158,2,,,,,,,,
vec_k4_l8_w14g8,vec,holdout,job_interval,1716,3,,,,,,,,
vec_k4_l8_w14g8,vec,holdout,job_interval,2274,4,,,,,,,,
vec_k4_l8_w14g8,vec,holdout,job_interval,600,1,,,,,,,,
vec_k4_l8_w14g8,vec,holdout,job_interval,1158,2,,,,,,,,
vec_k4_l8_w14g8,vec,holdout,first_done,8.420000e+02,,,,,,,,,
vec_k4_l8_w14g8,vec,holdout,t0,4.200000e+01,,,,,,,,,
vec_k4_l8_w14g8,vec,holdout,t_iter,5.580000e+02,,,,,,,,,
vec_k4_l8_w14g8,vec,holdout,max_resid,0.000000e+00,,,,,,,,,
vec_k4_l8_w14g8,vec,holdout,vec.init,42,,6,0,1,42,42,5,43,43
vec_k4_l8_w14g8,vec,holdout,vec.iter,557,,7,0,0,,,7,557,558
vec_k4_l8_w14g8,vec,holdout,vec.last,557,,6,0,1,557,557,5,557,558
vec_k4_l16_w16g0,vec,holdout,job_interval,519,2,,,,,,,,
vec_k4_l16_w16g0,vec,holdout,job_interval,766,3,,,,,,,,
vec_k4_l16_w16g0,vec,holdout,job_interval,1013,4,,,,,,,,
vec_k4_l16_w16g0,vec,holdout,job_interval,272,1,,,,,,,,
vec_k4_l16_w16g0,vec,holdout,job_interval,519,2,,,,,,,,
vec_k4_l16_w16g0,vec,holdout,first_done,5.300000e+02,,,,,,,,,
vec_k4_l16_w16g0,vec,holdout,t0,2.500000e+01,,,,,,,,,
vec_k4_l16_w16g0,vec,holdout,t_iter,2.470000e+02,,,,,,,,,
vec_k4_l16_w16g0,vec,holdout,max_resid,0.000000e+00,,,,,,,,,
vec_k4_l16_w16g0,vec,holdout,vec.init,25,,6,0,1,25,25,5,26,26
vec_k4_l16_w16g0,vec,holdout,vec.iter,246,,7,0,0,,,7,246,247
vec_k4_l16_w16g0,vec,holdout,vec.last,246,,6,0,1,246,246,5,246,247
vec_k8_l1_w14g4,vec,holdout,job_interval,8678,2,,,,,,,,
vec_k8_l1_w14g4,vec,holdout,job_interval,12756,3,,,,,,,,
vec_k8_l1_w14g4,vec,holdout,job_interval,33146,8,,,,,,,,
vec_k8_l1_w14g4,vec,holdout,job_interval,4600,1,,,,,,,,
vec_k8_l1_w14g4,vec,holdout,job_interval,8678,2,,,,,,,,
vec_k8_l1_w14g4,vec,holdout,first_done,4.944000e+03,,,,,,,,,
vec_k8_l1_w14g4,vec,holdout,t0,5.220000e+02,,,,,,,,,
vec_k8_l1_w14g4,vec,holdout,t_iter,4.078000e+03,,,,,,,,,
vec_k8_l1_w14g4,vec,holdout,max_resid,0.000000e+00,,,,,,,,,
vec_k8_l1_w14g4,vec,holdout,vec.init,522,,6,0,1,522,522,5,523,523
vec_k8_l1_w14g4,vec,holdout,vec.iter,4077,,11,0,0,,,11,4077,4078
vec_k8_l1_w14g4,vec,holdout,vec.last,4077,,6,0,0,,,6,4077,4078
vec_k8_l8_w8g0,vec,holdout,job_interval,834,2,,,,,,,,
vec_k8_l8_w8g0,vec,holdout,job_interval,1215,3,,,,,,,,
vec_k8_l8_w8g0,vec,holdout,job_interval,3120,8,,,,,,,,
vec_k8_l8_w8g0,vec,holdout,job_interval,453,1,,,,,,,,
vec_k8_l8_w8g0,vec,holdout,job_interval,834,2,,,,,,,,
vec_k8_l8_w8g0,vec,holdout,first_done,8.770000e+02,,,,,,,,,
vec_k8_l8_w8g0,vec,holdout,t0,7.200000e+01,,,,,,,,,
vec_k8_l8_w8g0,vec,holdout,t_iter,3.810000e+02,,,,,,,,,
vec_k8_l8_w8g0,vec,holdout,max_resid,0.000000e+00,,,,,,,,,
vec_k8_l8_w8g0,vec,holdout,vec.init,72,,6,0,1,72,72,5,73,73
vec_k8_l8_w8g0,vec,holdout,vec.iter,380,,11,0,0,,,11,380,381
vec_k8_l8_w8g0,vec,holdout,vec.last,380,,6,0,1,380,380,5,380,381
vec_k8_l8_w16g4,vec,holdout,job_interval,1229,2,,,,,,,,
vec_k8_l8_w16g4,vec,holdout,job_interval,1807,3,,,,,,,,
vec_k8_l8_w16g4,vec,holdout,job_interval,4697,8,,,,,,,,
vec_k8_l8_w16g4,vec,holdout,job_interval,651,1,,,,,,,,
vec_k8_l8_w16g4,vec,holdout,job_interval,1229,2,,,,,,,,
vec_k8_l8_w16g4,vec,holdout,first_done,1.073000e+03,,,,,,,,,
vec_k8_l8_w16g4,vec,holdout,t0,7.300000e+01,,,,,,,,,
vec_k8_l8_w16g4,vec,holdout,t_iter,5.780000e+02,,,,,,,,,
vec_k8_l8_w16g4,vec,holdout,max_resid,0.000000e+00,,,,,,,,,
vec_k8_l8_w16g4,vec,holdout,vec.init,73,,6,0,1,73,73,5,74,74
vec_k8_l8_w16g4,vec,holdout,vec.iter,577,,11,0,0,,,11,577,578
vec_k8_l8_w16g4,vec,holdout,vec.last,577,,6,0,1,577,577,5,577,578
vec_k8_l16_w8g4,vec,holdout,job_interval,567,2,,,,,,,,
vec_k8_l16_w8g4,vec,holdout,job_interval,804,3,,,,,,,,
vec_k8_l16_w8g4,vec,holdout,job_interval,1989,8,,,,,,,,
vec_k8_l16_w8g4,vec,holdout,job_interval,377,1,,,,,,,,
vec_k8_l16_w8g4,vec,holdout,job_interval,567,2,,,,,,,,
vec_k8_l16_w8g4,vec,holdout,first_done,7.330000e+02,,,,,,,,,
vec_k8_l16_w8g4,vec,holdout,t0,1.131429e+02,,,,,,,,,
vec_k8_l16_w8g4,vec,holdout,t_iter,2.336429e+02,,,,,,,,,
vec_k8_l16_w8g4,vec,holdout,max_resid,3.021429e+01,,,,,,,,,
vec_k8_l16_w8g4,vec,holdout,vec.init,40,,6,1,1,40,40,4,41,41
vec_k8_l16_w8g4,vec,holdout,vec.iter,237,,11,4,0,,,7,237,237
vec_k8_l16_w8g4,vec,holdout,vec.last,236,,6,0,1,236,236,5,236,237
vec_k8_l16_w14g4,vec,holdout,job_interval,638,2,,,,,,,,
vec_k8_l16_w14g4,vec,holdout,job_interval,936,3,,,,,,,,
vec_k8_l16_w14g4,vec,holdout,job_interval,2426,8,,,,,,,,
vec_k8_l16_w14g4,vec,holdout,job_interval,377,1,,,,,,,,
vec_k8_l16_w14g4,vec,holdout,job_interval,628,2,,,,,,,,
vec_k8_l16_w14g4,vec,holdout,first_done,7.940000e+02,,,,,,,,,
vec_k8_l16_w14g4,vec,holdout,t0,5.461039e+01,,,,,,,,,
vec_k8_l16_w14g4,vec,holdout,t_iter,2.957468e+02,,,,,,,,,
vec_k8_l16_w14g4,vec,holdout,max_resid,2.664286e+01,,,,,,,,,
vec_k8_l16_w14g4,vec,holdout,vec.init,42,,6,0,1,42,42,5,43,43
vec_k8_l16_w14g4,vec,holdout,vec.iter,297,,11,1,0,,,10,297,298
vec_k8_l16_w14g4,vec,holdout,vec.last,297,,6,0,1,297,297,5,297,298
mm_k4_r2_c32_m4_w8_l1,mm,holdout,job_interval,712,2,,,,,,,,
mm_k4_r2_c32_m4_w8_l1,mm,holdout,job_interval,1064,3,,,,,,,,
mm_k4_r2_c32_m4_w8_l1,mm,holdout,job_interval,1416,4,,,,,,,,
mm_k4_r2_c32_m4_w8_l1,mm,holdout,job_interval,360,1,,,,,,,,
mm_k4_r2_c32_m4_w8_l1,mm,holdout,job_interval,712,2,,,,,,,,
mm_k4_r2_c32_m4_w8_l1,mm,holdout,first_done,5.960000e+02,,,,,,,,,
mm_k4_r2_c32_m4_w8_l1,mm,holdout,t0,8.000000e+00,,,,,,,,,
mm_k4_r2_c32_m4_w8_l1,mm,holdout,t_iter,3.520000e+02,,,,,,,,,
mm_k4_r2_c32_m4_w8_l1,mm,holdout,max_resid,0.000000e+00,,,,,,,,,
mm_k4_r2_c32_m4_w8_l1,mm,holdout,mm.iter,352,,13,0,1,352,352,12,352,353
mm_k4_r4_c16_m3_w8_l1,mm,holdout,job_interval,664,2,,,,,,,,
mm_k4_r4_c16_m3_w8_l1,mm,holdout,job_interval,992,3,,,,,,,,
mm_k4_r4_c16_m3_w8_l1,mm,holdout,job_interval,1320,4,,,,,,,,
mm_k4_r4_c16_m3_w8_l1,mm,holdout,job_interval,336,1,,,,,,,,
mm_k4_r4_c16_m3_w8_l1,mm,holdout,job_interval,664,2,,,,,,,,
mm_k4_r4_c16_m3_w8_l1,mm,holdout,first_done,5.720000e+02,,,,,,,,,
mm_k4_r4_c16_m3_w8_l1,mm,holdout,t0,8.000000e+00,,,,,,,,,
mm_k4_r4_c16_m3_w8_l1,mm,holdout,t_iter,3.280000e+02,,,,,,,,,
mm_k4_r4_c16_m3_w8_l1,mm,holdout,max_resid,0.000000e+00,,,,,,,,,
mm_k4_r4_c16_m3_w8_l1,mm,holdout,mm.iter,328,,13,0,1,328,328,12,328,329
mm_k4_r1_c32_m4_w14_l2,mm,holdout,job_interval,616,2,,,,,,,,
mm_k4_r1_c32_m4_w14_l2,mm,holdout,job_interval,920,3,,,,,,,,
mm_k4_r1_c32_m4_w14_l2,mm,holdout,job_interval,1224,4,,,,,,,,
mm_k4_r1_c32_m4_w14_l2,mm,holdout,job_interval,312,1,,,,,,,,
mm_k4_r1_c32_m4_w14_l2,mm,holdout,job_interval,616,2,,,,,,,,
mm_k4_r1_c32_m4_w14_l2,mm,holdout,first_done,5.480000e+02,,,,,,,,,
mm_k4_r1_c32_m4_w14_l2,mm,holdout,t0,8.000000e+00,,,,,,,,,
mm_k4_r1_c32_m4_w14_l2,mm,holdout,t_iter,3.040000e+02,,,,,,,,,
mm_k4_r1_c32_m4_w14_l2,mm,holdout,max_resid,0.000000e+00,,,,,,,,,
mm_k4_r1_c32_m4_w14_l2,mm,holdout,mm.iter,304,,13,0,1,304,304,12,304,305
mm_k4_r4_c32_m3_w10_l2,mm,holdout,job_interval,367,2,,,,,,,,
mm_k4_r4_c32_m3_w10_l2,mm,holdout,job_interval,547,3,,,,,,,,
mm_k4_r4_c32_m3_w10_l2,mm,holdout,job_interval,727,4,,,,,,,,
mm_k4_r4_c32_m3_w10_l2,mm,holdout,job_interval,187,1,,,,,,,,
mm_k4_r4_c32_m3_w10_l2,mm,holdout,job_interval,367,2,,,,,,,,
mm_k4_r4_c32_m3_w10_l2,mm,holdout,first_done,4.230000e+02,,,,,,,,,
mm_k4_r4_c32_m3_w10_l2,mm,holdout,t0,7.000000e+00,,,,,,,,,
mm_k4_r4_c32_m3_w10_l2,mm,holdout,t_iter,1.800000e+02,,,,,,,,,
mm_k4_r4_c32_m3_w10_l2,mm,holdout,max_resid,0.000000e+00,,,,,,,,,
mm_k4_r4_c32_m3_w10_l2,mm,holdout,mm.iter,179,,13,0,8,179,179,5,180,180
mm_k4_r2_c4_m3_w14_l4,mm,holdout,job_interval,706,2,,,,,,,,
mm_k4_r2_c4_m3_w14_l4,mm,holdout,job_interval,1055,3,,,,,,,,
mm_k4_r2_c4_m3_w14_l4,mm,holdout,job_interval,1404,4,,,,,,,,
mm_k4_r2_c4_m3_w14_l4,mm,holdout,job_interval,357,1,,,,,,,,
mm_k4_r2_c4_m3_w14_l4,mm,holdout,job_interval,706,2,,,,,,,,
mm_k4_r2_c4_m3_w14_l4,mm,holdout,first_done,5.940000e+02,,,,,,,,,
mm_k4_r2_c4_m3_w14_l4,mm,holdout,t0,8.000000e+00,,,,,,,,,
mm_k4_r2_c4_m3_w14_l4,mm,holdout,t_iter,3.490000e+02,,,,,,,,,
mm_k4_r2_c4_m3_w14_l4,mm,holdout,max_resid,0.000000e+00,,,,,,,,,
mm_k4_r2_c4_m3_w14_l4,mm,holdout,mm.iter,349,,13,0,1,349,349,12,349,350
mm_k4_r4_c8_m4_w8_l4,mm,holdout,job_interval,328,2,,,,,,,,
mm_k4_r4_c8_m4_w8_l4,mm,holdout,job_interval,488,3,,,,,,,,
mm_k4_r4_c8_m4_w8_l4,mm,holdout,job_interval,648,4,,,,,,,,
mm_k4_r4_c8_m4_w8_l4,mm,holdout,job_interval,168,1,,,,,,,,
mm_k4_r4_c8_m4_w8_l4,mm,holdout,job_interval,328,2,,,,,,,,
mm_k4_r4_c8_m4_w8_l4,mm,holdout,first_done,4.050000e+02,,,,,,,,,
mm_k4_r4_c8_m4_w8_l4,mm,holdout,t0,8.000000e+00,,,,,,,,,
mm_k4_r4_c8_m4_w8_l4,mm,holdout,t_iter,1.600000e+02,,,,,,,,,
mm_k4_r4_c8_m4_w8_l4,mm,holdout,max_resid,0.000000e+00,,,,,,,,,
mm_k4_r4_c8_m4_w8_l4,mm,holdout,mm.iter,160,,13,0,1,160,160,12,160,161
mm_k8_r1_c4_m4_w10_l2,mm,holdout,job_interval,2880,2,,,,,,,,
mm_k8_r1_c4_m4_w10_l2,mm,holdout,job_interval,4313,3,,,,,,,,
mm_k8_r1_c4_m4_w10_l2,mm,holdout,job_interval,11478,8,,,,,,,,
mm_k8_r1_c4_m4_w10_l2,mm,holdout,job_interval,1447,1,,,,,,,,
mm_k8_r1_c4_m4_w10_l2,mm,holdout,job_interval,2880,2,,,,,,,,
mm_k8_r1_c4_m4_w10_l2,mm,holdout,first_done,1.846000e+03,,,,,,,,,
mm_k8_r1_c4_m4_w10_l2,mm,holdout,t0,1.400000e+01,,,,,,,,,
mm_k8_r1_c4_m4_w10_l2,mm,holdout,t_iter,1.433000e+03,,,,,,,,,
mm_k8_r1_c4_m4_w10_l2,mm,holdout,max_resid,0.000000e+00,,,,,,,,,
mm_k8_r1_c4_m4_w10_l2,mm,holdout,mm.iter,1433,,17,0,1,1433,1433,16,1433,1436
mm_k8_r4_c8_m4_w8_l2,mm,holdout,job_interval,968,2,,,,,,,,
mm_k8_r4_c8_m4_w8_l2,mm,holdout,job_interval,1445,3,,,,,,,,
mm_k8_r4_c8_m4_w8_l2,mm,holdout,job_interval,3830,8,,,,,,,,
mm_k8_r4_c8_m4_w8_l2,mm,holdout,job_interval,491,1,,,,,,,,
mm_k8_r4_c8_m4_w8_l2,mm,holdout,job_interval,968,2,,,,,,,,
mm_k8_r4_c8_m4_w8_l2,mm,holdout,first_done,8.900000e+02,,,,,,,,,
mm_k8_r4_c8_m4_w8_l2,mm,holdout,t0,1.400000e+01,,,,,,,,,
mm_k8_r4_c8_m4_w8_l2,mm,holdout,t_iter,4.770000e+02,,,,,,,,,
mm_k8_r4_c8_m4_w8_l2,mm,holdout,max_resid,0.000000e+00,,,,,,,,,
mm_k8_r4_c8_m4_w8_l2,mm,holdout,mm.iter,477,,17,0,1,477,477,16,477,480
mm_k8_r1_c8_m3_w14_l4,mm,holdout,job_interval,1856,2,,,,,,,,
mm_k8_r1_c8_m3_w14_l4,mm,holdout,job_interval,2777,3,,,,,,,,
mm_k8_r1_c8_m3_w14_l4,mm,holdout,job_interval,7382,8,,,,,,,,
mm_k8_r1_c8_m3_w14_l4,mm,holdout,job_interval,935,1,,,,,,,,
mm_k8_r1_c8_m3_w14_l4,mm,holdout,job_interval,1856,2,,,,,,,,
mm_k8_r1_c8_m3_w14_l4,mm,holdout,first_done,1.335000e+03,,,,,,,,,
mm_k8_r1_c8_m3_w14_l4,mm,holdout,t0,1.400000e+01,,,,,,,,,
mm_k8_r1_c8_m3_w14_l4,mm,holdout,t_iter,9.210000e+02,,,,,,,,,
mm_k8_r1_c8_m3_w14_l4,mm,holdout,max_resid,0.000000e+00,,,,,,,,,
mm_k8_r1_c8_m3_w14_l4,mm,holdout,mm.iter,921,,17,0,1,921,921,16,921,924
mm_k16_r4_c32_m3_w8_l2,mm,holdout,job_interval,1546,2,,,,,,,,
mm_k16_r4_c32_m3_w8_l2,mm,holdout,job_interval,2306,3,,,,,,,,
mm_k16_r4_c32_m3_w8_l2,mm,holdout,job_interval,12186,16,,,,,,,,
mm_k16_r4_c32_m3_w8_l2,mm,holdout,job_interval,786,1,,,,,,,,
mm_k16_r4_c32_m3_w8_l2,mm,holdout,job_interval,1546,2,,,,,,,,
mm_k16_r4_c32_m3_w8_l2,mm,holdout,first_done,1.563000e+03,,,,,,,,,
mm_k16_r4_c32_m3_w8_l2,mm,holdout,t0,2.600000e+01,,,,,,,,,
mm_k16_r4_c32_m3_w8_l2,mm,holdout,t_iter,7.600000e+02,,,,,,,,,
mm_k16_r4_c32_m3_w8_l2,mm,holdout,max_resid,0.000000e+00,,,,,,,,,
mm_k16_r4_c32_m3_w8_l2,mm,holdout,mm.iter,760,,25,0,1,760,760,24,760,767
mm_k16_r4_c16_m3_w12_l4,mm,holdout,job_interval,1276,2,,,,,,,,
mm_k16_r4_c16_m3_w12_l4,mm,holdout,job_interval,1901,3,,,,,,,,
mm_k16_r4_c16_m3_w12_l4,mm,holdout,job_interval,10026,16,,,,,,,,
mm_k16_r4_c16_m3_w12_l4,mm,holdout,job_interval,651,1,,,,,,,,
mm_k16_r4_c16_m3_w12_l4,mm,holdout,job_interval,1276,2,,,,,,,,
mm_k16_r4_c16_m3_w12_l4,mm,holdout,first_done,1.429000e+03,,,,,,,,,
mm_k16_r4_c16_m3_w12_l4,mm,holdout,t0,2.600000e+01,,,,,,,,,
mm_k16_r4_c16_m3_w12_l4,mm,holdout,t_iter,6.250000e+02,,,,,,,,,
mm_k16_r4_c16_m3_w12_l4,mm,holdout,max_resid,0.000000e+00,,,,,,,,,
mm_k16_r4_c16_m3_w12_l4,mm,holdout,mm.iter,625,,25,0,1,625,625,24,625,632
mm_k16_r4_c16_m3_w16_l8,mm,holdout,job_interval,1020,2,,,,,,,,
mm_k16_r4_c16_m3_w16_l8,mm,holdout,job_interval,1517,3,,,,,,,,
mm_k16_r4_c16_m3_w16_l8,mm,holdout,job_interval,7978,16,,,,,,,,
mm_k16_r4_c16_m3_w16_l8,mm,holdout,job_interval,523,1,,,,,,,,
mm_k16_r4_c16_m3_w16_l8,mm,holdout,job_interval,1020,2,,,,,,,,
mm_k16_r4_c16_m3_w16_l8,mm,holdout,first_done,1.300000e+03,,,,,,,,,
mm_k16_r4_c16_m3_w16_l8,mm,holdout,t0,2.600000e+01,,,,,,,,,
mm_k16_r4_c16_m3_w16_l8,mm,holdout,t_iter,4.970000e+02,,,,,,,,,
mm_k16_r4_c16_m3_w16_l8,mm,holdout,max_resid,0.000000e+00,,,,,,,,,
mm_k16_r4_c16_m3_w16_l8,mm,holdout,mm.iter,497,,25,0,1,497,497,24,497,504
det_k4_l1_r4_c8_m4_w16g4_d64_s2_q2,det,holdout,job_interval,8492,2,,,,,,,,
det_k4_l1_r4_c8_m4_w16g4_d64_s2_q2,det,holdout,job_interval,12605,3,,,,,,,,
det_k4_l1_r4_c8_m4_w16g4_d64_s2_q2,det,holdout,job_interval,16718,4,,,,,,,,
det_k4_l1_r4_c8_m4_w16g4_d64_s2_q2,det,holdout,job_interval,4379,1,,,,,,,,
det_k4_l1_r4_c8_m4_w16g4_d64_s2_q2,det,holdout,job_interval,8492,2,,,,,,,,
det_k4_l1_r4_c8_m4_w16g4_d64_s2_q2,det,holdout,first_done,4.622000e+03,,,,,,,,,
det_k4_l1_r4_c8_m4_w16g4_d64_s2_q2,det,holdout,t0,2.660000e+02,,,,,,,,,
det_k4_l1_r4_c8_m4_w16g4_d64_s2_q2,det,holdout,t_iter,4.113000e+03,,,,,,,,,
det_k4_l1_r4_c8_m4_w16g4_d64_s2_q2,det,holdout,max_resid,0.000000e+00,,,,,,,,,
det_k4_l1_r4_c8_m4_w16g4_d64_s2_q2,det,holdout,mm.iter,352,,13,0,13,352,352,0,,
det_k4_l1_r4_c8_m4_w16g4_d64_s2_q2,det,holdout,vec.init,265,,6,0,1,265,265,5,266,266
det_k4_l1_r4_c8_m4_w16g4_d64_s2_q2,det,holdout,vec.iter,3761,,7,0,7,3761,3761,0,,
det_k4_l1_r4_c8_m4_w16g4_d64_s2_q2,det,holdout,vec.last,3761,,6,0,6,3761,3761,0,,
det_k4_l1_r4_c16_m4_w12g4_d32_s2_q4,det,holdout,job_interval,7660,2,,,,,,,,
det_k4_l1_r4_c16_m4_w12g4_d32_s2_q4,det,holdout,job_interval,11354,3,,,,,,,,
det_k4_l1_r4_c16_m4_w12g4_d32_s2_q4,det,holdout,job_interval,15048,4,,,,,,,,
det_k4_l1_r4_c16_m4_w12g4_d32_s2_q4,det,holdout,job_interval,3966,1,,,,,,,,
det_k4_l1_r4_c16_m4_w12g4_d32_s2_q4,det,holdout,job_interval,7660,2,,,,,,,,
det_k4_l1_r4_c16_m4_w12g4_d32_s2_q4,det,holdout,first_done,4.364000e+03,,,,,,,,,
det_k4_l1_r4_c16_m4_w12g4_d32_s2_q4,det,holdout,t0,2.720000e+02,,,,,,,,,
det_k4_l1_r4_c16_m4_w12g4_d32_s2_q4,det,holdout,t_iter,3.694000e+03,,,,,,,,,
det_k4_l1_r4_c16_m4_w12g4_d32_s2_q4,det,holdout,max_resid,0.000000e+00,,,,,,,,,
det_k4_l1_r4_c16_m4_w12g4_d32_s2_q4,det,holdout,mm.iter,324,,13,0,13,324,324,0,,
det_k4_l1_r4_c16_m4_w12g4_d32_s2_q4,det,holdout,vec.init,266,,6,0,1,266,266,5,272,272
det_k4_l1_r4_c16_m4_w12g4_d32_s2_q4,det,holdout,vec.iter,3370,,7,0,7,3370,3370,0,,
det_k4_l1_r4_c16_m4_w12g4_d32_s2_q4,det,holdout,vec.last,3370,,6,0,6,3370,3370,0,,
det_k4_l2_r2_c8_m4_w12g0_d32_s4_q4,det,holdout,job_interval,3598,2,,,,,,,,
det_k4_l2_r2_c8_m4_w12g0_d32_s4_q4,det,holdout,job_interval,5325,3,,,,,,,,
det_k4_l2_r2_c8_m4_w12g0_d32_s4_q4,det,holdout,job_interval,7052,4,,,,,,,,
det_k4_l2_r2_c8_m4_w12g0_d32_s4_q4,det,holdout,job_interval,1871,1,,,,,,,,
det_k4_l2_r2_c8_m4_w12g0_d32_s4_q4,det,holdout,job_interval,3598,2,,,,,,,,
det_k4_l2_r2_c8_m4_w12g0_d32_s4_q4,det,holdout,first_done,2.269000e+03,,,,,,,,,
det_k4_l2_r2_c8_m4_w12g0_d32_s4_q4,det,holdout,t0,1.440000e+02,,,,,,,,,
det_k4_l2_r2_c8_m4_w12g0_d32_s4_q4,det,holdout,t_iter,1.727000e+03,,,,,,,,,
det_k4_l2_r2_c8_m4_w12g0_d32_s4_q4,det,holdout,max_resid,0.000000e+00,,,,,,,,,
det_k4_l2_r2_c8_m4_w12g0_d32_s4_q4,det,holdout,mm.iter,301,,13,0,13,301,301,0,,
det_k4_l2_r2_c8_m4_w12g0_d32_s4_q4,det,holdout,vec.init,138,,6,0,1,138,138,5,144,144
det_k4_l2_r2_c8_m4_w12g0_d32_s4_q4,det,holdout,vec.iter,1426,,7,0,7,1426,1426,0,,
det_k4_l2_r2_c8_m4_w12g0_d32_s4_q4,det,holdout,vec.last,1426,,6,0,6,1426,1426,0,,
det_k4_l2_r4_c8_m3_w8g8_d32_s3_q4,det,holdout,job_interval,3922,2,,,,,,,,
det_k4_l2_r4_c8_m3_w8g8_d32_s3_q4,det,holdout,job_interval,5812,3,,,,,,,,
det_k4_l2_r4_c8_m3_w8g8_d32_s3_q4,det,holdout,job_interval,7702,4,,,,,,,,
det_k4_l2_r4_c8_m3_w8g8_d32_s3_q4,det,holdout,job_interval,2032,1,,,,,,,,
det_k4_l2_r4_c8_m3_w8g8_d32_s3_q4,det,holdout,job_interval,3922,2,,,,,,,,
det_k4_l2_r4_c8_m3_w8g8_d32_s3_q4,det,holdout,first_done,2.430000e+03,,,,,,,,,
det_k4_l2_r4_c8_m3_w8g8_d32_s3_q4,det,holdout,t0,1.420000e+02,,,,,,,,,
det_k4_l2_r4_c8_m3_w8g8_d32_s3_q4,det,holdout,t_iter,1.890000e+03,,,,,,,,,
det_k4_l2_r4_c8_m3_w8g8_d32_s3_q4,det,holdout,max_resid,0.000000e+00,,,,,,,,,
det_k4_l2_r4_c8_m3_w8g8_d32_s3_q4,det,holdout,mm.iter,232,,13,0,13,232,232,0,,
det_k4_l2_r4_c8_m3_w8g8_d32_s3_q4,det,holdout,vec.init,136,,6,0,1,136,136,5,142,142
det_k4_l2_r4_c8_m3_w8g8_d32_s3_q4,det,holdout,vec.iter,1658,,7,0,7,1658,1658,0,,
det_k4_l2_r4_c8_m3_w8g8_d32_s3_q4,det,holdout,vec.last,1658,,6,0,6,1658,1658,0,,
det_k4_l2_r4_c16_m3_w14g8_d64_s2_q4,det,holdout,job_interval,4677,2,,,,,,,,
det_k4_l2_r4_c16_m3_w14g8_d64_s2_q4,det,holdout,job_interval,6946,3,,,,,,,,
det_k4_l2_r4_c16_m3_w14g8_d64_s2_q4,det,holdout,job_interval,9215,4,,,,,,,,
det_k4_l2_r4_c16_m3_w14g8_d64_s2_q4,det,holdout,job_interval,2408,1,,,,,,,,
det_k4_l2_r4_c16_m3_w14g8_d64_s2_q4,det,holdout,job_interval,4677,2,,,,,,,,
det_k4_l2_r4_c16_m3_w14g8_d64_s2_q4,det,holdout,first_done,2.652000e+03,,,,,,,,,
det_k4_l2_r4_c16_m3_w14g8_d64_s2_q4,det,holdout,t0,1.390000e+02,,,,,,,,,
det_k4_l2_r4_c16_m3_w14g8_d64_s2_q4,det,holdout,t_iter,2.269000e+03,,,,,,,,,
det_k4_l2_r4_c16_m3_w14g8_d64_s2_q4,det,holdout,max_resid,0.000000e+00,,,,,,,,,
det_k4_l2_r4_c16_m3_w14g8_d64_s2_q4,det,holdout,mm.iter,200,,13,0,13,200,200,0,,
det_k4_l2_r4_c16_m3_w14g8_d64_s2_q4,det,holdout,vec.init,138,,6,0,1,138,138,5,139,139
det_k4_l2_r4_c16_m3_w14g8_d64_s2_q4,det,holdout,vec.iter,2069,,7,0,7,2069,2069,0,,
det_k4_l2_r4_c16_m3_w14g8_d64_s2_q4,det,holdout,vec.last,2069,,6,0,6,2069,2069,0,,
det_k4_l16_r2_c32_m3_w12g0_d64_s2_q8,det,holdout,job_interval,675,2,,,,,,,,
det_k4_l16_r2_c32_m3_w12g0_d64_s2_q8,det,holdout,job_interval,999,3,,,,,,,,
det_k4_l16_r2_c32_m3_w12g0_d64_s2_q8,det,holdout,job_interval,1323,4,,,,,,,,
det_k4_l16_r2_c32_m3_w12g0_d64_s2_q8,det,holdout,job_interval,351,1,,,,,,,,
det_k4_l16_r2_c32_m3_w12g0_d64_s2_q8,det,holdout,job_interval,675,2,,,,,,,,
det_k4_l16_r2_c32_m3_w12g0_d64_s2_q8,det,holdout,first_done,5.960000e+02,,,,,,,,,
det_k4_l16_r2_c32_m3_w12g0_d64_s2_q8,det,holdout,t0,2.700000e+01,,,,,,,,,
det_k4_l16_r2_c32_m3_w12g0_d64_s2_q8,det,holdout,t_iter,3.240000e+02,,,,,,,,,
det_k4_l16_r2_c32_m3_w12g0_d64_s2_q8,det,holdout,max_resid,0.000000e+00,,,,,,,,,
det_k4_l16_r2_c32_m3_w12g0_d64_s2_q8,det,holdout,mm.iter,116,,13,0,13,116,116,0,,
det_k4_l16_r2_c32_m3_w12g0_d64_s2_q8,det,holdout,vec.init,26,,6,0,1,26,26,5,27,27
det_k4_l16_r2_c32_m3_w12g0_d64_s2_q8,det,holdout,vec.iter,208,,7,0,7,208,208,0,,
det_k4_l16_r2_c32_m3_w12g0_d64_s2_q8,det,holdout,vec.last,208,,6,0,6,208,208,0,,
det_k8_l1_r1_c16_m3_w16g4_d32_s2_q2,det,holdout,job_interval,11171,2,,,,,,,,
det_k8_l1_r1_c16_m3_w16g4_d32_s2_q2,det,holdout,job_interval,16493,3,,,,,,,,
det_k8_l1_r1_c16_m3_w16g4_d32_s2_q2,det,holdout,job_interval,43103,8,,,,,,,,
det_k8_l1_r1_c16_m3_w16g4_d32_s2_q2,det,holdout,job_interval,5849,1,,,,,,,,
det_k8_l1_r1_c16_m3_w16g4_d32_s2_q2,det,holdout,job_interval,11171,2,,,,,,,,
det_k8_l1_r1_c16_m3_w16g4_d32_s2_q2,det,holdout,first_done,6.585000e+03,,,,,,,,,
det_k8_l1_r1_c16_m3_w16g4_d32_s2_q2,det,holdout,t0,5.270000e+02,,,,,,,,,
det_k8_l1_r1_c16_m3_w16g4_d32_s2_q2,det,holdout,t_iter,5.322000e+03,,,,,,,,,
det_k8_l1_r1_c16_m3_w16g4_d32_s2_q2,det,holdout,max_resid,0.000000e+00,,,,,,,,,
det_k8_l1_r1_c16_m3_w16g4_d32_s2_q2,det,holdout,mm.iter,1049,,17,0,17,1049,1049,0,,
det_k8_l1_r1_c16_m3_w16g4_d32_s2_q2,det,holdout,vec.init,521,,6,0,1,521,521,5,527,527
det_k8_l1_r1_c16_m3_w16g4_d32_s2_q2,det,holdout,vec.iter,4273,,11,0,11,4273,4273,0,,
det_k8_l1_r1_c16_m3_w16g4_d32_s2_q2,det,holdout,vec.last,4273,,6,0,6,4273,4273,0,,
det_k8_l4_r1_c4_m4_w12g4_d64_s2_q4,det,holdout,job_interval,3685,2,,,,,,,,
det_k8_l4_r1_c4_m4_w12g4_d64_s2_q4,det,holdout,job_interval,5458,3,,,,,,,,
det_k8_l4_r1_c4_m4_w12g4_d64_s2_q4,det,holdout,job_interval,14323,8,,,,,,,,
det_k8_l4_r1_c4_m4_w12g4_d64_s2_q4,det,holdout,job_interval,1912,1,,,,,,,,
det_k8_l4_r1_c4_m4_w12g4_d64_s2_q4,det,holdout,job_interval,3685,2,,,,,,,,
det_k8_l4_r1_c4_m4_w12g4_d64_s2_q4,det,holdout,first_done,2.326000e+03,,,,,,,,,
det_k8_l4_r1_c4_m4_w12g4_d64_s2_q4,det,holdout,t0,1.390000e+02,,,,,,,,,
det_k8_l4_r1_c4_m4_w12g4_d64_s2_q4,det,holdout,t_iter,1.773000e+03,,,,,,,,,
det_k8_l4_r1_c4_m4_w12g4_d64_s2_q4,det,holdout,max_resid,0.000000e+00,,,,,,,,,
det_k8_l4_r1_c4_m4_w12g4_d64_s2_q4,det,holdout,mm.iter,779,,17,0,17,779,779,0,,
det_k8_l4_r1_c4_m4_w12g4_d64_s2_q4,det,holdout,vec.init,138,,6,0,1,138,138,5,139,139
det_k8_l4_r1_c4_m4_w12g4_d64_s2_q4,det,holdout,vec.iter,994,,11,0,11,994,994,0,,
det_k8_l4_r1_c4_m4_w12g4_d64_s2_q4,det,holdout,vec.last,994,,6,0,6,994,994,0,,
det_k8_l4_r8_c32_m4_w12g4_d32_s4_q2,det,holdout,job_interval,2502,2,,,,,,,,
det_k8_l4_r8_c32_m4_w12g4_d32_s4_q2,det,holdout,job_interval,3681,3,,,,,,,,
det_k8_l4_r8_c32_m4_w12g4_d32_s4_q2,det,holdout,job_interval,9576,8,,,,,,,,
det_k8_l4_r8_c32_m4_w12g4_d32_s4_q2,det,holdout,job_interval,1323,1,,,,,,,,
det_k8_l4_r8_c32_m4_w12g4_d32_s4_q2,det,holdout,job_interval,2502,2,,,,,,,,
det_k8_l4_r8_c32_m4_w12g4_d32_s4_q2,det,holdout,first_done,2.061000e+03,,,,,,,,,
det_k8_l4_r8_c32_m4_w12g4_d32_s4_q2,det,holdout,t0,1.440000e+02,,,,,,,,,
det_k8_l4_r8_c32_m4_w12g4_d32_s4_q2,det,holdout,t_iter,1.179000e+03,,,,,,,,,
det_k8_l4_r8_c32_m4_w12g4_d32_s4_q2,det,holdout,max_resid,0.000000e+00,,,,,,,,,
det_k8_l4_r8_c32_m4_w12g4_d32_s4_q2,det,holdout,mm.iter,185,,17,0,17,185,185,0,,
det_k8_l4_r8_c32_m4_w12g4_d32_s4_q2,det,holdout,vec.init,138,,6,0,1,138,138,5,144,144
det_k8_l4_r8_c32_m4_w12g4_d32_s4_q2,det,holdout,vec.iter,994,,11,0,11,994,994,0,,
det_k8_l4_r8_c32_m4_w12g4_d32_s4_q2,det,holdout,vec.last,994,,6,0,6,994,994,0,,
det_k16_l2_r2_c4_m4_w8g0_d32_s2_q8,det,holdout,job_interval,9080,2,,,,,,,,
det_k16_l2_r2_c4_m4_w8g0_d32_s2_q8,det,holdout,job_interval,13357,3,,,,,,,,
det_k16_l2_r2_c4_m4_w8g0_d32_s2_q8,det,holdout,job_interval,68958,16,,,,,,,,
det_k16_l2_r2_c4_m4_w8g0_d32_s2_q8,det,holdout,job_interval,4803,1,,,,,,,,
det_k16_l2_r2_c4_m4_w8g0_d32_s2_q8,det,holdout,job_interval,9080,2,,,,,,,,
det_k16_l2_r2_c4_m4_w8g0_d32_s2_q8,det,holdout,first_done,6.320000e+03,,,,,,,,,
det_k16_l2_r2_c4_m4_w8g0_d32_s2_q8,det,holdout,t0,5.260000e+02,,,,,,,,,
det_k16_l2_r2_c4_m4_w8g0_d32_s2_q8,det,holdout,t_iter,4.277000e+03,,,,,,,,,
det_k16_l2_r2_c4_m4_w8g0_d32_s2_q8,det,holdout,max_resid,0.000000e+00,,,,,,,,,
det_k16_l2_r2_c4_m4_w8g0_d32_s2_q8,det,holdout,mm.iter,2329,,25,0,25,2329,2329,0,,
det_k16_l2_r2_c4_m4_w8g0_d32_s2_q8,det,holdout,vec.init,520,,6,0,1,520,520,5,526,526
det_k16_l2_r2_c4_m4_w8g0_d32_s2_q8,det,holdout,vec.iter,1948,,19,0,19,1948,1948,0,,
det_k16_l2_r2_c4_m4_w8g0_d32_s2_q8,det,holdout,vec.last,1948,,6,0,6,1948,1948,0,,
vec_k16_l1_w14g8,vec,supplement,job_interval,12278,2,,,,,,,,
vec_k16_l1_w14g8,vec,supplement,job_interval,17900,3,,,,,,,,
vec_k16_l1_w14g8,vec,supplement,job_interval,90986,16,,,,,,,,
vec_k16_l1_w14g8,vec,supplement,job_interval,6656,1,,,,,,,,
vec_k16_l1_w14g8,vec,supplement,job_interval,12278,2,,,,,,,,
vec_k16_l1_w14g8,vec,supplement,first_done,7.288000e+03,,,,,,,,,
vec_k16_l1_w14g8,vec,supplement,t0,1.034000e+03,,,,,,,,,
vec_k16_l1_w14g8,vec,supplement,t_iter,5.622000e+03,,,,,,,,,
vec_k16_l1_w14g8,vec,supplement,max_resid,0.000000e+00,,,,,,,,,
vec_k16_l1_w14g8,vec,supplement,vec.init,1034,,6,0,1,1034,1034,5,1035,1035
vec_k16_l1_w14g8,vec,supplement,vec.iter,5621,,19,0,0,,,19,5621,5622
vec_k16_l1_w14g8,vec,supplement,vec.last,5621,,6,0,0,,,6,5621,5622
vec_k16_l8_w14g0,vec,supplement,job_interval,1368,2,,,,,,,,
vec_k16_l8_w14g0,vec,supplement,job_interval,1983,3,,,,,,,,
vec_k16_l8_w14g0,vec,supplement,job_interval,9978,16,,,,,,,,
vec_k16_l8_w14g0,vec,supplement,job_interval,753,1,,,,,,,,
vec_k16_l8_w14g0,vec,supplement,job_interval,1368,2,,,,,,,,
vec_k16_l8_w14g0,vec,supplement,first_done,1.535000e+03,,,,,,,,,
vec_k16_l8_w14g0,vec,supplement,t0,1.380000e+02,,,,,,,,,
vec_k16_l8_w14g0,vec,supplement,t_iter,6.150000e+02,,,,,,,,,
vec_k16_l8_w14g0,vec,supplement,max_resid,0.000000e+00,,,,,,,,,
vec_k16_l8_w14g0,vec,supplement,vec.init,138,,6,0,1,138,138,5,139,139
vec_k16_l8_w14g0,vec,supplement,vec.iter,614,,19,0,0,,,19,614,615
vec_k16_l8_w14g0,vec,supplement,vec.last,614,,6,0,1,614,614,5,614,615
mm_k16_r2_c32_m4_w14_l16,mm,supplement,job_interval,1066,2,,,,,,,,
mm_k16_r2_c32_m4_w14_l16,mm,supplement,job_interval,1586,3,,,,,,,,
mm_k16_r2_c32_m4_w14_l16,mm,supplement,job_interval,8346,16,,,,,,,,
mm_k16_r2_c32_m4_w14_l16,mm,supplement,job_interval,546,1,,,,,,,,
mm_k16_r2_c32_m4_w14_l16,mm,supplement,job_interval,1066,2,,,,,,,,
mm_k16_r2_c32_m4_w14_l16,mm,supplement,first_done,1.324000e+03,,,,,,,,,
mm_k16_r2_c32_m4_w14_l16,mm,supplement,t0,2.600000e+01,,,,,,,,,
mm_k16_r2_c32_m4_w14_l16,mm,supplement,t_iter,5.200000e+02,,,,,,,,,
mm_k16_r2_c32_m4_w14_l16,mm,supplement,max_resid,0.000000e+00,,,,,,,,,
mm_k16_r2_c32_m4_w14_l16,mm,supplement,mm.iter,520,,25,0,1,520,520,24,520,527
mm_k16_r8_c4_m4_w16_l1,mm,supplement,job_interval,3188,2,,,,,,,,
mm_k16_r8_c4_m4_w16_l1,mm,supplement,job_interval,4769,3,,,,,,,,
mm_k16_r8_c4_m4_w16_l1,mm,supplement,job_interval,25322,16,,,,,,,,
mm_k16_r8_c4_m4_w16_l1,mm,supplement,job_interval,1607,1,,,,,,,,
mm_k16_r8_c4_m4_w16_l1,mm,supplement,job_interval,3188,2,,,,,,,,
mm_k16_r8_c4_m4_w16_l1,mm,supplement,first_done,2.383000e+03,,,,,,,,,
mm_k16_r8_c4_m4_w16_l1,mm,supplement,t0,2.600000e+01,,,,,,,,,
mm_k16_r8_c4_m4_w16_l1,mm,supplement,t_iter,1.581000e+03,,,,,,,,,
mm_k16_r8_c4_m4_w16_l1,mm,supplement,max_resid,0.000000e+00,,,,,,,,,
mm_k16_r8_c4_m4_w16_l1,mm,supplement,mm.iter,1581,,25,0,1,1581,1581,24,1581,1588
det_k16_l16_r8_c16_m3_w10g0_d32_s3_q2,det,supplement,job_interval,1399,2,,,,,,,,
det_k16_l16_r8_c16_m3_w10g0_d32_s3_q2,det,supplement,job_interval,1727,3,,,,,,,,
det_k16_l16_r8_c16_m3_w10g0_d32_s3_q2,det,supplement,job_interval,8864,16,,,,,,,,
det_k16_l16_r8_c16_m3_w10g0_d32_s3_q2,det,supplement,job_interval,666,1,,,,,,,,
det_k16_l16_r8_c16_m3_w10g0_d32_s3_q2,det,supplement,job_interval,1163,2,,,,,,,,
det_k16_l16_r8_c16_m3_w10g0_d32_s3_q2,det,supplement,first_done,2.146000e+03,,,,,,,,,
det_k16_l16_r8_c16_m3_w10g0_d32_s3_q2,det,supplement,t0,1.502846e+02,,,,,,,,,
det_k16_l16_r8_c16_m3_w10g0_d32_s3_q2,det,supplement,t_iter,5.444824e+02,,,,,,,,,
det_k16_l16_r8_c16_m3_w10g0_d32_s3_q2,det,supplement,max_resid,1.597506e+02,,,,,,,,,
det_k16_l16_r8_c16_m3_w10g0_d32_s3_q2,det,supplement,mm.iter,265,,25,0,25,265,265,0,,
det_k16_l16_r8_c16_m3_w10g0_d32_s3_q2,det,supplement,vec.init,74,,6,0,2,74,74,4,80,102
det_k16_l16_r8_c16_m3_w10g0_d32_s3_q2,det,supplement,vec.iter,284,,19,0,19,284,284,0,,
det_k16_l16_r8_c16_m3_w10g0_d32_s3_q2,det,supplement,vec.last,284,,6,0,6,284,284,0,,
det_k16_l2_r16_c16_m4_w8g0_d32_s4_q4,det,supplement,job_interval,5678,2,,,,,,,,
det_k16_l2_r16_c16_m4_w8g0_d32_s4_q4,det,supplement,job_interval,8254,3,,,,,,,,
det_k16_l2_r16_c16_m4_w8g0_d32_s4_q4,det,supplement,job_interval,41742,16,,,,,,,,
det_k16_l2_r16_c16_m4_w8g0_d32_s4_q4,det,supplement,job_interval,3102,1,,,,,,,,
det_k16_l2_r16_c16_m4_w8g0_d32_s4_q4,det,supplement,job_interval,5678,2,,,,,,,,
det_k16_l2_r16_c16_m4_w8g0_d32_s4_q4,det,supplement,first_done,4.619000e+03,,,,,,,,,
det_k16_l2_r16_c16_m4_w8g0_d32_s4_q4,det,supplement,t0,5.260000e+02,,,,,,,,,
det_k16_l2_r16_c16_m4_w8g0_d32_s4_q4,det,supplement,t_iter,2.576000e+03,,,,,,,,,
det_k16_l2_r16_c16_m4_w8g0_d32_s4_q4,det,supplement,max_resid,0.000000e+00,,,,,,,,,
det_k16_l2_r16_c16_m4_w8g0_d32_s4_q4,det,supplement,mm.iter,628,,25,0,25,628,628,0,,
det_k16_l2_r16_c16_m4_w8g0_d32_s4_q4,det,supplement,vec.init,520,,6,0,1,520,520,5,526,526
det_k16_l2_r16_c16_m4_w8g0_d32_s4_q4,det,supplement,vec.iter,1948,,19,0,19,1948,1948,0,,
det_k16_l2_r16_c16_m4_w8g0_d32_s4_q4,det,supplement,vec.last,1948,,6,0,6,1948,1948,0,,
mm_k8_r4_c8_m4_w12_l2,mm,fit2,job_interval,968,2,,,,,,,,
mm_k8_r4_c8_m4_w12_l2,mm,fit2,job_interval,1445,3,,,,,,,,
mm_k8_r4_c8_m4_w12_l2,mm,fit2,job_interval,3830,8,,,,,,,,
mm_k8_r4_c8_m4_w12_l2,mm,fit2,job_interval,491,1,,,,,,,,
mm_k8_r4_c8_m4_w12_l2,mm,fit2,job_interval,968,2,,,,,,,,
mm_k8_r4_c8_m4_w12_l2,mm,fit2,first_done,8.900000e+02,,,,,,,,,
mm_k8_r4_c8_m4_w12_l2,mm,fit2,t0,1.400000e+01,,,,,,,,,
mm_k8_r4_c8_m4_w12_l2,mm,fit2,t_iter,4.770000e+02,,,,,,,,,
mm_k8_r4_c8_m4_w12_l2,mm,fit2,max_resid,0.000000e+00,,,,,,,,,
mm_k8_r4_c8_m4_w12_l2,mm,fit2,mm.iter,477,,17,0,1,477,477,16,477,480
mm_k8_r1_c4_m4_w8_l2,mm,fit2,job_interval,2880,2,,,,,,,,
mm_k8_r1_c4_m4_w8_l2,mm,fit2,job_interval,4313,3,,,,,,,,
mm_k8_r1_c4_m4_w8_l2,mm,fit2,job_interval,11478,8,,,,,,,,
mm_k8_r1_c4_m4_w8_l2,mm,fit2,job_interval,1447,1,,,,,,,,
mm_k8_r1_c4_m4_w8_l2,mm,fit2,job_interval,2880,2,,,,,,,,
mm_k8_r1_c4_m4_w8_l2,mm,fit2,first_done,1.846000e+03,,,,,,,,,
mm_k8_r1_c4_m4_w8_l2,mm,fit2,t0,1.400000e+01,,,,,,,,,
mm_k8_r1_c4_m4_w8_l2,mm,fit2,t_iter,1.433000e+03,,,,,,,,,
mm_k8_r1_c4_m4_w8_l2,mm,fit2,max_resid,0.000000e+00,,,,,,,,,
mm_k8_r1_c4_m4_w8_l2,mm,fit2,mm.iter,1433,,17,0,1,1433,1433,16,1433,1436
mm_k8_r1_c4_m4_w16_l2,mm,fit2,job_interval,2880,2,,,,,,,,
mm_k8_r1_c4_m4_w16_l2,mm,fit2,job_interval,4313,3,,,,,,,,
mm_k8_r1_c4_m4_w16_l2,mm,fit2,job_interval,11478,8,,,,,,,,
mm_k8_r1_c4_m4_w16_l2,mm,fit2,job_interval,1447,1,,,,,,,,
mm_k8_r1_c4_m4_w16_l2,mm,fit2,job_interval,2880,2,,,,,,,,
mm_k8_r1_c4_m4_w16_l2,mm,fit2,first_done,1.845000e+03,,,,,,,,,
mm_k8_r1_c4_m4_w16_l2,mm,fit2,t0,1.400000e+01,,,,,,,,,
mm_k8_r1_c4_m4_w16_l2,mm,fit2,t_iter,1.433000e+03,,,,,,,,,
mm_k8_r1_c4_m4_w16_l2,mm,fit2,max_resid,0.000000e+00,,,,,,,,,
mm_k8_r1_c4_m4_w16_l2,mm,fit2,mm.iter,1433,,17,0,1,1433,1433,16,1433,1436
mm_k8_r8_c32_m4_w8_l2,mm,fit2,job_interval,641,2,,,,,,,,
mm_k8_r8_c32_m4_w8_l2,mm,fit2,job_interval,955,3,,,,,,,,
mm_k8_r8_c32_m4_w8_l2,mm,fit2,job_interval,2525,8,,,,,,,,
mm_k8_r8_c32_m4_w8_l2,mm,fit2,job_interval,327,1,,,,,,,,
mm_k8_r8_c32_m4_w8_l2,mm,fit2,job_interval,641,2,,,,,,,,
mm_k8_r8_c32_m4_w8_l2,mm,fit2,first_done,7.260000e+02,,,,,,,,,
mm_k8_r8_c32_m4_w8_l2,mm,fit2,t0,1.300000e+01,,,,,,,,,
mm_k8_r8_c32_m4_w8_l2,mm,fit2,t_iter,3.140000e+02,,,,,,,,,
mm_k8_r8_c32_m4_w8_l2,mm,fit2,max_resid,0.000000e+00,,,,,,,,,
mm_k8_r8_c32_m4_w8_l2,mm,fit2,mm.iter,313,,17,0,12,313,313,5,316,316
mm_k8_r8_c32_m4_w16_l2,mm,fit2,job_interval,641,2,,,,,,,,
mm_k8_r8_c32_m4_w16_l2,mm,fit2,job_interval,955,3,,,,,,,,
mm_k8_r8_c32_m4_w16_l2,mm,fit2,job_interval,2525,8,,,,,,,,
mm_k8_r8_c32_m4_w16_l2,mm,fit2,job_interval,327,1,,,,,,,,
mm_k8_r8_c32_m4_w16_l2,mm,fit2,job_interval,641,2,,,,,,,,
mm_k8_r8_c32_m4_w16_l2,mm,fit2,first_done,7.250000e+02,,,,,,,,,
mm_k8_r8_c32_m4_w16_l2,mm,fit2,t0,1.300000e+01,,,,,,,,,
mm_k8_r8_c32_m4_w16_l2,mm,fit2,t_iter,3.140000e+02,,,,,,,,,
mm_k8_r8_c32_m4_w16_l2,mm,fit2,max_resid,0.000000e+00,,,,,,,,,
mm_k8_r8_c32_m4_w16_l2,mm,fit2,mm.iter,313,,17,0,12,313,313,5,316,316
mm_k16_r16_c16_m4_w8_l2,mm,fit2,job_interval,1282,2,,,,,,,,
mm_k16_r16_c16_m4_w8_l2,mm,fit2,job_interval,1910,3,,,,,,,,
mm_k16_r16_c16_m4_w8_l2,mm,fit2,job_interval,10074,16,,,,,,,,
mm_k16_r16_c16_m4_w8_l2,mm,fit2,job_interval,654,1,,,,,,,,
mm_k16_r16_c16_m4_w8_l2,mm,fit2,job_interval,1282,2,,,,,,,,
mm_k16_r16_c16_m4_w8_l2,mm,fit2,first_done,1.431000e+03,,,,,,,,,
mm_k16_r16_c16_m4_w8_l2,mm,fit2,t0,2.600000e+01,,,,,,,,,
mm_k16_r16_c16_m4_w8_l2,mm,fit2,t_iter,6.280000e+02,,,,,,,,,
mm_k16_r16_c16_m4_w8_l2,mm,fit2,max_resid,0.000000e+00,,,,,,,,,
mm_k16_r16_c16_m4_w8_l2,mm,fit2,mm.iter,628,,25,0,1,628,628,24,628,635
mm_k16_r16_c16_m4_w16_l2,mm,fit2,job_interval,1282,2,,,,,,,,
mm_k16_r16_c16_m4_w16_l2,mm,fit2,job_interval,1910,3,,,,,,,,
mm_k16_r16_c16_m4_w16_l2,mm,fit2,job_interval,10074,16,,,,,,,,
mm_k16_r16_c16_m4_w16_l2,mm,fit2,job_interval,654,1,,,,,,,,
mm_k16_r16_c16_m4_w16_l2,mm,fit2,job_interval,1282,2,,,,,,,,
mm_k16_r16_c16_m4_w16_l2,mm,fit2,first_done,1.430000e+03,,,,,,,,,
mm_k16_r16_c16_m4_w16_l2,mm,fit2,t0,2.600000e+01,,,,,,,,,
mm_k16_r16_c16_m4_w16_l2,mm,fit2,t_iter,6.280000e+02,,,,,,,,,
mm_k16_r16_c16_m4_w16_l2,mm,fit2,max_resid,0.000000e+00,,,,,,,,,
mm_k16_r16_c16_m4_w16_l2,mm,fit2,mm.iter,628,,25,0,1,628,628,24,628,635
mm_k16_r1_c32_m4_w8_l2,mm,fit2,job_interval,2794,2,,,,,,,,
mm_k16_r1_c32_m4_w8_l2,mm,fit2,job_interval,4178,3,,,,,,,,
mm_k16_r1_c32_m4_w8_l2,mm,fit2,job_interval,22170,16,,,,,,,,
mm_k16_r1_c32_m4_w8_l2,mm,fit2,job_interval,1410,1,,,,,,,,
mm_k16_r1_c32_m4_w8_l2,mm,fit2,job_interval,2794,2,,,,,,,,
mm_k16_r1_c32_m4_w8_l2,mm,fit2,first_done,2.187000e+03,,,,,,,,,
mm_k16_r1_c32_m4_w8_l2,mm,fit2,t0,2.600000e+01,,,,,,,,,
mm_k16_r1_c32_m4_w8_l2,mm,fit2,t_iter,1.384000e+03,,,,,,,,,
mm_k16_r1_c32_m4_w8_l2,mm,fit2,max_resid,0.000000e+00,,,,,,,,,
mm_k16_r1_c32_m4_w8_l2,mm,fit2,mm.iter,1384,,25,0,1,1384,1384,24,1384,1391
mm_k16_r1_c32_m4_w16_l2,mm,fit2,job_interval,2794,2,,,,,,,,
mm_k16_r1_c32_m4_w16_l2,mm,fit2,job_interval,4178,3,,,,,,,,
mm_k16_r1_c32_m4_w16_l2,mm,fit2,job_interval,22170,16,,,,,,,,
mm_k16_r1_c32_m4_w16_l2,mm,fit2,job_interval,1410,1,,,,,,,,
mm_k16_r1_c32_m4_w16_l2,mm,fit2,job_interval,2794,2,,,,,,,,
mm_k16_r1_c32_m4_w16_l2,mm,fit2,first_done,2.186000e+03,,,,,,,,,
mm_k16_r1_c32_m4_w16_l2,mm,fit2,t0,2.600000e+01,,,,,,,,,
mm_k16_r1_c32_m4_w16_l2,mm,fit2,t_iter,1.384000e+03,,,,,,,,,
mm_k16_r1_c32_m4_w16_l2,mm,fit2,max_resid,0.000000e+00,,,,,,,,,
mm_k16_r1_c32_m4_w16_l2,mm,fit2,mm.iter,1384,,25,0,1,1384,1384,24,1384,1391
mm_k8_r4_c16_m4_w12_l16,mm,fit2,job_interval,393,2,,,,,,,,
mm_k8_r4_c16_m4_w12_l16,mm,fit2,job_interval,580,3,,,,,,,,
mm_k8_r4_c16_m4_w12_l16,mm,fit2,job_interval,1515,8,,,,,,,,
mm_k8_r4_c16_m4_w12_l16,mm,fit2,job_interval,206,1,,,,,,,,
mm_k8_r4_c16_m4_w12_l16,mm,fit2,job_interval,393,2,,,,,,,,
mm_k8_r4_c16_m4_w12_l16,mm,fit2,first_done,5.910000e+02,,,,,,,,,
mm_k8_r4_c16_m4_w12_l16,mm,fit2,t0,1.900000e+01,,,,,,,,,
mm_k8_r4_c16_m4_w12_l16,mm,fit2,t_iter,1.870000e+02,,,,,,,,,
mm_k8_r4_c16_m4_w12_l16,mm,fit2,max_resid,0.000000e+00,,,,,,,,,
mm_k8_r4_c16_m4_w12_l16,mm,fit2,mm.iter,177,,17,10,2,177,177,5,177,180
mm_k8_r1_c16_m4_w8_l16,mm,fit2,job_interval,1054,2,,,,,,,,
mm_k8_r1_c16_m4_w8_l16,mm,fit2,job_interval,1574,3,,,,,,,,
mm_k8_r1_c16_m4_w8_l16,mm,fit2,job_interval,4174,8,,,,,,,,
mm_k8_r1_c16_m4_w8_l16,mm,fit2,job_interval,534,1,,,,,,,,
mm_k8_r1_c16_m4_w8_l16,mm,fit2,job_interval,1054,2,,,,,,,,
mm_k8_r1_c16_m4_w8_l16,mm,fit2,first_done,9.340000e+02,,,,,,,,,
mm_k8_r1_c16_m4_w8_l16,mm,fit2,t0,1.400000e+01,,,,,,,,,
mm_k8_r1_c16_m4_w8_l16,mm,fit2,t_iter,5.200000e+02,,,,,,,,,
mm_k8_r1_c16_m4_w8_l16,mm,fit2,max_resid,0.000000e+00,,,,,,,,,
mm_k8_r1_c16_m4_w8_l16,mm,fit2,mm.iter,520,,17,0,1,520,520,16,520,523
mm_k8_r1_c16_m4_w16_l16,mm,fit2,job_interval,1054,2,,,,,,,,
mm_k8_r1_c16_m4_w16_l16,mm,fit2,job_interval,1574,3,,,,,,,,
mm_k8_r1_c16_m4_w16_l16,mm,fit2,job_interval,4174,8,,,,,,,,
mm_k8_r1_c16_m4_w16_l16,mm,fit2,job_interval,534,1,,,,,,,,
mm_k8_r1_c16_m4_w16_l16,mm,fit2,job_interval,1054,2,,,,,,,,
mm_k8_r1_c16_m4_w16_l16,mm,fit2,first_done,9.330000e+02,,,,,,,,,
mm_k8_r1_c16_m4_w16_l16,mm,fit2,t0,1.400000e+01,,,,,,,,,
mm_k8_r1_c16_m4_w16_l16,mm,fit2,t_iter,5.200000e+02,,,,,,,,,
mm_k8_r1_c16_m4_w16_l16,mm,fit2,max_resid,0.000000e+00,,,,,,,,,
mm_k8_r1_c16_m4_w16_l16,mm,fit2,mm.iter,520,,17,0,1,520,520,16,520,523
mm_k8_r8_c32_m4_w8_l16,mm,fit2,job_interval,393,2,,,,,,,,
mm_k8_r8_c32_m4_w8_l16,mm,fit2,job_interval,580,3,,,,,,,,
mm_k8_r8_c32_m4_w8_l16,mm,fit2,job_interval,1515,8,,,,,,,,
mm_k8_r8_c32_m4_w8_l16,mm,fit2,job_interval,206,1,,,,,,,,
mm_k8_r8_c32_m4_w8_l16,mm,fit2,job_interval,393,2,,,,,,,,
mm_k8_r8_c32_m4_w8_l16,mm,fit2,first_done,5.030000e+02,,,,,,,,,
mm_k8_r8_c32_m4_w8_l16,mm,fit2,t0,1.900000e+01,,,,,,,,,
mm_k8_r8_c32_m4_w8_l16,mm,fit2,t_iter,1.870000e+02,,,,,,,,,
mm_k8_r8_c32_m4_w8_l16,mm,fit2,max_resid,0.000000e+00,,,,,,,,,
mm_k8_r8_c32_m4_w8_l16,mm,fit2,mm.iter,89,,17,13,4,89,89,0,,
mm_k8_r8_c32_m4_w16_l16,mm,fit2,job_interval,393,2,,,,,,,,
mm_k8_r8_c32_m4_w16_l16,mm,fit2,job_interval,580,3,,,,,,,,
mm_k8_r8_c32_m4_w16_l16,mm,fit2,job_interval,1515,8,,,,,,,,
mm_k8_r8_c32_m4_w16_l16,mm,fit2,job_interval,206,1,,,,,,,,
mm_k8_r8_c32_m4_w16_l16,mm,fit2,job_interval,393,2,,,,,,,,
mm_k8_r8_c32_m4_w16_l16,mm,fit2,first_done,5.020000e+02,,,,,,,,,
mm_k8_r8_c32_m4_w16_l16,mm,fit2,t0,1.900000e+01,,,,,,,,,
mm_k8_r8_c32_m4_w16_l16,mm,fit2,t_iter,1.870000e+02,,,,,,,,,
mm_k8_r8_c32_m4_w16_l16,mm,fit2,max_resid,0.000000e+00,,,,,,,,,
mm_k8_r8_c32_m4_w16_l16,mm,fit2,mm.iter,89,,17,13,4,89,89,0,,
mm_k16_r16_c16_m4_w8_l16,mm,fit2,job_interval,791,2,,,,,,,,
mm_k16_r16_c16_m4_w8_l16,mm,fit2,job_interval,1076,3,,,,,,,,
mm_k16_r16_c16_m4_w8_l16,mm,fit2,job_interval,5443,16,,,,,,,,
mm_k16_r16_c16_m4_w8_l16,mm,fit2,job_interval,358,1,,,,,,,,
mm_k16_r16_c16_m4_w8_l16,mm,fit2,job_interval,697,2,,,,,,,,
mm_k16_r16_c16_m4_w8_l16,mm,fit2,first_done,9.820000e+02,,,,,,,,,
mm_k16_r16_c16_m4_w8_l16,mm,fit2,t0,5.593199e+01,,,,,,,,,
mm_k16_r16_c16_m4_w8_l16,mm,fit2,t_iter,3.368892e+02,,,,,,,,,
mm_k16_r16_c16_m4_w8_l16,mm,fit2,max_resid,6.128967e+01,,,,,,,,,
mm_k16_r16_c16_m4_w8_l16,mm,fit2,mm.iter,178,,25,21,4,178,178,0,,
mm_k16_r16_c16_m4_w16_l16,mm,fit2,job_interval,790,2,,,,,,,,
mm_k16_r16_c16_m4_w16_l16,mm,fit2,job_interval,1075,3,,,,,,,,
mm_k16_r16_c16_m4_w16_l16,mm,fit2,job_interval,5443,16,,,,,,,,
mm_k16_r16_c16_m4_w16_l16,mm,fit2,job_interval,358,1,,,,,,,,
mm_k16_r16_c16_m4_w16_l16,mm,fit2,job_interval,697,2,,,,,,,,
mm_k16_r16_c16_m4_w16_l16,mm,fit2,first_done,9.810000e+02,,,,,,,,,
mm_k16_r16_c16_m4_w16_l16,mm,fit2,t0,5.539295e+01,,,,,,,,,
mm_k16_r16_c16_m4_w16_l16,mm,fit2,t_iter,3.369181e+02,,,,,,,,,
mm_k16_r16_c16_m4_w16_l16,mm,fit2,max_resid,6.077078e+01,,,,,,,,,
mm_k16_r16_c16_m4_w16_l16,mm,fit2,mm.iter,178,,25,21,4,178,178,0,,
mm_k16_r1_c32_m4_w8_l16,mm,fit2,job_interval,1898,2,,,,,,,,
mm_k16_r1_c32_m4_w8_l16,mm,fit2,job_interval,2834,3,,,,,,,,
mm_k16_r1_c32_m4_w8_l16,mm,fit2,job_interval,15002,16,,,,,,,,
mm_k16_r1_c32_m4_w8_l16,mm,fit2,job_interval,962,1,,,,,,,,
mm_k16_r1_c32_m4_w8_l16,mm,fit2,job_interval,1898,2,,,,,,,,
mm_k16_r1_c32_m4_w8_l16,mm,fit2,first_done,1.740000e+03,,,,,,,,,
mm_k16_r1_c32_m4_w8_l16,mm,fit2,t0,2.600000e+01,,,,,,,,,
mm_k16_r1_c32_m4_w8_l16,mm,fit2,t_iter,9.360000e+02,,,,,,,,,
mm_k16_r1_c32_m4_w8_l16,mm,fit2,max_resid,0.000000e+00,,,,,,,,,
mm_k16_r1_c32_m4_w8_l16,mm,fit2,mm.iter,936,,25,0,1,936,936,24,936,943
mm_k16_r1_c32_m4_w16_l16,mm,fit2,job_interval,1898,2,,,,,,,,
mm_k16_r1_c32_m4_w16_l16,mm,fit2,job_interval,2834,3,,,,,,,,
mm_k16_r1_c32_m4_w16_l16,mm,fit2,job_interval,15002,16,,,,,,,,
mm_k16_r1_c32_m4_w16_l16,mm,fit2,job_interval,962,1,,,,,,,,
mm_k16_r1_c32_m4_w16_l16,mm,fit2,job_interval,1898,2,,,,,,,,
mm_k16_r1_c32_m4_w16_l16,mm,fit2,first_done,1.739000e+03,,,,,,,,,
mm_k16_r1_c32_m4_w16_l16,mm,fit2,t0,2.600000e+01,,,,,,,,,
mm_k16_r1_c32_m4_w16_l16,mm,fit2,t_iter,9.360000e+02,,,,,,,,,
mm_k16_r1_c32_m4_w16_l16,mm,fit2,max_resid,0.000000e+00,,,,,,,,,
mm_k16_r1_c32_m4_w16_l16,mm,fit2,mm.iter,936,,25,0,1,936,936,24,936,943
mm_k8_r1_c8_m4_w12_l8,mm,fit2,job_interval,1061,2,,,,,,,,
mm_k8_r1_c8_m4_w12_l8,mm,fit2,job_interval,1585,3,,,,,,,,
mm_k8_r1_c8_m4_w12_l8,mm,fit2,job_interval,4205,8,,,,,,,,
mm_k8_r1_c8_m4_w12_l8,mm,fit2,job_interval,537,1,,,,,,,,
mm_k8_r1_c8_m4_w12_l8,mm,fit2,job_interval,1061,2,,,,,,,,
mm_k8_r1_c8_m4_w12_l8,mm,fit2,first_done,9.370000e+02,,,,,,,,,
mm_k8_r1_c8_m4_w12_l8,mm,fit2,t0,1.300000e+01,,,,,,,,,
mm_k8_r1_c8_m4_w12_l8,mm,fit2,t_iter,5.240000e+02,,,,,,,,,
mm_k8_r1_c8_m4_w12_l8,mm,fit2,max_resid,0.000000e+00,,,,,,,,,
mm_k8_r1_c8_m4_w12_l8,mm,fit2,mm.iter,523,,17,0,12,523,523,5,526,526
