# mimo_cg impl_check: numpy=2.5.3, base_seed=20260930, tool=Xilinx Vivado v.2024.1, hls=vitis_hls 2024.1, part=xczu48dr-ffvg1517-2-e, period_ns=4, flow=export_design -flow impl
build,module,csynth_lut,impl_lut,csynth_ff,impl_ff,csynth_dsp,impl_dsp,csynth_bram,impl_bram,lut_ratio
det_k4_l4_r4_c4_m4_w12g8_d64_s2_q2,CgCmdRx,180,148,38,170,0,0,0,0,1.220000e+00
det_k4_l4_r4_c4_m4_w12g8_d64_s2_q2,MemRStream,817,346,502,432,0,0,0,0,2.360000e+00
det_k4_l4_r4_c4_m4_w12g8_d64_s2_q2,CgLoad,7253,301,1162,493,0,0,0,0,2.410000e+01
det_k4_l4_r4_c4_m4_w12g8_d64_s2_q2,CgCtrl,244,42,50,46,0,0,0,0,5.810000e+00
det_k4_l4_r4_c4_m4_w12g8_d64_s2_q2,CgVec,14018,3585,9000,3377,48,64,0,0,3.910000e+00
det_k4_l4_r4_c4_m4_w12g8_d64_s2_q2,CgMm,4779,1631,4000,2274,64,64,0,8,2.930000e+00
det_k4_l4_r4_c4_m4_w12g8_d64_s2_q2,CgStore,1514,111,171,136,0,0,0,0,1.364000e+01
det_k4_l4_r4_c4_m4_w12g8_d64_s2_q2,MemWStream,1613,524,2265,2328,0,0,0,0,3.080000e+00
det_k4_l4_r4_c4_m4_w12g8_d64_s2_q2,integration,2573,2921,2603,3335,0,0,20,4,8.800000e-01
det_k8_l4_r8_c4_m4_w12g8_d64_s2_q2,CgCmdRx,182,148,74,206,0,0,0,0,1.230000e+00
det_k8_l4_r8_c4_m4_w12g8_d64_s2_q2,MemRStream,817,348,502,432,0,0,0,0,2.350000e+00
det_k8_l4_r8_c4_m4_w12g8_d64_s2_q2,CgLoad,11633,599,1256,737,0,0,0,0,1.942000e+01
det_k8_l4_r8_c4_m4_w12g8_d64_s2_q2,CgCtrl,248,46,52,47,0,0,0,0,5.390000e+00
det_k8_l4_r8_c4_m4_w12g8_d64_s2_q2,CgVec,14330,3890,9069,3417,48,64,0,0,3.680000e+00
det_k8_l4_r8_c4_m4_w12g8_d64_s2_q2,CgMm,8728,3162,8495,5386,128,128,0,16,2.760000e+00
det_k8_l4_r8_c4_m4_w12g8_d64_s2_q2,CgStore,1516,88,179,137,0,0,0,0,1.723000e+01
det_k8_l4_r8_c4_m4_w12g8_d64_s2_q2,MemWStream,1613,525,2265,2328,0,0,0,0,3.070000e+00
det_k8_l4_r8_c4_m4_w12g8_d64_s2_q2,integration,2561,2407,2507,3095,0,0,26,16,1.060000e+00
det_k16_l4_r16_c4_m4_w12g8_d64_s2_q2,CgCmdRx,184,150,75,207,0,0,0,0,1.230000e+00
det_k16_l4_r16_c4_m4_w12g8_d64_s2_q2,MemRStream,817,348,502,432,0,0,0,0,2.350000e+00
det_k16_l4_r16_c4_m4_w12g8_d64_s2_q2,CgLoad,20972,1027,1769,1134,0,0,0,0,2.042000e+01
det_k16_l4_r16_c4_m4_w12g8_d64_s2_q2,CgCtrl,249,49,54,48,0,0,0,0,5.080000e+00
det_k16_l4_r16_c4_m4_w12g8_d64_s2_q2,CgVec,14389,4491,8953,3496,48,64,24,0,3.200000e+00
det_k16_l4_r16_c4_m4_w12g8_d64_s2_q2,CgMm,18467,8242,19748,13830,256,256,8,32,2.240000e+00
det_k16_l4_r16_c4_m4_w12g8_d64_s2_q2,CgStore,1518,112,173,138,0,0,0,0,1.355000e+01
det_k16_l4_r16_c4_m4_w12g8_d64_s2_q2,MemWStream,1613,526,2265,2328,0,0,0,0,3.070000e+00
det_k16_l4_r16_c4_m4_w12g8_d64_s2_q2,integration,2561,2515,2507,3288,0,0,31,16,1.020000e+00
