# mimo_cg learning_curve: numpy=2.5.3, base_seed=20260930, tool=vitis_hls 2024.1, stream=93, draws=20, core=det_k4_l4_r4_c4_m4_w12g8_d64_s2_q2+det_k4_l4_r4_c4_m4_w12g8_d32_s2_q2
builds,draw,resource,decisions,right_pct,same_build_pct,missed_budget_pct,regret_p95_pct,regret_max_pct,lut_mape_pct,ff_mape_pct,job_mape_pct
10,0,dsp,648,8.549000e+01,7.577000e+01,1.080000e+00,0.000000e+00,1.142860e+02,2.739000e+01,2.977900e+01,4.529000e+00
10,0,lut,648,7.917000e+01,2.917000e+01,7.100000e+00,5.342000e+00,2.194200e+01,2.739000e+01,2.977900e+01,4.529000e+00
10,0,ff,648,8.056000e+01,6.188000e+01,4.940000e+00,8.196000e+00,2.089000e+01,2.739000e+01,2.977900e+01,4.529000e+00
10,0,bram,648,8.704000e+01,0.000000e+00,7.700000e-01,0.000000e+00,1.222220e+02,2.739000e+01,2.977900e+01,4.529000e+00
10,0,any,2592,8.306000e+01,4.171000e+01,3.470000e+00,5.192000e+00,1.222220e+02,2.739000e+01,2.977900e+01,4.529000e+00
10,1,dsp,648,9.784000e+01,8.688000e+01,7.700000e-01,0.000000e+00,1.142860e+02,4.299600e+01,3.725100e+01,2.272000e+00
10,1,lut,648,9.599000e+01,6.836000e+01,2.010000e+00,4.672000e+00,6.148200e+01,4.299600e+01,3.725100e+01,2.272000e+00
10,1,ff,648,9.290000e+01,5.756000e+01,1.850000e+00,1.033500e+01,4.975200e+01,4.299600e+01,3.725100e+01,2.272000e+00
10,1,bram,648,9.969000e+01,0.000000e+00,0.000000e+00,0.000000e+00,1.222220e+02,4.299600e+01,3.725100e+01,2.272000e+00
10,1,any,2592,9.660000e+01,5.320000e+01,1.160000e+00,7.034000e+00,1.222220e+02,4.299600e+01,3.725100e+01,2.272000e+00
10,2,dsp,648,9.630000e+01,5.586000e+01,2.160000e+00,0.000000e+00,1.142860e+02,2.930400e+01,2.916000e+01,5.157000e+00
10,2,lut,648,5.880000e+01,4.059000e+01,1.700000e+00,3.808020e+02,4.602010e+02,2.930400e+01,2.916000e+01,5.157000e+00
10,2,ff,648,5.694000e+01,4.444000e+01,1.700000e+00,3.210670e+02,3.688440e+02,2.930400e+01,2.916000e+01,5.157000e+00
10,2,bram,648,9.877000e+01,0.000000e+00,9.300000e-01,0.000000e+00,1.333330e+02,2.930400e+01,2.916000e+01,5.157000e+00
10,2,any,2592,7.770000e+01,3.522000e+01,1.620000e+00,2.648470e+02,4.602010e+02,2.930400e+01,2.916000e+01,5.157000e+00
10,3,dsp,648,6.512000e+01,5.787000e+01,3.210000e+01,0.000000e+00,0.000000e+00,1.021000e+02,9.495800e+01,2.436800e+01
10,3,lut,648,5.648000e+01,2.114000e+01,2.855000e+01,5.486300e+01,4.270630e+02,1.021000e+02,9.495800e+01,2.436800e+01
10,3,ff,648,5.694000e+01,4.043000e+01,2.099000e+01,6.677200e+01,3.251720e+02,1.021000e+02,9.495800e+01,2.436800e+01
10,3,bram,648,7.716000e+01,0.000000e+00,1.883000e+01,0.000000e+00,2.500000e+01,1.021000e+02,9.495800e+01,2.436800e+01
10,3,any,2592,6.393000e+01,2.986000e+01,2.512000e+01,3.730200e+01,4.270630e+02,1.021000e+02,9.495800e+01,2.436800e+01
10,4,dsp,648,9.846000e+01,8.719000e+01,1.080000e+00,0.000000e+00,1.142860e+02,1.253800e+01,9.690000e+00,2.695000e+00
10,4,lut,648,8.812000e+01,2.886000e+01,1.080000e+00,1.181500e+01,2.194200e+01,1.253800e+01,9.690000e+00,2.695000e+00
10,4,ff,648,9.090000e+01,4.151000e+01,2.780000e+00,1.203300e+01,2.098700e+01,1.253800e+01,9.690000e+00,2.695000e+00
10,4,bram,648,1.000000e+02,1.636000e+01,0.000000e+00,0.000000e+00,1.000000e+01,1.253800e+01,9.690000e+00,2.695000e+00
10,4,any,2592,9.437000e+01,4.348000e+01,1.230000e+00,9.872000e+00,1.142860e+02,1.253800e+01,9.690000e+00,2.695000e+00
10,5,dsp,648,9.244000e+01,8.981000e+01,5.250000e+00,0.000000e+00,8.461500e+01,1.828500e+01,2.565800e+01,4.171000e+00
10,5,lut,648,9.074000e+01,3.596000e+01,8.640000e+00,4.689000e+00,1.200000e+01,1.828500e+01,2.565800e+01,4.171000e+00
10,5,ff,648,8.843000e+01,6.188000e+01,7.410000e+00,8.465000e+00,3.636600e+01,1.828500e+01,2.565800e+01,4.171000e+00
10,5,bram,648,9.599000e+01,3.090000e+00,1.540000e+00,0.000000e+00,2.040800e+01,1.828500e+01,2.565800e+01,4.171000e+00
10,5,any,2592,9.190000e+01,4.769000e+01,5.710000e+00,5.955000e+00,8.461500e+01,1.828500e+01,2.565800e+01,4.171000e+00
10,6,dsp,648,9.861000e+01,8.812000e+01,1.230000e+00,0.000000e+00,1.142860e+02,1.493600e+01,1.301200e+01,2.861000e+00
10,6,lut,648,9.583000e+01,6.343000e+01,3.550000e+00,4.672000e+00,1.200000e+01,1.493600e+01,1.301200e+01,2.861000e+00
10,6,ff,648,9.398000e+01,5.185000e+01,2.470000e+00,8.071000e+00,6.410800e+01,1.493600e+01,1.301200e+01,2.861000e+00
10,6,bram,648,9.907000e+01,0.000000e+00,0.000000e+00,0.000000e+00,1.222220e+02,1.493600e+01,1.301200e+01,2.861000e+00
10,6,any,2592,9.688000e+01,5.085000e+01,1.810000e+00,5.494000e+00,1.222220e+02,1.493600e+01,1.301200e+01,2.861000e+00
10,7,dsp,648,9.769000e+01,8.735000e+01,9.300000e-01,0.000000e+00,1.142860e+02,9.962000e+00,7.021000e+00,2.443000e+00
10,7,lut,648,9.614000e+01,4.290000e+01,1.700000e+00,4.866000e+00,1.390690e+02,9.962000e+00,7.021000e+00,2.443000e+00
10,7,ff,648,9.676000e+01,6.836000e+01,1.700000e+00,5.659000e+00,1.269420e+02,9.962000e+00,7.021000e+00,2.443000e+00
10,7,bram,648,9.892000e+01,7.560000e+00,0.000000e+00,0.000000e+00,1.333330e+02,9.962000e+00,7.021000e+00,2.443000e+00
10,7,any,2592,9.738000e+01,5.154000e+01,1.080000e+00,4.051000e+00,1.390690e+02,9.962000e+00,7.021000e+00,2.443000e+00
10,8,dsp,648,9.259000e+01,8.117000e+01,2.010000e+00,0.000000e+00,8.947400e+01,2.869200e+01,3.215300e+01,3.667000e+00
10,8,lut,648,8.627000e+01,4.676000e+01,4.780000e+00,1.198900e+01,2.063400e+01,2.869200e+01,3.215300e+01,3.667000e+00
10,8,ff,648,8.935000e+01,5.972000e+01,6.170000e+00,8.852000e+00,2.285900e+01,2.869200e+01,3.215300e+01,3.667000e+00
10,8,bram,648,9.059000e+01,0.000000e+00,7.700000e-01,1.666700e+01,4.500000e+01,2.869200e+01,3.215300e+01,3.667000e+00
10,8,any,2592,8.970000e+01,4.691000e+01,3.430000e+00,1.023100e+01,8.947400e+01,2.869200e+01,3.215300e+01,3.667000e+00
10,9,dsp,648,9.506000e+01,8.488000e+01,9.300000e-01,0.000000e+00,1.142860e+02,3.177000e+01,4.098800e+01,3.079000e+00
10,9,lut,648,9.753000e+01,2.948000e+01,1.540000e+00,4.672000e+00,3.700700e+01,3.177000e+01,4.098800e+01,3.079000e+00
10,9,ff,648,9.228000e+01,5.494000e+01,1.700000e+00,1.154000e+01,2.982300e+01,3.177000e+01,4.098800e+01,3.079000e+00
10,9,bram,648,9.522000e+01,9.336000e+01,0.000000e+00,6.973000e+00,1.222220e+02,3.177000e+01,4.098800e+01,3.079000e+00
10,9,any,2592,9.502000e+01,6.566000e+01,1.040000e+00,8.410000e+00,1.222220e+02,3.177000e+01,4.098800e+01,3.079000e+00
10,10,dsp,648,9.846000e+01,8.719000e+01,9.300000e-01,0.000000e+00,1.500000e+02,1.459200e+01,9.199000e+00,2.824000e+00
10,10,lut,648,9.552000e+01,3.488000e+01,2.010000e+00,5.686000e+00,7.118200e+01,1.459200e+01,9.199000e+00,2.824000e+00
10,10,ff,648,8.519000e+01,2.145000e+01,2.010000e+00,1.569600e+01,5.103100e+01,1.459200e+01,9.199000e+00,2.824000e+00
10,10,bram,648,9.985000e+01,2.515000e+01,0.000000e+00,0.000000e+00,1.428600e+01,1.459200e+01,9.199000e+00,2.824000e+00
10,10,any,2592,9.475000e+01,4.217000e+01,1.230000e+00,7.903000e+00,1.500000e+02,1.459200e+01,9.199000e+00,2.824000e+00
10,11,dsp,648,9.383000e+01,9.136000e+01,4.940000e+00,0.000000e+00,6.216200e+01,2.043700e+01,1.207100e+01,4.380000e+00
10,11,lut,648,8.781000e+01,4.630000e+00,6.480000e+00,1.259500e+01,5.304700e+01,2.043700e+01,1.207100e+01,4.380000e+00
10,11,ff,648,7.407000e+01,4.367000e+01,8.640000e+00,1.983700e+01,3.030800e+01,2.043700e+01,1.207100e+01,4.380000e+00
10,11,bram,648,9.753000e+01,0.000000e+00,2.010000e+00,0.000000e+00,2.040800e+01,2.043700e+01,1.207100e+01,4.380000e+00
10,11,any,2592,8.831000e+01,3.492000e+01,5.520000e+00,1.283800e+01,6.216200e+01,2.043700e+01,1.207100e+01,4.380000e+00
10,12,dsp,648,5.370000e+01,1.651000e+01,8.950000e+00,8.571400e+01,3.000000e+02,4.296000e+01,3.857300e+01,3.177200e+01
10,12,lut,648,5.802000e+01,3.009000e+01,1.127000e+01,1.274300e+01,1.895640e+02,4.296000e+01,3.857300e+01,3.177200e+01
10,12,ff,648,5.170000e+01,3.935000e+01,1.080000e+01,2.336500e+01,1.866630e+02,4.296000e+01,3.857300e+01,3.177200e+01
10,12,bram,648,6.636000e+01,0.000000e+00,6.480000e+00,0.000000e+00,2.000000e+02,4.296000e+01,3.857300e+01,3.177200e+01
10,12,any,2592,5.745000e+01,2.149000e+01,9.380000e+00,6.153800e+01,3.000000e+02,4.296000e+01,3.857300e+01,3.177200e+01
10,13,dsp,648,9.676000e+01,5.664000e+01,7.700000e-01,0.000000e+00,1.500000e+02,2.723600e+01,2.731700e+01,3.848000e+00
10,13,lut,648,8.287000e+01,1.728000e+01,0.000000e+00,7.371000e+01,1.390690e+02,2.723600e+01,2.731700e+01,3.848000e+00
10,13,ff,648,8.318000e+01,5.972000e+01,0.000000e+00,5.687900e+01,1.309510e+02,2.723600e+01,2.731700e+01,3.848000e+00
10,13,bram,648,9.877000e+01,9.059000e+01,9.300000e-01,0.000000e+00,1.333330e+02,2.723600e+01,2.731700e+01,3.848000e+00
10,13,any,2592,9.039000e+01,5.606000e+01,4.200000e-01,4.682900e+01,1.500000e+02,2.723600e+01,2.731700e+01,3.848000e+00
10,14,dsp,648,9.799000e+01,8.765000e+01,7.700000e-01,0.000000e+00,1.142860e+02,1.601300e+01,1.898900e+01,2.398000e+00
10,14,lut,648,9.321000e+01,5.000000e+01,9.300000e-01,1.045200e+01,7.327400e+01,1.601300e+01,1.898900e+01,2.398000e+00
10,14,ff,648,7.423000e+01,4.645000e+01,1.540000e+00,2.439100e+01,8.135100e+01,1.601300e+01,1.898900e+01,2.398000e+00
10,14,bram,648,9.892000e+01,0.000000e+00,0.000000e+00,0.000000e+00,1.222220e+02,1.601300e+01,1.898900e+01,2.398000e+00
10,14,any,2592,9.109000e+01,4.603000e+01,8.100000e-01,1.683200e+01,1.222220e+02,1.601300e+01,1.898900e+01,2.398000e+00
10,15,dsp,648,9.630000e+01,5.586000e+01,2.160000e+00,0.000000e+00,1.142860e+02,3.096700e+01,2.687600e+01,4.994000e+00
10,15,lut,648,8.133000e+01,1.759000e+01,1.390000e+00,7.371000e+01,1.390690e+02,3.096700e+01,2.687600e+01,4.994000e+00
10,15,ff,648,7.901000e+01,5.525000e+01,1.540000e+00,6.175200e+01,1.309510e+02,3.096700e+01,2.687600e+01,4.994000e+00
10,15,bram,648,9.877000e+01,9.059000e+01,9.300000e-01,0.000000e+00,1.333330e+02,3.096700e+01,2.687600e+01,4.994000e+00
10,15,any,2592,8.885000e+01,5.482000e+01,1.500000e+00,5.343500e+01,1.390690e+02,3.096700e+01,2.687600e+01,4.994000e+00
10,16,dsp,648,9.907000e+01,9.244000e+01,7.700000e-01,0.000000e+00,6.000000e+01,1.596300e+01,1.734700e+01,2.117000e+00
10,16,lut,648,9.722000e+01,7.099000e+01,1.850000e+00,4.310000e+00,3.668500e+01,1.596300e+01,1.734700e+01,2.117000e+00
10,16,ff,648,8.086000e+01,6.019000e+01,3.100000e-01,6.141000e+01,7.575300e+01,1.596300e+01,1.734700e+01,2.117000e+00
10,16,bram,648,9.985000e+01,0.000000e+00,0.000000e+00,0.000000e+00,1.222220e+02,1.596300e+01,1.734700e+01,2.117000e+00
10,16,any,2592,9.425000e+01,5.590000e+01,7.300000e-01,1.030000e+01,1.222220e+02,1.596300e+01,1.734700e+01,2.117000e+00
10,17,dsp,648,5.849000e+01,3.349000e+01,7.560000e+00,1.500000e+02,3.000000e+02,3.677700e+01,3.572000e+01,2.525400e+01
10,17,lut,648,5.679000e+01,3.225000e+01,8.330000e+00,9.135800e+01,1.895640e+02,3.677700e+01,3.572000e+01,2.525400e+01
10,17,ff,648,1.543000e+01,5.710000e+00,1.230000e+00,3.239400e+02,3.688440e+02,3.677700e+01,3.572000e+01,2.525400e+01
10,17,bram,648,7.253000e+01,0.000000e+00,4.630000e+00,0.000000e+00,1.500000e+02,3.677700e+01,3.572000e+01,2.525400e+01
10,17,any,2592,5.081000e+01,1.786000e+01,5.440000e+00,1.921510e+02,3.688440e+02,3.677700e+01,3.572000e+01,2.525400e+01
10,18,dsp,648,9.414000e+01,9.213000e+01,5.090000e+00,0.000000e+00,6.153800e+01,3.332700e+01,3.168800e+01,3.799000e+00
10,18,lut,648,9.429000e+01,1.096000e+01,4.630000e+00,5.828000e+00,2.392800e+01,3.332700e+01,3.168800e+01,3.799000e+00
10,18,ff,648,6.914000e+01,1.850000e+00,8.950000e+00,1.701900e+01,4.197200e+01,3.332700e+01,3.168800e+01,3.799000e+00
10,18,bram,648,9.892000e+01,8.164000e+01,9.300000e-01,0.000000e+00,1.222220e+02,3.332700e+01,3.168800e+01,3.799000e+00
10,18,any,2592,8.912000e+01,4.664000e+01,4.900000e+00,1.213300e+01,1.222220e+02,3.332700e+01,3.168800e+01,3.799000e+00
10,19,dsp,648,9.660000e+01,8.549000e+01,1.080000e+00,0.000000e+00,1.142860e+02,3.300800e+01,3.161000e+01,3.089000e+00
10,19,lut,648,8.287000e+01,5.340000e+01,0.000000e+00,7.355700e+01,1.386420e+02,3.300800e+01,3.161000e+01,3.089000e+00
10,19,ff,648,8.272000e+01,5.818000e+01,1.500000e-01,5.687900e+01,1.309510e+02,3.300800e+01,3.161000e+01,3.089000e+00
10,19,bram,648,9.969000e+01,9.738000e+01,0.000000e+00,0.000000e+00,1.333330e+02,3.300800e+01,3.161000e+01,3.089000e+00
10,19,any,2592,9.047000e+01,7.361000e+01,3.100000e-01,4.612200e+01,1.386420e+02,3.300800e+01,3.161000e+01,3.089000e+00
20,0,dsp,648,8.920000e+01,7.531000e+01,9.300000e-01,7.142900e+01,1.181820e+02,1.145300e+01,1.270200e+01,3.599000e+00
20,0,lut,648,9.475000e+01,6.404000e+01,3.400000e+00,6.877000e+00,3.858000e+01,1.145300e+01,1.270200e+01,3.599000e+00
20,0,ff,648,9.136000e+01,7.840000e+01,3.400000e+00,1.045000e+01,5.459900e+01,1.145300e+01,1.270200e+01,3.599000e+00
20,0,bram,648,8.966000e+01,0.000000e+00,0.000000e+00,2.712200e+01,6.590900e+01,1.145300e+01,1.270200e+01,3.599000e+00
20,0,any,2592,9.124000e+01,5.444000e+01,1.930000e+00,2.000000e+01,1.181820e+02,1.145300e+01,1.270200e+01,3.599000e+00
20,1,dsp,648,9.151000e+01,8.904000e+01,7.700000e-01,7.142900e+01,1.181820e+02,1.400100e+01,7.267000e+00,2.673000e+00
20,1,lut,648,9.722000e+01,7.191000e+01,2.470000e+00,4.462000e+00,2.063400e+01,1.400100e+01,7.267000e+00,2.673000e+00
20,1,ff,648,9.259000e+01,8.395000e+01,2.470000e+00,8.852000e+00,3.030800e+01,1.400100e+01,7.267000e+00,2.673000e+00
20,1,bram,648,9.244000e+01,0.000000e+00,0.000000e+00,2.000000e+01,5.555600e+01,1.400100e+01,7.267000e+00,2.673000e+00
20,1,any,2592,9.344000e+01,6.123000e+01,1.430000e+00,9.599000e+00,1.181820e+02,1.400100e+01,7.267000e+00,2.673000e+00
20,2,dsp,648,9.383000e+01,9.059000e+01,2.010000e+00,6.667000e+00,1.142860e+02,2.102500e+01,3.015000e+01,2.316000e+00
20,2,lut,648,9.815000e+01,6.883000e+01,1.230000e+00,4.683000e+00,2.614100e+01,2.102500e+01,3.015000e+01,2.316000e+00
20,2,ff,648,8.380000e+01,6.127000e+01,2.160000e+00,4.603400e+01,7.072000e+01,2.102500e+01,3.015000e+01,2.316000e+00
20,2,bram,648,9.537000e+01,9.352000e+01,0.000000e+00,0.000000e+00,4.000000e+01,2.102500e+01,3.015000e+01,2.316000e+00
20,2,any,2592,9.279000e+01,7.855000e+01,1.350000e+00,1.666700e+01,1.142860e+02,2.102500e+01,3.015000e+01,2.316000e+00
20,3,dsp,648,9.769000e+01,9.059000e+01,7.700000e-01,0.000000e+00,1.142860e+02,4.355000e+01,2.291100e+01,2.507000e+00
20,3,lut,648,9.799000e+01,6.836000e+01,7.700000e-01,4.672000e+00,2.194200e+01,4.355000e+01,2.291100e+01,2.507000e+00
20,3,ff,648,9.660000e+01,6.605000e+01,7.700000e-01,8.366000e+00,2.264400e+01,4.355000e+01,2.291100e+01,2.507000e+00
20,3,bram,648,9.861000e+01,9.722000e+01,0.000000e+00,0.000000e+00,3.500000e+01,4.355000e+01,2.291100e+01,2.507000e+00
20,3,any,2592,9.772000e+01,8.056000e+01,5.800000e-01,5.955000e+00,1.142860e+02,4.355000e+01,2.291100e+01,2.507000e+00
20,4,dsp,648,9.753000e+01,9.506000e+01,7.700000e-01,0.000000e+00,1.142860e+02,5.441000e+00,7.059000e+00,2.370000e+00
20,4,lut,648,8.549000e+01,4.259000e+01,9.300000e-01,1.675300e+01,4.952000e+01,5.441000e+00,7.059000e+00,2.370000e+00
20,4,ff,648,9.645000e+01,9.120000e+01,1.540000e+00,0.000000e+00,2.814500e+01,5.441000e+00,7.059000e+00,2.370000e+00
20,4,bram,648,9.830000e+01,0.000000e+00,0.000000e+00,0.000000e+00,3.500000e+01,5.441000e+00,7.059000e+00,2.370000e+00
20,4,any,2592,9.444000e+01,5.721000e+01,8.100000e-01,9.405000e+00,1.142860e+02,5.441000e+00,7.059000e+00,2.370000e+00
20,5,dsp,648,9.306000e+01,6.559000e+01,1.850000e+00,0.000000e+00,8.571400e+01,6.130000e+00,6.868000e+00,4.766000e+00
20,5,lut,648,9.074000e+01,3.133000e+01,3.400000e+00,4.672000e+00,4.300000e+01,6.130000e+00,6.868000e+00,4.766000e+00
20,5,ff,648,9.167000e+01,7.932000e+01,3.240000e+00,5.471000e+00,2.356000e+01,6.130000e+00,6.868000e+00,4.766000e+00
20,5,bram,648,9.506000e+01,7.392000e+01,1.080000e+00,0.000000e+00,1.000000e+01,6.130000e+00,6.868000e+00,4.766000e+00
20,5,any,2592,9.263000e+01,6.254000e+01,2.390000e+00,3.419000e+00,8.571400e+01,6.130000e+00,6.868000e+00,4.766000e+00
20,6,dsp,648,9.985000e+01,9.059000e+01,0.000000e+00,0.000000e+00,1.142860e+02,1.221700e+01,6.909000e+00,1.123000e+00
20,6,lut,648,9.907000e+01,7.901000e+01,3.100000e-01,4.261000e+00,2.194200e+01,1.221700e+01,6.909000e+00,1.123000e+00
20,6,ff,648,9.846000e+01,9.414000e+01,3.100000e-01,0.000000e+00,2.264400e+01,1.221700e+01,6.909000e+00,1.123000e+00
20,6,bram,648,1.000000e+02,0.000000e+00,0.000000e+00,0.000000e+00,9.091000e+00,1.221700e+01,6.909000e+00,1.123000e+00
20,6,any,2592,9.934000e+01,6.593000e+01,1.500000e-01,1.870000e-01,1.142860e+02,1.221700e+01,6.909000e+00,1.123000e+00
20,7,dsp,648,9.136000e+01,9.012000e+01,8.640000e+00,0.000000e+00,6.667000e+00,8.274000e+00,8.786000e+00,5.338000e+00
20,7,lut,648,8.534000e+01,5.370000e+01,1.404000e+01,4.860000e+00,2.194200e+01,8.274000e+00,8.786000e+00,5.338000e+00
20,7,ff,648,9.074000e+01,5.031000e+01,7.870000e+00,7.644000e+00,2.101400e+01,8.274000e+00,8.786000e+00,5.338000e+00
20,7,bram,648,9.691000e+01,8.858000e+01,2.160000e+00,0.000000e+00,1.222220e+02,8.274000e+00,8.786000e+00,5.338000e+00
20,7,any,2592,9.109000e+01,7.068000e+01,8.180000e+00,5.290000e+00,1.222220e+02,8.274000e+00,8.786000e+00,5.338000e+00
20,8,dsp,648,9.136000e+01,9.043000e+01,8.640000e+00,0.000000e+00,0.000000e+00,8.190000e+00,5.775000e+00,7.172000e+00
20,8,lut,648,7.407000e+01,2.886000e+01,1.512000e+01,1.250900e+01,2.409700e+01,8.190000e+00,5.775000e+00,7.172000e+00
20,8,ff,648,8.673000e+01,5.556000e+01,1.312000e+01,7.007000e+00,1.576800e+01,8.190000e+00,5.775000e+00,7.172000e+00
20,8,bram,648,9.738000e+01,0.000000e+00,2.620000e+00,0.000000e+00,9.091000e+00,8.190000e+00,5.775000e+00,7.172000e+00
20,8,any,2592,8.738000e+01,4.371000e+01,9.880000e+00,6.620000e+00,2.409700e+01,8.190000e+00,5.775000e+00,7.172000e+00
20,9,dsp,648,9.306000e+01,8.519000e+01,1.230000e+00,1.818200e+01,1.142860e+02,5.826000e+00,6.330000e+00,3.346000e+00
20,9,lut,648,9.707000e+01,6.173000e+01,2.780000e+00,4.463000e+00,1.200000e+01,5.826000e+00,6.330000e+00,3.346000e+00
20,9,ff,648,9.398000e+01,7.515000e+01,4.480000e+00,7.671000e+00,2.012300e+01,5.826000e+00,6.330000e+00,3.346000e+00
20,9,bram,648,9.136000e+01,8.966000e+01,7.700000e-01,1.666700e+01,1.222220e+02,5.826000e+00,6.330000e+00,3.346000e+00
20,9,any,2592,9.387000e+01,7.793000e+01,2.310000e+00,6.877000e+00,1.222220e+02,5.826000e+00,6.330000e+00,3.346000e+00
20,10,dsp,648,9.707000e+01,7.623000e+01,0.000000e+00,0.000000e+00,1.142860e+02,1.977900e+01,2.295500e+01,3.489000e+00
20,10,lut,648,9.892000e+01,2.670000e+01,0.000000e+00,3.072000e+00,1.200000e+01,1.977900e+01,2.295500e+01,3.489000e+00
20,10,ff,648,9.691000e+01,7.978000e+01,0.000000e+00,7.059000e+00,2.264400e+01,1.977900e+01,2.295500e+01,3.489000e+00
20,10,bram,648,9.954000e+01,9.599000e+01,0.000000e+00,0.000000e+00,9.091000e+00,1.977900e+01,2.295500e+01,3.489000e+00
20,10,any,2592,9.811000e+01,6.968000e+01,0.000000e+00,3.426000e+00,1.142860e+02,1.977900e+01,2.295500e+01,3.489000e+00
20,11,dsp,648,9.784000e+01,9.259000e+01,0.000000e+00,0.000000e+00,1.142860e+02,5.716000e+00,4.138000e+00,2.904000e+00
20,11,lut,648,9.784000e+01,6.636000e+01,1.500000e-01,4.518000e+00,6.467700e+01,5.716000e+00,4.138000e+00,2.904000e+00
20,11,ff,648,9.769000e+01,8.549000e+01,1.500000e-01,5.955000e+00,4.370600e+01,5.716000e+00,4.138000e+00,2.904000e+00
20,11,bram,648,9.769000e+01,9.583000e+01,0.000000e+00,0.000000e+00,1.222220e+02,5.716000e+00,4.138000e+00,2.904000e+00
20,11,any,2592,9.776000e+01,8.507000e+01,8.000000e-02,4.398000e+00,1.222220e+02,5.716000e+00,4.138000e+00,2.904000e+00
20,12,dsp,648,9.645000e+01,9.012000e+01,1.700000e+00,0.000000e+00,1.500000e+02,1.292400e+01,7.048000e+00,4.379000e+00
20,12,lut,648,9.136000e+01,4.120000e+01,6.790000e+00,6.659000e+00,2.258000e+01,1.292400e+01,7.048000e+00,4.379000e+00
20,12,ff,648,9.136000e+01,8.688000e+01,4.630000e+00,7.050000e-01,2.810600e+01,1.292400e+01,7.048000e+00,4.379000e+00
20,12,bram,648,9.784000e+01,0.000000e+00,7.700000e-01,0.000000e+00,4.081600e+01,1.292400e+01,7.048000e+00,4.379000e+00
20,12,any,2592,9.425000e+01,5.455000e+01,3.470000e+00,4.349000e+00,1.500000e+02,1.292400e+01,7.048000e+00,4.379000e+00
20,13,dsp,648,9.753000e+01,7.037000e+01,0.000000e+00,0.000000e+00,1.142860e+02,7.958000e+00,5.560000e+00,3.153000e+00
20,13,lut,648,9.552000e+01,7.515000e+01,1.390000e+00,4.091000e+00,1.386420e+02,7.958000e+00,5.560000e+00,3.153000e+00
20,13,ff,648,9.537000e+01,9.059000e+01,1.390000e+00,1.758000e+00,1.232780e+02,7.958000e+00,5.560000e+00,3.153000e+00
20,13,bram,648,9.938000e+01,9.059000e+01,0.000000e+00,0.000000e+00,1.333330e+02,7.958000e+00,5.560000e+00,3.153000e+00
20,13,any,2592,9.695000e+01,8.167000e+01,6.900000e-01,2.177000e+00,1.386420e+02,7.958000e+00,5.560000e+00,3.153000e+00
20,14,dsp,648,9.120000e+01,7.731000e+01,1.080000e+00,7.142900e+01,1.181820e+02,3.838000e+01,1.128300e+01,2.849000e+00
20,14,lut,648,6.481000e+01,4.537000e+01,0.000000e+00,1.971390e+02,4.502970e+02,3.838000e+01,1.128300e+01,2.849000e+00
20,14,ff,648,8.966000e+01,6.003000e+01,2.620000e+00,1.283800e+01,3.030800e+01,3.838000e+01,1.128300e+01,2.849000e+00
20,14,bram,648,9.367000e+01,0.000000e+00,0.000000e+00,2.000000e+01,5.555600e+01,3.838000e+01,1.128300e+01,2.849000e+00
20,14,any,2592,8.484000e+01,4.568000e+01,9.300000e-01,2.936500e+01,4.502970e+02,3.838000e+01,1.128300e+01,2.849000e+00
20,15,dsp,648,9.583000e+01,8.503000e+01,3.240000e+00,0.000000e+00,1.500000e+02,4.886900e+01,7.131000e+00,5.556000e+00
20,15,lut,648,5.864000e+01,3.920000e+01,2.930000e+00,2.288450e+02,4.382920e+02,4.886900e+01,7.131000e+00,5.556000e+00
20,15,ff,648,8.889000e+01,7.623000e+01,6.480000e+00,7.930000e+00,7.321400e+01,4.886900e+01,7.131000e+00,5.556000e+00
20,15,bram,648,9.753000e+01,0.000000e+00,1.230000e+00,0.000000e+00,6.666700e+01,4.886900e+01,7.131000e+00,5.556000e+00
20,15,any,2592,8.522000e+01,5.012000e+01,3.470000e+00,2.936500e+01,4.382920e+02,4.886900e+01,7.131000e+00,5.556000e+00
20,16,dsp,648,9.506000e+01,8.179000e+01,9.300000e-01,0.000000e+00,1.142860e+02,1.028800e+01,6.798000e+00,2.414000e+00
20,16,lut,648,9.830000e+01,6.806000e+01,9.300000e-01,4.784000e+00,2.646100e+01,1.028800e+01,6.798000e+00,2.414000e+00
20,16,ff,648,9.599000e+01,8.611000e+01,1.080000e+00,6.816000e+00,2.814500e+01,1.028800e+01,6.798000e+00,2.414000e+00
20,16,bram,648,9.614000e+01,0.000000e+00,0.000000e+00,0.000000e+00,3.500000e+01,1.028800e+01,6.798000e+00,2.414000e+00
20,16,any,2592,9.637000e+01,5.899000e+01,7.300000e-01,5.150000e+00,1.142860e+02,1.028800e+01,6.798000e+00,2.414000e+00
20,17,dsp,648,9.722000e+01,5.725000e+01,1.500000e-01,0.000000e+00,1.142860e+02,7.650000e+00,5.284000e+00,4.420000e+00
20,17,lut,648,9.568000e+01,6.281000e+01,2.160000e+00,4.868000e+00,1.501390e+02,7.650000e+00,5.284000e+00,4.420000e+00
20,17,ff,648,9.491000e+01,8.873000e+01,2.470000e+00,3.691000e+00,1.232780e+02,7.650000e+00,5.284000e+00,4.420000e+00
20,17,bram,648,9.861000e+01,9.043000e+01,9.300000e-01,0.000000e+00,1.333330e+02,7.650000e+00,5.284000e+00,4.420000e+00
20,17,any,2592,9.660000e+01,7.481000e+01,1.430000e+00,3.586000e+00,1.501390e+02,7.650000e+00,5.284000e+00,4.420000e+00
20,18,dsp,648,9.522000e+01,9.398000e+01,4.780000e+00,0.000000e+00,0.000000e+00,8.662000e+00,1.007100e+01,3.913000e+00
20,18,lut,648,9.151000e+01,5.062000e+01,7.410000e+00,4.672000e+00,1.250500e+01,8.662000e+00,1.007100e+01,3.913000e+00
20,18,ff,648,9.213000e+01,5.633000e+01,5.860000e+00,4.296000e+00,1.382600e+01,8.662000e+00,1.007100e+01,3.913000e+00
20,18,bram,648,9.877000e+01,6.640000e+00,1.230000e+00,0.000000e+00,9.091000e+00,8.662000e+00,1.007100e+01,3.913000e+00
20,18,any,2592,9.441000e+01,5.189000e+01,4.820000e+00,3.604000e+00,1.382600e+01,8.662000e+00,1.007100e+01,3.913000e+00
20,19,dsp,648,9.475000e+01,9.352000e+01,4.480000e+00,0.000000e+00,1.818200e+01,7.678000e+00,4.839000e+00,3.731000e+00
20,19,lut,648,9.120000e+01,1.219000e+01,8.330000e+00,5.394000e+00,2.392800e+01,7.678000e+00,4.839000e+00,3.731000e+00
20,19,ff,648,9.336000e+01,7.762000e+01,6.330000e+00,5.150000e+00,2.089000e+01,7.678000e+00,4.839000e+00,3.731000e+00
20,19,bram,648,9.799000e+01,9.429000e+01,1.230000e+00,0.000000e+00,1.250000e+01,7.678000e+00,4.839000e+00,3.731000e+00
20,19,any,2592,9.433000e+01,6.941000e+01,5.090000e+00,4.504000e+00,2.392800e+01,7.678000e+00,4.839000e+00,3.731000e+00
30,0,dsp,648,9.815000e+01,7.546000e+01,0.000000e+00,0.000000e+00,6.153800e+01,7.907000e+00,3.810000e+00,3.193000e+00
30,0,lut,648,8.781000e+01,3.719000e+01,0.000000e+00,1.209300e+01,2.289200e+01,7.907000e+00,3.810000e+00,3.193000e+00
30,0,ff,648,9.954000e+01,8.611000e+01,0.000000e+00,4.734000e+00,9.163000e+00,7.907000e+00,3.810000e+00,3.193000e+00
30,0,bram,648,9.954000e+01,9.769000e+01,0.000000e+00,0.000000e+00,9.091000e+00,7.907000e+00,3.810000e+00,3.193000e+00
30,0,any,2592,9.626000e+01,7.411000e+01,0.000000e+00,9.139000e+00,6.153800e+01,7.907000e+00,3.810000e+00,3.193000e+00
30,1,dsp,648,9.630000e+01,8.549000e+01,2.160000e+00,0.000000e+00,1.500000e+02,6.321000e+00,4.443000e+00,5.562000e+00
30,1,lut,648,9.151000e+01,6.574000e+01,5.090000e+00,6.266000e+00,9.235600e+01,6.321000e+00,4.443000e+00,5.562000e+00
30,1,ff,648,9.012000e+01,8.256000e+01,4.940000e+00,9.740000e+00,7.321400e+01,6.321000e+00,4.443000e+00,5.562000e+00
30,1,bram,648,9.599000e+01,9.336000e+01,1.390000e+00,0.000000e+00,6.666700e+01,6.321000e+00,4.443000e+00,5.562000e+00
30,1,any,2592,9.348000e+01,8.179000e+01,3.400000e+00,4.874000e+00,1.500000e+02,6.321000e+00,4.443000e+00,5.562000e+00
30,2,dsp,648,9.352000e+01,8.827000e+01,6.480000e+00,0.000000e+00,6.667000e+00,4.454000e+00,3.826000e+00,4.568000e+00
30,2,lut,648,9.444000e+01,5.725000e+01,5.400000e+00,4.221000e+00,1.200000e+01,4.454000e+00,3.826000e+00,4.568000e+00
30,2,ff,648,9.059000e+01,7.731000e+01,9.260000e+00,5.821000e+00,1.281300e+01,4.454000e+00,3.826000e+00,4.568000e+00
30,2,bram,648,9.784000e+01,9.414000e+01,2.160000e+00,0.000000e+00,9.091000e+00,4.454000e+00,3.826000e+00,4.568000e+00
30,2,any,2592,9.410000e+01,7.924000e+01,5.830000e+00,2.256000e+00,1.281300e+01,4.454000e+00,3.826000e+00,4.568000e+00
30,3,dsp,648,9.985000e+01,9.491000e+01,0.000000e+00,0.000000e+00,1.142860e+02,3.160000e+00,5.080000e+00,1.133000e+00
30,3,lut,648,9.985000e+01,2.006000e+01,0.000000e+00,4.672000e+00,1.200000e+01,3.160000e+00,5.080000e+00,1.133000e+00
30,3,ff,648,8.503000e+01,4.780000e+00,0.000000e+00,1.607700e+01,1.937400e+01,3.160000e+00,5.080000e+00,1.133000e+00
30,3,bram,648,1.000000e+02,7.299000e+01,0.000000e+00,0.000000e+00,1.000000e+01,3.160000e+00,5.080000e+00,1.133000e+00
30,3,any,2592,9.618000e+01,4.819000e+01,0.000000e+00,9.461000e+00,1.142860e+02,3.160000e+00,5.080000e+00,1.133000e+00
30,4,dsp,648,9.429000e+01,7.207000e+01,0.000000e+00,0.000000e+00,1.142860e+02,8.370000e+00,8.121000e+00,3.772000e+00
30,4,lut,648,7.006000e+01,1.435000e+01,0.000000e+00,1.896600e+01,2.970000e+01,8.370000e+00,8.121000e+00,3.772000e+00
30,4,ff,648,9.614000e+01,7.176000e+01,0.000000e+00,6.865000e+00,2.264400e+01,8.370000e+00,8.121000e+00,3.772000e+00
30,4,bram,648,9.552000e+01,9.352000e+01,0.000000e+00,0.000000e+00,2.500000e+01,8.370000e+00,8.121000e+00,3.772000e+00
30,4,any,2592,8.900000e+01,6.292000e+01,0.000000e+00,1.316500e+01,1.142860e+02,8.370000e+00,8.121000e+00,3.772000e+00
30,5,dsp,648,9.568000e+01,7.485000e+01,7.700000e-01,0.000000e+00,6.153800e+01,3.995000e+00,7.414000e+00,3.017000e+00
30,5,lut,648,9.552000e+01,4.367000e+01,7.700000e-01,1.490000e+00,1.378600e+01,3.995000e+00,7.414000e+00,3.017000e+00
30,5,ff,648,9.475000e+01,4.028000e+01,7.700000e-01,6.228000e+00,1.283100e+01,3.995000e+00,7.414000e+00,3.017000e+00
30,5,bram,648,9.707000e+01,1.867000e+01,0.000000e+00,0.000000e+00,8.889000e+00,3.995000e+00,7.414000e+00,3.017000e+00
30,5,any,2592,9.576000e+01,4.437000e+01,5.800000e-01,1.724000e+00,6.153800e+01,3.995000e+00,7.414000e+00,3.017000e+00
30,6,dsp,648,9.985000e+01,9.059000e+01,0.000000e+00,0.000000e+00,1.142860e+02,1.207000e+01,6.712000e+00,1.352000e+00
30,6,lut,648,9.969000e+01,3.179000e+01,0.000000e+00,1.340000e+00,1.200000e+01,1.207000e+01,6.712000e+00,1.352000e+00
30,6,ff,648,8.673000e+01,2.470000e+00,0.000000e+00,1.212100e+01,2.264400e+01,1.207000e+01,6.712000e+00,1.352000e+00
30,6,bram,648,1.000000e+02,8.272000e+01,0.000000e+00,0.000000e+00,9.091000e+00,1.207000e+01,6.712000e+00,1.352000e+00
30,6,any,2592,9.657000e+01,5.189000e+01,0.000000e+00,6.722000e+00,1.142860e+02,1.207000e+01,6.712000e+00,1.352000e+00
30,7,dsp,648,9.738000e+01,7.670000e+01,0.000000e+00,0.000000e+00,1.142860e+02,3.044000e+00,5.346000e+00,2.621000e+00
30,7,lut,648,9.861000e+01,4.012000e+01,0.000000e+00,3.901000e+00,1.376800e+01,3.044000e+00,5.346000e+00,2.621000e+00
30,7,ff,648,9.645000e+01,3.503000e+01,0.000000e+00,7.568000e+00,1.861900e+01,3.044000e+00,5.346000e+00,2.621000e+00
30,7,bram,648,9.954000e+01,1.914000e+01,0.000000e+00,0.000000e+00,1.000000e+01,3.044000e+00,5.346000e+00,2.621000e+00
30,7,any,2592,9.799000e+01,4.275000e+01,0.000000e+00,6.212000e+00,1.142860e+02,3.044000e+00,5.346000e+00,2.621000e+00
30,8,dsp,648,9.877000e+01,9.151000e+01,1.080000e+00,0.000000e+00,1.142860e+02,2.629000e+00,4.184000e+00,2.048000e+00
30,8,lut,648,9.861000e+01,7.114000e+01,7.700000e-01,4.091000e+00,2.194200e+01,2.629000e+00,4.184000e+00,2.048000e+00
30,8,ff,648,9.861000e+01,7.901000e+01,7.700000e-01,6.793000e+00,2.264400e+01,2.629000e+00,4.184000e+00,2.048000e+00
30,8,bram,648,9.985000e+01,9.830000e+01,0.000000e+00,0.000000e+00,1.222220e+02,2.629000e+00,4.184000e+00,2.048000e+00
30,8,any,2592,9.896000e+01,8.499000e+01,6.600000e-01,3.883000e+00,1.222220e+02,2.629000e+00,4.184000e+00,2.048000e+00
30,9,dsp,648,9.660000e+01,7.438000e+01,0.000000e+00,0.000000e+00,1.142860e+02,2.222000e+00,6.766000e+00,2.679000e+00
30,9,lut,648,9.830000e+01,7.330000e+01,1.500000e-01,3.829000e+00,1.200000e+01,2.222000e+00,6.766000e+00,2.679000e+00
30,9,ff,648,9.738000e+01,9.090000e+01,1.500000e-01,1.100000e-02,1.861900e+01,2.222000e+00,6.766000e+00,2.679000e+00
30,9,bram,648,9.784000e+01,0.000000e+00,0.000000e+00,0.000000e+00,2.500000e+01,2.222000e+00,6.766000e+00,2.679000e+00
30,9,any,2592,9.753000e+01,5.965000e+01,8.000000e-02,2.072000e+00,1.142860e+02,2.222000e+00,6.766000e+00,2.679000e+00
30,10,dsp,648,9.691000e+01,7.485000e+01,0.000000e+00,0.000000e+00,1.142860e+02,6.312000e+00,8.528000e+00,2.943000e+00
30,10,lut,648,9.028000e+01,1.836000e+01,0.000000e+00,1.260000e+01,2.147700e+01,6.312000e+00,8.528000e+00,2.943000e+00
30,10,ff,648,9.784000e+01,7.423000e+01,0.000000e+00,8.020000e+00,2.264400e+01,6.312000e+00,8.528000e+00,2.943000e+00
30,10,bram,648,9.954000e+01,9.784000e+01,0.000000e+00,0.000000e+00,9.091000e+00,6.312000e+00,8.528000e+00,2.943000e+00
30,10,any,2592,9.614000e+01,6.632000e+01,0.000000e+00,6.962000e+00,1.142860e+02,6.312000e+00,8.528000e+00,2.943000e+00
30,11,dsp,648,9.336000e+01,9.244000e+01,6.640000e+00,0.000000e+00,0.000000e+00,8.216000e+00,4.844000e+00,5.499000e+00
30,11,lut,648,7.886000e+01,2.284000e+01,1.096000e+01,1.186800e+01,2.548000e+01,8.216000e+00,4.844000e+00,5.499000e+00
30,11,ff,648,8.997000e+01,8.164000e+01,1.003000e+01,0.000000e+00,5.774000e+00,8.216000e+00,4.844000e+00,5.499000e+00
30,11,bram,648,9.799000e+01,0.000000e+00,2.010000e+00,0.000000e+00,9.091000e+00,8.216000e+00,4.844000e+00,5.499000e+00
30,11,any,2592,9.005000e+01,4.923000e+01,7.410000e+00,6.798000e+00,2.548000e+01,8.216000e+00,4.844000e+00,5.499000e+00
30,12,dsp,648,9.923000e+01,8.920000e+01,0.000000e+00,0.000000e+00,1.142860e+02,3.654000e+00,4.381000e+00,1.181000e+00
30,12,lut,648,9.954000e+01,2.917000e+01,0.000000e+00,4.689000e+00,1.258200e+01,3.654000e+00,4.381000e+00,1.181000e+00
30,12,ff,648,9.954000e+01,8.380000e+01,0.000000e+00,5.150000e+00,2.264400e+01,3.654000e+00,4.381000e+00,1.181000e+00
30,12,bram,648,1.000000e+02,9.846000e+01,0.000000e+00,0.000000e+00,9.091000e+00,3.654000e+00,4.381000e+00,1.181000e+00
30,12,any,2592,9.958000e+01,7.515000e+01,0.000000e+00,4.123000e+00,1.142860e+02,3.654000e+00,4.381000e+00,1.181000e+00
30,13,dsp,648,9.985000e+01,8.951000e+01,0.000000e+00,0.000000e+00,1.142860e+02,1.229000e+00,2.459000e+00,1.207000e+00
30,13,lut,648,9.969000e+01,8.858000e+01,0.000000e+00,3.240000e-01,1.200000e+01,1.229000e+00,2.459000e+00,1.207000e+00
30,13,ff,648,9.985000e+01,9.244000e+01,0.000000e+00,7.310000e-01,2.264400e+01,1.229000e+00,2.459000e+00,1.207000e+00
30,13,bram,648,1.000000e+02,9.830000e+01,0.000000e+00,0.000000e+00,9.091000e+00,1.229000e+00,2.459000e+00,1.207000e+00
30,13,any,2592,9.985000e+01,9.221000e+01,0.000000e+00,0.000000e+00,1.142860e+02,1.229000e+00,2.459000e+00,1.207000e+00
30,14,dsp,648,9.707000e+01,9.120000e+01,1.850000e+00,0.000000e+00,1.142860e+02,6.910000e+00,5.314000e+00,2.446000e+00
30,14,lut,648,8.364000e+01,4.784000e+01,6.480000e+00,1.186800e+01,6.148200e+01,6.910000e+00,5.314000e+00,2.446000e+00
30,14,ff,648,9.383000e+01,8.735000e+01,4.010000e+00,2.038000e+00,4.119000e+01,6.910000e+00,5.314000e+00,2.446000e+00
30,14,bram,648,9.907000e+01,0.000000e+00,0.000000e+00,0.000000e+00,1.428600e+01,6.910000e+00,5.314000e+00,2.446000e+00
30,14,any,2592,9.340000e+01,5.660000e+01,3.090000e+00,4.784000e+00,1.142860e+02,6.910000e+00,5.314000e+00,2.446000e+00
30,15,dsp,648,9.784000e+01,6.435000e+01,1.700000e+00,0.000000e+00,6.667000e+00,8.271000e+00,8.530000e+00,4.367000e+00
30,15,lut,648,9.460000e+01,2.130000e+01,4.010000e+00,3.829000e+00,1.544200e+01,8.271000e+00,8.530000e+00,4.367000e+00
30,15,ff,648,8.519000e+01,5.602000e+01,4.630000e+00,1.223000e+01,2.196500e+01,8.271000e+00,8.530000e+00,4.367000e+00
30,15,bram,648,9.846000e+01,7.593000e+01,1.080000e+00,0.000000e+00,9.091000e+00,8.271000e+00,8.530000e+00,4.367000e+00
30,15,any,2592,9.402000e+01,5.440000e+01,2.850000e+00,6.780000e+00,2.196500e+01,8.271000e+00,8.530000e+00,4.367000e+00
30,16,dsp,648,9.985000e+01,9.429000e+01,0.000000e+00,0.000000e+00,1.142860e+02,8.390000e+00,2.643000e+00,1.063000e+00
30,16,lut,648,9.985000e+01,7.685000e+01,0.000000e+00,4.140000e+00,1.200000e+01,8.390000e+00,2.643000e+00,1.063000e+00
30,16,ff,648,9.985000e+01,9.306000e+01,0.000000e+00,0.000000e+00,1.861900e+01,8.390000e+00,2.643000e+00,1.063000e+00
30,16,bram,648,1.000000e+02,9.630000e+01,0.000000e+00,0.000000e+00,9.091000e+00,8.390000e+00,2.643000e+00,1.063000e+00
30,16,any,2592,9.988000e+01,9.012000e+01,0.000000e+00,1.112000e+00,1.142860e+02,8.390000e+00,2.643000e+00,1.063000e+00
30,17,dsp,648,9.907000e+01,8.981000e+01,0.000000e+00,0.000000e+00,1.142860e+02,7.797000e+00,8.807000e+00,1.046000e+00
30,17,lut,648,9.846000e+01,7.701000e+01,3.100000e-01,5.831000e+00,1.353500e+01,7.797000e+00,8.807000e+00,1.046000e+00
30,17,ff,648,9.861000e+01,9.414000e+01,3.100000e-01,0.000000e+00,1.861900e+01,7.797000e+00,8.807000e+00,1.046000e+00
30,17,bram,648,1.000000e+02,0.000000e+00,0.000000e+00,0.000000e+00,9.091000e+00,7.797000e+00,8.807000e+00,1.046000e+00
30,17,any,2592,9.904000e+01,6.524000e+01,1.500000e-01,5.440000e-01,1.142860e+02,7.797000e+00,8.807000e+00,1.046000e+00
30,18,dsp,648,9.830000e+01,8.627000e+01,7.700000e-01,0.000000e+00,1.142860e+02,2.328000e+00,5.437000e+00,2.059000e+00
30,18,lut,648,9.707000e+01,8.179000e+01,1.390000e+00,1.221000e+00,6.148200e+01,2.328000e+00,5.437000e+00,2.059000e+00
30,18,ff,648,9.012000e+01,6.698000e+01,1.850000e+00,1.363700e+01,6.410800e+01,2.328000e+00,5.437000e+00,2.059000e+00
30,18,bram,648,9.892000e+01,9.660000e+01,0.000000e+00,0.000000e+00,1.222220e+02,2.328000e+00,5.437000e+00,2.059000e+00
30,18,any,2592,9.610000e+01,8.291000e+01,1.000000e+00,6.962000e+00,1.222220e+02,2.328000e+00,5.437000e+00,2.059000e+00
30,19,dsp,648,9.985000e+01,9.537000e+01,0.000000e+00,0.000000e+00,1.142860e+02,9.302000e+00,6.134000e+00,1.017000e+00
30,19,lut,648,8.781000e+01,6.127000e+01,4.600000e-01,1.486400e+01,3.122800e+01,9.302000e+00,6.134000e+00,1.017000e+00
30,19,ff,648,9.877000e+01,9.429000e+01,3.100000e-01,0.000000e+00,1.861900e+01,9.302000e+00,6.134000e+00,1.017000e+00
30,19,bram,648,1.000000e+02,0.000000e+00,0.000000e+00,0.000000e+00,9.091000e+00,9.302000e+00,6.134000e+00,1.017000e+00
30,19,any,2592,9.660000e+01,6.273000e+01,1.900000e-01,4.518000e+00,1.142860e+02,9.302000e+00,6.134000e+00,1.017000e+00
45,0,dsp,648,9.985000e+01,9.429000e+01,0.000000e+00,0.000000e+00,1.142860e+02,3.368000e+00,3.024000e+00,1.087000e+00
45,0,lut,648,9.985000e+01,8.241000e+01,0.000000e+00,2.002000e+00,1.200000e+01,3.368000e+00,3.024000e+00,1.087000e+00
45,0,ff,648,9.985000e+01,8.580000e+01,0.000000e+00,4.123000e+00,1.861900e+01,3.368000e+00,3.024000e+00,1.087000e+00
45,0,bram,648,1.000000e+02,9.630000e+01,0.000000e+00,0.000000e+00,9.091000e+00,3.368000e+00,3.024000e+00,1.087000e+00
45,0,any,2592,9.988000e+01,8.970000e+01,0.000000e+00,1.173000e+00,1.142860e+02,3.368000e+00,3.024000e+00,1.087000e+00
45,1,dsp,648,9.923000e+01,9.429000e+01,0.000000e+00,0.000000e+00,1.142860e+02,1.676000e+00,4.368000e+00,1.266000e+00
45,1,lut,648,9.938000e+01,3.843000e+01,0.000000e+00,1.430000e+00,2.392800e+01,1.676000e+00,4.368000e+00,1.266000e+00
45,1,ff,648,9.244000e+01,2.469000e+01,0.000000e+00,1.154600e+01,2.264400e+01,1.676000e+00,4.368000e+00,1.266000e+00
45,1,bram,648,1.000000e+02,5.432000e+01,0.000000e+00,0.000000e+00,1.000000e+01,1.676000e+00,4.368000e+00,1.266000e+00
45,1,any,2592,9.776000e+01,5.293000e+01,0.000000e+00,6.211000e+00,1.142860e+02,1.676000e+00,4.368000e+00,1.266000e+00
45,2,dsp,648,9.907000e+01,9.352000e+01,0.000000e+00,0.000000e+00,1.142860e+02,2.266000e+00,4.045000e+00,1.124000e+00
45,2,lut,648,9.985000e+01,8.426000e+01,0.000000e+00,1.365000e+00,1.200000e+01,2.266000e+00,4.045000e+00,1.124000e+00
45,2,ff,648,9.969000e+01,7.685000e+01,0.000000e+00,7.059000e+00,1.861900e+01,2.266000e+00,4.045000e+00,1.124000e+00
45,2,bram,648,1.000000e+02,9.630000e+01,0.000000e+00,0.000000e+00,9.091000e+00,2.266000e+00,4.045000e+00,1.124000e+00
45,2,any,2592,9.965000e+01,8.773000e+01,0.000000e+00,3.066000e+00,1.142860e+02,2.266000e+00,4.045000e+00,1.124000e+00
45,3,dsp,648,9.907000e+01,8.873000e+01,0.000000e+00,0.000000e+00,1.142860e+02,3.846000e+00,3.467000e+00,1.087000e+00
45,3,lut,648,9.985000e+01,8.256000e+01,0.000000e+00,1.414000e+00,1.200000e+01,3.846000e+00,3.467000e+00,1.087000e+00
45,3,ff,648,9.985000e+01,8.164000e+01,0.000000e+00,6.751000e+00,1.861900e+01,3.846000e+00,3.467000e+00,1.087000e+00
45,3,bram,648,1.000000e+02,9.815000e+01,0.000000e+00,0.000000e+00,9.091000e+00,3.846000e+00,3.467000e+00,1.087000e+00
45,3,any,2592,9.969000e+01,8.777000e+01,0.000000e+00,1.430000e+00,1.142860e+02,3.846000e+00,3.467000e+00,1.087000e+00
45,4,dsp,648,9.938000e+01,9.383000e+01,0.000000e+00,0.000000e+00,1.142860e+02,1.909000e+00,2.487000e+00,1.095000e+00
45,4,lut,648,9.985000e+01,8.364000e+01,0.000000e+00,1.438000e+00,1.200000e+01,1.909000e+00,2.487000e+00,1.095000e+00
45,4,ff,648,9.985000e+01,8.148000e+01,0.000000e+00,5.242000e+00,1.861900e+01,1.909000e+00,2.487000e+00,1.095000e+00
45,4,bram,648,1.000000e+02,9.630000e+01,0.000000e+00,0.000000e+00,9.091000e+00,1.909000e+00,2.487000e+00,1.095000e+00
45,4,any,2592,9.977000e+01,8.881000e+01,0.000000e+00,1.403000e+00,1.142860e+02,1.909000e+00,2.487000e+00,1.095000e+00
45,5,dsp,648,9.892000e+01,8.858000e+01,0.000000e+00,0.000000e+00,1.142860e+02,1.426000e+00,2.290000e+00,1.312000e+00
45,5,lut,648,9.969000e+01,8.426000e+01,0.000000e+00,5.440000e-01,1.200000e+01,1.426000e+00,2.290000e+00,1.312000e+00
45,5,ff,648,9.969000e+01,8.827000e+01,0.000000e+00,1.239000e+00,2.264400e+01,1.426000e+00,2.290000e+00,1.312000e+00
45,5,bram,648,9.907000e+01,9.722000e+01,0.000000e+00,0.000000e+00,1.222220e+02,1.426000e+00,2.290000e+00,1.312000e+00
45,5,any,2592,9.934000e+01,8.958000e+01,0.000000e+00,2.770000e-01,1.222220e+02,1.426000e+00,2.290000e+00,1.312000e+00
45,6,dsp,648,9.923000e+01,9.352000e+01,0.000000e+00,0.000000e+00,1.142860e+02,1.573000e+00,3.089000e+00,1.183000e+00
45,6,lut,648,9.969000e+01,9.105000e+01,0.000000e+00,2.700000e-01,1.200000e+01,1.573000e+00,3.089000e+00,1.183000e+00
45,6,ff,648,9.969000e+01,8.642000e+01,0.000000e+00,4.123000e+00,2.264400e+01,1.573000e+00,3.089000e+00,1.183000e+00
45,6,bram,648,1.000000e+02,9.830000e+01,0.000000e+00,0.000000e+00,9.091000e+00,1.573000e+00,3.089000e+00,1.183000e+00
45,6,any,2592,9.965000e+01,9.232000e+01,0.000000e+00,2.700000e-01,1.142860e+02,1.573000e+00,3.089000e+00,1.183000e+00
45,7,dsp,648,9.907000e+01,9.352000e+01,0.000000e+00,0.000000e+00,1.142860e+02,1.181000e+00,2.782000e+00,1.152000e+00
45,7,lut,648,9.985000e+01,8.596000e+01,0.000000e+00,1.157000e+00,1.200000e+01,1.181000e+00,2.782000e+00,1.152000e+00
45,7,ff,648,9.969000e+01,7.917000e+01,0.000000e+00,6.751000e+00,1.861900e+01,1.181000e+00,2.782000e+00,1.152000e+00
45,7,bram,648,1.000000e+02,9.630000e+01,0.000000e+00,0.000000e+00,9.091000e+00,1.181000e+00,2.782000e+00,1.152000e+00
45,7,any,2592,9.965000e+01,8.873000e+01,0.000000e+00,1.365000e+00,1.142860e+02,1.181000e+00,2.782000e+00,1.152000e+00
45,8,dsp,648,9.938000e+01,9.383000e+01,0.000000e+00,0.000000e+00,1.142860e+02,1.133000e+00,3.137000e+00,1.147000e+00
45,8,lut,648,9.985000e+01,8.596000e+01,0.000000e+00,1.157000e+00,1.200000e+01,1.133000e+00,3.137000e+00,1.147000e+00
45,8,ff,648,9.969000e+01,8.071000e+01,0.000000e+00,6.751000e+00,1.861900e+01,1.133000e+00,3.137000e+00,1.147000e+00
45,8,bram,648,1.000000e+02,9.630000e+01,0.000000e+00,0.000000e+00,9.091000e+00,1.133000e+00,3.137000e+00,1.147000e+00
45,8,any,2592,9.973000e+01,8.920000e+01,0.000000e+00,1.184000e+00,1.142860e+02,1.133000e+00,3.137000e+00,1.147000e+00
45,9,dsp,648,9.985000e+01,9.475000e+01,0.000000e+00,0.000000e+00,1.052600e+01,3.626000e+00,6.932000e+00,1.097000e+00
45,9,lut,648,9.985000e+01,3.086000e+01,0.000000e+00,2.030000e+00,1.200000e+01,3.626000e+00,6.932000e+00,1.097000e+00
45,9,ff,648,8.164000e+01,4.630000e+00,0.000000e+00,1.556300e+01,1.933500e+01,3.626000e+00,6.932000e+00,1.097000e+00
45,9,bram,648,9.985000e+01,8.534000e+01,0.000000e+00,0.000000e+00,1.250000e+01,3.626000e+00,6.932000e+00,1.097000e+00
45,9,any,2592,9.529000e+01,5.390000e+01,0.000000e+00,8.122000e+00,1.933500e+01,3.626000e+00,6.932000e+00,1.097000e+00
45,10,dsp,648,9.985000e+01,8.951000e+01,0.000000e+00,0.000000e+00,1.142860e+02,2.048000e+00,2.427000e+00,1.035000e+00
45,10,lut,648,9.985000e+01,8.410000e+01,0.000000e+00,1.365000e+00,1.200000e+01,2.048000e+00,2.427000e+00,1.035000e+00
45,10,ff,648,9.985000e+01,8.904000e+01,0.000000e+00,1.184000e+00,1.861900e+01,2.048000e+00,2.427000e+00,1.035000e+00
45,10,bram,648,1.000000e+02,9.799000e+01,0.000000e+00,0.000000e+00,1.000000e+01,2.048000e+00,2.427000e+00,1.035000e+00
45,10,any,2592,9.988000e+01,9.016000e+01,0.000000e+00,7.740000e-01,1.142860e+02,2.048000e+00,2.427000e+00,1.035000e+00
45,11,dsp,648,9.969000e+01,9.691000e+01,0.000000e+00,0.000000e+00,1.142860e+02,1.075000e+00,2.101000e+00,1.780000e+00
45,11,lut,648,9.954000e+01,8.812000e+01,0.000000e+00,1.157000e+00,1.200000e+01,1.075000e+00,2.101000e+00,1.780000e+00
45,11,ff,648,9.969000e+01,9.074000e+01,0.000000e+00,1.152000e+00,2.264400e+01,1.075000e+00,2.101000e+00,1.780000e+00
45,11,bram,648,9.923000e+01,9.753000e+01,0.000000e+00,0.000000e+00,1.250000e+01,1.075000e+00,2.101000e+00,1.780000e+00
45,11,any,2592,9.954000e+01,9.333000e+01,0.000000e+00,1.440000e-01,1.142860e+02,1.075000e+00,2.101000e+00,1.780000e+00
45,12,dsp,648,1.000000e+02,7.809000e+01,0.000000e+00,0.000000e+00,6.667000e+00,1.965000e+00,2.640000e+00,1.849000e+00
45,12,lut,648,9.985000e+01,7.809000e+01,0.000000e+00,2.002000e+00,1.200000e+01,1.965000e+00,2.640000e+00,1.849000e+00
45,12,ff,648,1.000000e+02,8.904000e+01,0.000000e+00,1.184000e+00,5.886000e+00,1.965000e+00,2.640000e+00,1.849000e+00
45,12,bram,648,1.000000e+02,9.630000e+01,0.000000e+00,0.000000e+00,9.091000e+00,1.965000e+00,2.640000e+00,1.849000e+00
45,12,any,2592,9.996000e+01,8.538000e+01,0.000000e+00,1.157000e+00,1.200000e+01,1.965000e+00,2.640000e+00,1.849000e+00
45,13,dsp,648,9.938000e+01,8.935000e+01,0.000000e+00,0.000000e+00,1.142860e+02,1.448000e+00,3.121000e+00,1.815000e+00
45,13,lut,648,9.985000e+01,8.719000e+01,0.000000e+00,1.157000e+00,1.200000e+01,1.448000e+00,3.121000e+00,1.815000e+00
45,13,ff,648,9.985000e+01,9.167000e+01,0.000000e+00,1.102000e+00,1.861900e+01,1.448000e+00,3.121000e+00,1.815000e+00
45,13,bram,648,1.000000e+02,9.830000e+01,0.000000e+00,0.000000e+00,9.091000e+00,1.448000e+00,3.121000e+00,1.815000e+00
45,13,any,2592,9.977000e+01,9.163000e+01,0.000000e+00,2.800000e-02,1.142860e+02,1.448000e+00,3.121000e+00,1.815000e+00
45,14,dsp,648,9.938000e+01,7.778000e+01,0.000000e+00,0.000000e+00,1.142860e+02,1.100000e+00,1.970000e+00,1.894000e+00
45,14,lut,648,9.985000e+01,8.673000e+01,0.000000e+00,3.070000e-01,1.200000e+01,1.100000e+00,1.970000e+00,1.894000e+00
45,14,ff,648,9.969000e+01,9.136000e+01,0.000000e+00,1.102000e+00,1.861900e+01,1.100000e+00,1.970000e+00,1.894000e+00
45,14,bram,648,1.000000e+02,9.630000e+01,0.000000e+00,0.000000e+00,9.091000e+00,1.100000e+00,1.970000e+00,1.894000e+00
45,14,any,2592,9.973000e+01,8.804000e+01,0.000000e+00,1.270000e-01,1.142860e+02,1.100000e+00,1.970000e+00,1.894000e+00
45,15,dsp,648,9.969000e+01,9.522000e+01,0.000000e+00,0.000000e+00,1.142860e+02,1.576000e+00,4.645000e+00,9.670000e-01
45,15,lut,648,9.954000e+01,8.827000e+01,3.100000e-01,1.157000e+00,1.200000e+01,1.576000e+00,4.645000e+00,9.670000e-01
45,15,ff,648,9.861000e+01,9.383000e+01,3.100000e-01,0.000000e+00,1.861900e+01,1.576000e+00,4.645000e+00,9.670000e-01
45,15,bram,648,1.000000e+02,0.000000e+00,0.000000e+00,0.000000e+00,9.091000e+00,1.576000e+00,4.645000e+00,9.670000e-01
45,15,any,2592,9.946000e+01,6.933000e+01,1.500000e-01,0.000000e+00,1.142860e+02,1.576000e+00,4.645000e+00,9.670000e-01
45,16,dsp,648,1.000000e+02,9.429000e+01,0.000000e+00,0.000000e+00,6.667000e+00,1.624000e+00,2.487000e+00,1.288000e+00
45,16,lut,648,9.985000e+01,9.043000e+01,0.000000e+00,2.700000e-01,1.200000e+01,1.624000e+00,2.487000e+00,1.288000e+00
45,16,ff,648,1.000000e+02,8.673000e+01,0.000000e+00,4.123000e+00,5.774000e+00,1.624000e+00,2.487000e+00,1.288000e+00
45,16,bram,648,1.000000e+02,9.630000e+01,0.000000e+00,0.000000e+00,9.091000e+00,1.624000e+00,2.487000e+00,1.288000e+00
45,16,any,2592,9.996000e+01,9.194000e+01,0.000000e+00,1.440000e-01,1.200000e+01,1.624000e+00,2.487000e+00,1.288000e+00
45,17,dsp,648,9.923000e+01,9.043000e+01,0.000000e+00,0.000000e+00,1.142860e+02,1.167000e+00,2.900000e+00,1.123000e+00
45,17,lut,648,9.985000e+01,8.997000e+01,0.000000e+00,3.240000e-01,1.200000e+01,1.167000e+00,2.900000e+00,1.123000e+00
45,17,ff,648,9.969000e+01,7.840000e+01,0.000000e+00,5.106000e+00,1.861900e+01,1.167000e+00,2.900000e+00,1.123000e+00
45,17,bram,648,1.000000e+02,9.630000e+01,0.000000e+00,0.000000e+00,9.091000e+00,1.167000e+00,2.900000e+00,1.123000e+00
45,17,any,2592,9.969000e+01,8.877000e+01,0.000000e+00,1.184000e+00,1.142860e+02,1.167000e+00,2.900000e+00,1.123000e+00
45,18,dsp,648,9.969000e+01,9.414000e+01,0.000000e+00,0.000000e+00,1.142860e+02,1.120000e+00,2.515000e+00,1.172000e+00
45,18,lut,648,9.985000e+01,8.457000e+01,0.000000e+00,7.870000e-01,1.200000e+01,1.120000e+00,2.515000e+00,1.172000e+00
45,18,ff,648,9.969000e+01,9.290000e+01,0.000000e+00,2.230000e-01,1.861900e+01,1.120000e+00,2.515000e+00,1.172000e+00
45,18,bram,648,1.000000e+02,9.630000e+01,0.000000e+00,0.000000e+00,9.091000e+00,1.120000e+00,2.515000e+00,1.172000e+00
45,18,any,2592,9.981000e+01,9.198000e+01,0.000000e+00,0.000000e+00,1.142860e+02,1.120000e+00,2.515000e+00,1.172000e+00
45,19,dsp,648,9.907000e+01,9.028000e+01,0.000000e+00,0.000000e+00,1.142860e+02,1.510000e+00,2.647000e+00,1.212000e+00
45,19,lut,648,9.938000e+01,8.410000e+01,0.000000e+00,1.197000e+00,2.194200e+01,1.510000e+00,2.647000e+00,1.212000e+00
45,19,ff,648,9.954000e+01,8.503000e+01,0.000000e+00,4.623000e+00,2.264400e+01,1.510000e+00,2.647000e+00,1.212000e+00
45,19,bram,648,1.000000e+02,9.630000e+01,0.000000e+00,0.000000e+00,9.091000e+00,1.510000e+00,2.647000e+00,1.212000e+00
45,19,any,2592,9.950000e+01,8.893000e+01,0.000000e+00,1.157000e+00,1.142860e+02,1.510000e+00,2.647000e+00,1.212000e+00
86,0,dsp,648,9.954000e+01,8.951000e+01,0.000000e+00,0.000000e+00,1.142860e+02,9.210000e-01,2.312000e+00,1.044000e+00
86,0,lut,648,9.985000e+01,8.596000e+01,0.000000e+00,1.157000e+00,1.200000e+01,9.210000e-01,2.312000e+00,1.044000e+00
86,0,ff,648,9.985000e+01,8.688000e+01,0.000000e+00,4.123000e+00,1.861900e+01,9.210000e-01,2.312000e+00,1.044000e+00
86,0,bram,648,1.000000e+02,9.815000e+01,0.000000e+00,0.000000e+00,9.091000e+00,9.210000e-01,2.312000e+00,1.044000e+00
86,0,any,2592,9.981000e+01,9.012000e+01,0.000000e+00,7.740000e-01,1.142860e+02,9.210000e-01,2.312000e+00,1.044000e+00
