# linalg_cycles.csv: step 7.5 of plans/mimo_cg/mimo_cg_paper_sims.md; tool=Vitis HLS / Vivado xsim 2024.1; part=xczu48dr-ffvg1517-2-e; period_ns=4
build,role,op,m,k,n,interval,interval_prev,first
su_m16_k16_n32_r16_c16_l4_w10_f4_b64,fit,1,16,16,32,1118,1118,1193
su_m16_k16_n32_r16_c16_l4_w10_f4_b64,fit,2,16,16,32,1487,1487,6034
su_m16_k16_n32_r16_c16_l4_w10_f4_b64,fit,1,16,16,16,646,646,11141
su_m16_k16_n32_r16_c16_l4_w10_f4_b64,fit,1,16,2,16,345,345,13424
su_m16_k16_n32_r16_c16_l4_w12_f3_b64,fit,1,16,16,32,1122,1122,1197
su_m16_k16_n32_r16_c16_l4_w12_f3_b64,fit,2,16,16,32,1491,1491,6054
su_m16_k16_n32_r16_c16_l4_w12_f3_b64,fit,1,16,16,16,648,648,11175
su_m16_k16_n32_r16_c16_l4_w12_f3_b64,fit,1,16,2,16,347,347,13466
su_m16_k16_n32_r16_c16_l4_w16_f4_b64,fit,1,16,16,32,1118,1118,1193
su_m16_k16_n32_r16_c16_l4_w16_f4_b64,fit,2,16,16,32,1487,1487,6034
su_m16_k16_n32_r16_c16_l4_w16_f4_b64,fit,1,16,16,16,646,646,11141
su_m16_k16_n32_r16_c16_l4_w16_f4_b64,fit,1,16,2,16,345,345,13424
su_m16_k16_n32_r1_c4_l1_w8_f3_b64,fit,1,16,16,32,5643,5643,5718
su_m16_k16_n32_r1_c4_l1_w8_f3_b64,fit,2,16,16,32,5766,5766,28413
su_m16_k16_n32_r1_c4_l1_w8_f3_b64,fit,1,1,16,4,182,182,45887
su_m16_k16_n32_r1_c4_l1_w8_f3_b64,fit,1,16,1,16,1477,1477,47915
su_m16_k8_n32_r4_c8_l4_w12_f4_b64,fit,1,16,8,32,1212,1212,1283
su_m16_k8_n32_r4_c8_l4_w12_f4_b64,fit,2,16,8,32,1389,1389,6308
su_m16_k8_n32_r4_c8_l4_w12_f4_b64,fit,1,4,8,8,182,182,10643
su_m16_k8_n32_r4_c8_l4_w12_f4_b64,fit,1,16,2,16,493,493,11696
su_m4_k16_n16_r2_c4_l2_w16_f3_b32,fit,1,4,16,16,887,887,956
su_m4_k16_n16_r2_c4_l2_w16_f3_b32,fit,2,4,16,16,946,946,4563
su_m4_k16_n16_r2_c4_l2_w16_f3_b32,fit,1,2,16,4,245,245,7629
su_m4_k16_n16_r2_c4_l2_w16_f3_b32,fit,1,4,1,8,204,204,8579
su_m4_k8_n32_r4_c8_l4_w12_f4_b64,fit,1,4,8,32,487,487,550
su_m4_k8_n32_r4_c8_l4_w12_f4_b64,fit,2,4,8,32,520,520,2531
su_m4_k8_n32_r4_c8_l4_w12_f4_b64,fit,1,4,8,8,181,181,4263
su_m4_k8_n32_r4_c8_l4_w12_f4_b64,fit,1,4,2,16,185,183,4993
su_m8_k16_n32_r4_c8_l4_w12_f4_b64,fit,1,8,16,32,1016,1016,1087
su_m8_k16_n32_r4_c8_l4_w12_f4_b64,fit,2,8,16,32,1193,1193,5328
su_m8_k16_n32_r4_c8_l4_w12_f4_b64,fit,1,4,16,8,255,255,9148
su_m8_k16_n32_r4_c8_l4_w12_f4_b64,fit,1,8,2,16,282,282,10205
su_m8_k4_n32_r4_c8_l4_w12_f4_b64,fit,1,8,4,32,564,564,632
su_m8_k4_n32_r4_c8_l4_w12_f4_b64,fit,2,8,4,32,600,600,2924
su_m8_k4_n32_r4_c8_l4_w12_f4_b64,fit,1,4,4,8,143,143,4853
su_m8_k4_n32_r4_c8_l4_w12_f4_b64,fit,1,8,2,16,277,279,5569
su_m8_k8_n16_r4_c8_l4_w12_f4_b64,fit,1,8,8,16,405,405,469
su_m8_k8_n16_r4_c8_l4_w12_f4_b64,fit,2,8,8,16,489,489,2173
su_m8_k8_n16_r4_c8_l4_w12_f4_b64,fit,1,4,8,8,181,181,3812
su_m8_k8_n16_r4_c8_l4_w12_f4_b64,fit,1,8,2,8,178,178,4536
su_m8_k8_n32_r1_c8_l4_w12_f4_b64,fit,1,8,8,32,1276,1276,1345
su_m8_k8_n32_r1_c8_l4_w12_f4_b64,fit,2,8,8,32,1357,1357,6530
su_m8_k8_n32_r1_c8_l4_w12_f4_b64,fit,1,1,8,8,145,145,10722
su_m8_k8_n32_r1_c8_l4_w12_f4_b64,fit,1,8,2,16,494,494,11670
su_m8_k8_n32_r2_c4_l2_w8_f4_b32,fit,1,8,8,32,1659,1659,1733
su_m8_k8_n32_r2_c4_l2_w8_f4_b32,fit,2,8,8,32,1718,1718,8428
su_m8_k8_n32_r2_c4_l2_w8_f4_b32,fit,1,2,8,4,170,170,13730
su_m8_k8_n32_r2_c4_l2_w8_f4_b32,fit,1,8,1,16,548,548,14810
su_m8_k8_n32_r2_c8_l4_w12_f4_b64,fit,1,8,8,32,916,916,985
su_m8_k8_n32_r2_c8_l4_w12_f4_b64,fit,2,8,8,32,997,997,4730
su_m8_k8_n32_r2_c8_l4_w12_f4_b64,fit,1,2,8,8,159,159,7858
su_m8_k8_n32_r2_c8_l4_w12_f4_b64,fit,1,8,2,16,358,358,8711
su_m8_k8_n32_r4_c16_l16_w12_f4_b64,fit,1,8,8,32,536,536,605
su_m8_k8_n32_r4_c16_l16_w12_f4_b64,fit,2,8,8,32,617,617,2830
su_m8_k8_n32_r4_c16_l16_w12_f4_b64,fit,1,4,8,16,225,225,4895
su_m8_k8_n32_r4_c16_l16_w12_f4_b64,fit,1,8,8,16,313,313,5889
su_m8_k8_n32_r4_c16_l4_w12_f4_b64,fit,1,8,8,32,640,640,709
su_m8_k8_n32_r4_c16_l4_w12_f4_b64,fit,2,8,8,32,721,721,3350
su_m8_k8_n32_r4_c16_l4_w12_f4_b64,fit,1,4,8,16,263,263,5765
su_m8_k8_n32_r4_c16_l4_w12_f4_b64,fit,1,8,2,16,254,254,6814
su_m8_k8_n32_r4_c32_l4_w12_f4_b64,fit,1,8,8,32,600,600,669
su_m8_k8_n32_r4_c32_l4_w12_f4_b64,fit,2,8,8,32,681,681,3150
su_m8_k8_n32_r4_c32_l4_w12_f4_b64,fit,1,4,8,32,427,427,5615
su_m8_k8_n32_r4_c32_l4_w12_f4_b64,fit,1,8,2,32,415,415,7315
su_m8_k8_n32_r4_c4_l4_w12_f4_b64,fit,1,8,8,32,864,864,933
su_m8_k8_n32_r4_c4_l4_w12_f4_b64,fit,2,8,8,32,945,945,4470
su_m8_k8_n32_r4_c4_l4_w12_f4_b64,fit,1,4,8,4,139,139,7422
su_m8_k8_n32_r4_c4_l4_w12_f4_b64,fit,1,8,2,16,330,330,8186
su_m8_k8_n32_r4_c8_l1_w12_f4_b64,fit,1,8,8,32,1095,1095,1164
su_m8_k8_n32_r4_c8_l1_w12_f4_b64,fit,2,8,8,32,1122,1122,5571
su_m8_k8_n32_r4_c8_l1_w12_f4_b64,fit,1,4,8,8,251,251,9174
su_m8_k8_n32_r4_c8_l1_w12_f4_b64,fit,1,8,1,16,365,365,10301
su_m8_k8_n32_r4_c8_l2_w12_f4_b64,fit,1,8,8,32,847,847,916
su_m8_k8_n32_r4_c8_l2_w12_f4_b64,fit,2,8,8,32,928,928,4385
su_m8_k8_n32_r4_c8_l2_w12_f4_b64,fit,1,4,8,8,204,204,7359
su_m8_k8_n32_r4_c8_l2_w12_f4_b64,fit,1,8,1,16,297,297,8277
su_m8_k8_n32_r4_c8_l4_w10_f4_b64,fit,1,8,8,32,720,720,789
su_m8_k8_n32_r4_c8_l4_w10_f4_b64,fit,2,8,8,32,801,801,3750
su_m8_k8_n32_r4_c8_l4_w10_f4_b64,fit,1,4,8,8,181,181,6320
su_m8_k8_n32_r4_c8_l4_w10_f4_b64,fit,1,8,2,16,282,282,7154
su_m8_k8_n32_r4_c8_l4_w12_f3_b64,fit,1,8,8,32,736,736,805
su_m8_k8_n32_r4_c8_l4_w12_f3_b64,fit,2,8,8,32,817,817,3830
su_m8_k8_n32_r4_c8_l4_w12_f3_b64,fit,1,4,8,8,183,183,6450
su_m8_k8_n32_r4_c8_l4_w12_f3_b64,fit,1,8,2,16,290,290,7298
su_m8_k8_n32_r4_c8_l4_w12_f4_b32,fit,1,8,8,32,1047,1047,1121
su_m8_k8_n32_r4_c8_l4_w12_f4_b32,fit,2,8,8,32,1106,1106,5368
su_m8_k8_n32_r4_c8_l4_w12_f4_b32,fit,1,4,8,8,254,254,8929
su_m8_k8_n32_r4_c8_l4_w12_f4_b32,fit,1,8,2,16,385,385,10087
su_m8_k8_n32_r4_c8_l4_w12_f4_b64,fit,1,8,8,32,720,720,789
su_m8_k8_n32_r4_c8_l4_w12_f4_b64,fit,2,8,8,32,801,801,3750
su_m8_k8_n32_r4_c8_l4_w12_f4_b64,fit,1,4,8,8,181,181,6320
su_m8_k8_n32_r4_c8_l4_w12_f4_b64,fit,1,8,2,16,282,282,7154
su_m8_k8_n32_r4_c8_l4_w14_f4_b64,fit,1,8,8,32,720,720,789
su_m8_k8_n32_r4_c8_l4_w14_f4_b64,fit,2,8,8,32,801,801,3750
su_m8_k8_n32_r4_c8_l4_w14_f4_b64,fit,1,4,8,8,181,181,6320
su_m8_k8_n32_r4_c8_l4_w14_f4_b64,fit,1,8,2,16,282,282,7154
su_m8_k8_n32_r4_c8_l4_w16_f4_b64,fit,1,8,8,32,720,720,789
su_m8_k8_n32_r4_c8_l4_w16_f4_b64,fit,2,8,8,32,801,801,3750
su_m8_k8_n32_r4_c8_l4_w16_f4_b64,fit,1,4,8,8,181,181,6320
su_m8_k8_n32_r4_c8_l4_w16_f4_b64,fit,1,8,2,16,282,282,7154
su_m8_k8_n32_r4_c8_l4_w8_f4_b64,fit,1,8,8,32,720,720,789
su_m8_k8_n32_r4_c8_l4_w8_f4_b64,fit,2,8,8,32,801,801,3750
su_m8_k8_n32_r4_c8_l4_w8_f4_b64,fit,1,4,8,8,181,181,6320
su_m8_k8_n32_r4_c8_l4_w8_f4_b64,fit,1,8,2,16,282,282,7154
su_m8_k8_n32_r4_c8_l8_w12_f4_b64,fit,1,8,8,32,640,640,709
su_m8_k8_n32_r4_c8_l8_w12_f4_b64,fit,2,8,8,32,721,721,3350
su_m8_k8_n32_r4_c8_l8_w12_f4_b64,fit,1,4,8,8,167,167,5666
su_m8_k8_n32_r4_c8_l8_w12_f4_b64,fit,1,8,4,16,291,291,6467
su_m8_k8_n32_r8_c32_l16_w14_f3_b64,fit,1,8,8,32,455,455,524
su_m8_k8_n32_r8_c32_l16_w14_f3_b64,fit,2,8,8,32,536,536,2425
su_m8_k8_n32_r8_c32_l16_w14_f3_b64,fit,1,8,8,32,455,455,4488
su_m8_k8_n32_r8_c32_l16_w14_f3_b64,fit,1,8,8,32,455,455,6308
su_m8_k8_n32_r8_c8_l4_w12_f4_b64,fit,1,8,8,32,622,622,691
su_m8_k8_n32_r8_c8_l4_w12_f4_b64,fit,2,8,8,32,703,703,3260
su_m8_k8_n32_r8_c8_l4_w12_f4_b64,fit,1,8,8,8,225,225,5583
su_m8_k8_n32_r8_c8_l4_w12_f4_b64,fit,1,8,2,16,244,244,6508
