role,build,M,K,N,R,C,L,W,form,word
fit,su_m8_k8_n32_r4_c8_l4_w12_f4_b64,8,8,32,4,8,4,12,4,64
fit,su_m8_k8_n32_r1_c8_l4_w12_f4_b64,8,8,32,1,8,4,12,4,64
fit,su_m8_k8_n32_r2_c8_l4_w12_f4_b64,8,8,32,2,8,4,12,4,64
fit,su_m8_k8_n32_r8_c8_l4_w12_f4_b64,8,8,32,8,8,4,12,4,64
fit,su_m8_k8_n32_r4_c4_l4_w12_f4_b64,8,8,32,4,4,4,12,4,64
fit,su_m8_k8_n32_r4_c16_l4_w12_f4_b64,8,8,32,4,16,4,12,4,64
fit,su_m8_k8_n32_r4_c32_l4_w12_f4_b64,8,8,32,4,32,4,12,4,64
fit,su_m8_k8_n32_r4_c8_l1_w12_f4_b64,8,8,32,4,8,1,12,4,64
fit,su_m8_k8_n32_r4_c8_l2_w12_f4_b64,8,8,32,4,8,2,12,4,64
fit,su_m8_k8_n32_r4_c8_l8_w12_f4_b64,8,8,32,4,8,8,12,4,64
fit,su_m8_k8_n32_r4_c8_l4_w8_f4_b64,8,8,32,4,8,4,8,4,64
fit,su_m8_k8_n32_r4_c8_l4_w10_f4_b64,8,8,32,4,8,4,10,4,64
fit,su_m8_k8_n32_r4_c8_l4_w14_f4_b64,8,8,32,4,8,4,14,4,64
fit,su_m8_k8_n32_r4_c8_l4_w16_f4_b64,8,8,32,4,8,4,16,4,64
fit,su_m8_k8_n32_r4_c8_l4_w12_f3_b64,8,8,32,4,8,4,12,3,64
fit,su_m8_k8_n32_r4_c8_l4_w12_f4_b32,8,8,32,4,8,4,12,4,32
fit,su_m4_k8_n32_r4_c8_l4_w12_f4_b64,4,8,32,4,8,4,12,4,64
fit,su_m16_k8_n32_r4_c8_l4_w12_f4_b64,16,8,32,4,8,4,12,4,64
fit,su_m8_k4_n32_r4_c8_l4_w12_f4_b64,8,4,32,4,8,4,12,4,64
fit,su_m8_k16_n32_r4_c8_l4_w12_f4_b64,8,16,32,4,8,4,12,4,64
fit,su_m8_k8_n16_r4_c8_l4_w12_f4_b64,8,8,16,4,8,4,12,4,64
fit,su_m16_k16_n32_r16_c16_l4_w16_f4_b64,16,16,32,16,16,4,16,4,64
fit,su_m16_k16_n32_r1_c4_l1_w8_f3_b64,16,16,32,1,4,1,8,3,64
fit,su_m8_k8_n32_r8_c32_l16_w14_f3_b64,8,8,32,8,32,16,14,3,64
fit,su_m16_k16_n32_r16_c16_l4_w12_f3_b64,16,16,32,16,16,4,12,3,64
fit,su_m8_k8_n32_r4_c16_l16_w12_f4_b64,8,8,32,4,16,16,12,4,64
fit,su_m4_k16_n16_r2_c4_l2_w16_f3_b32,4,16,16,2,4,2,16,3,32
fit,su_m16_k16_n32_r16_c16_l4_w10_f4_b64,16,16,32,16,16,4,10,4,64
fit,su_m8_k8_n32_r2_c4_l2_w8_f4_b32,8,8,32,2,4,2,8,4,32
holdout,su_m4_k8_n32_r4_c4_l1_w10_f3_b64,4,8,32,4,4,1,10,3,64
holdout,su_m4_k16_n16_r4_c16_l4_w16_f3_b64,4,16,16,4,16,4,16,3,64
holdout,su_m4_k16_n32_r1_c16_l4_w8_f4_b64,4,16,32,1,16,4,8,4,64
holdout,su_m8_k4_n32_r4_c32_l4_w8_f4_b64,8,4,32,4,32,4,8,4,64
holdout,su_m8_k4_n32_r4_c32_l16_w8_f3_b64,8,4,32,4,32,16,8,3,64
holdout,su_m16_k4_n32_r1_c32_l2_w16_f4_b64,16,4,32,1,32,2,16,4,64
holdout,su_m16_k4_n32_r1_c32_l4_w12_f4_b64,16,4,32,1,32,4,12,4,64
holdout,su_m16_k4_n32_r4_c4_l2_w10_f3_b32,16,4,32,4,4,2,10,3,32
holdout,su_m16_k8_n16_r1_c16_l1_w12_f4_b32,16,8,16,1,16,1,12,4,32
holdout,su_m16_k8_n16_r4_c4_l1_w10_f4_b64,16,8,16,4,4,1,10,4,64
holdout,su_m16_k16_n32_r1_c16_l16_w8_f3_b64,16,16,32,1,16,16,8,3,64
holdout,su_m16_k16_n32_r2_c8_l4_w10_f4_b32,16,16,32,2,8,4,10,4,32
