# linalg_unit_7_4_cycles.csv: step 7.4 RTL gate, tests/linalg/test_systolic_unit.py::test_xsi_unit, commit d5856a5d; tool=Vitis HLS / Vivado xsim 2024.1
run,M,K,N,R,C,L,W,form,word,job,op,m,k,n,m_payload,k_payload,n_payload,status,reply_cycle
centre,8,8,32,4,8,4,12,4,64,0,1,8,8,32,8,8,32,OK,789
centre,8,8,32,4,8,4,12,4,64,1,2,4,8,16,4,8,16,OK,1097
centre,8,8,32,4,8,4,12,4,64,2,7,4,4,8,4,4,8,BAD_OP,1136
centre,8,8,32,4,8,4,12,4,64,3,1,4,2,8,4,2,8,OK,1235
centre,8,8,32,4,8,4,12,4,64,4,2,8,4,8,8,4,8,OK,1478
centre,8,8,32,4,8,4,12,4,64,5,1,6,4,8,6,4,8,BAD_DIMS,1517
centre,8,8,32,4,8,4,12,4,64,6,1,4,8,24,4,8,24,OK,1882
centre,8,8,32,4,8,4,12,4,64,7,1,4,4,8,4,4,8,BAD_SEQUENCE,1921
centre,8,8,32,4,8,4,12,4,64,8,1,4,4,16,4,4,8,BAD_LENGTH,1960
centre,8,8,32,4,8,4,12,4,64,9,1,8,8,8,8,8,8,OK,2205
smallest,16,16,32,1,4,1,8,3,64,0,1,16,16,32,16,16,32,OK,5718
smallest,16,16,32,1,4,1,8,3,64,1,2,5,3,8,5,3,8,OK,6054
smallest,16,16,32,1,4,1,8,3,64,2,0,2,2,4,2,2,4,BAD_OP,6093
smallest,16,16,32,1,4,1,8,3,64,3,1,3,7,4,3,7,4,OK,6258
smallest,16,16,32,1,4,1,8,3,64,4,2,16,16,4,16,16,4,OK,7508
smallest,16,16,32,1,4,1,8,3,64,5,1,4,4,6,4,4,6,BAD_DIMS,7547
smallest,16,16,32,1,4,1,8,3,64,6,1,1,1,4,1,1,4,OK,7597
