# mimo_cg migration_builds: numpy=2.5.3, base_seed=20260930, tool=vitis_hls 2024.1, part=xczu48dr-ffvg1517-2-e, period_ns=4, roles=migration
build,top,role,K,L,R,C,cmul,W,g_s,mem_dw,sob_depth,cmd_depth,est_ns,lut,ff,dsp,bram,uram,integ_lut,integ_ff,integ_bram,bit_exact,csynth_s,xsi_s,error
mig_vec_k8_l4_w12g8,vec,migration,8,4,8,4,4,12,8,64,2,2,3.352000e+00,27075,17607,52,20,0,2628,2606,20,1,3.670000e+01,2.400000e+01,
mig_vec_k4_l4_w12g8,vec,migration,4,4,4,4,4,12,8,64,2,2,3.352000e+00,26779,17553,52,20,0,2628,2606,20,1,3.700000e+01,2.340000e+01,
mig_vec_k16_l4_w12g8,vec,migration,16,4,16,4,4,12,8,64,2,2,3.352000e+00,27119,17479,52,44,0,2628,2606,20,1,3.660000e+01,2.650000e+01,
mig_vec_k8_l1_w12g8,vec,migration,8,1,8,4,4,12,8,64,2,2,3.352000e+00,15346,10622,16,30,0,2628,2606,24,1,3.320000e+01,2.530000e+01,
mig_vec_k8_l2_w12g8,vec,migration,8,2,8,4,4,12,8,64,2,2,3.352000e+00,18128,12683,28,28,0,2628,2606,16,1,3.340000e+01,1.870000e+01,
mig_vec_k8_l8_w12g8,vec,migration,8,8,8,8,4,12,8,64,2,2,3.352000e+00,40909,26606,100,32,0,2628,2606,32,1,4.300000e+01,2.380000e+01,
mig_vec_k8_l16_w12g8,vec,migration,8,16,8,16,4,12,8,64,2,2,3.352000e+00,70138,46339,196,52,0,2628,2606,52,1,6.880000e+01,2.390000e+01,
mig_vec_k8_l4_w8g8,vec,migration,8,4,8,4,4,8,8,64,2,2,3.352000e+00,26087,15362,16,16,0,2628,2606,16,1,3.570000e+01,2.010000e+01,
mig_vec_k8_l4_w10g8,vec,migration,8,4,8,4,4,10,8,64,2,2,3.352000e+00,27543,16805,24,20,0,2628,2606,20,1,4.210000e+01,1.950000e+01,
mig_vec_k8_l4_w14g8,vec,migration,8,4,8,4,4,14,8,64,2,2,3.352000e+00,28180,19045,52,24,0,2628,2606,24,1,4.710000e+01,1.690000e+01,
mig_vec_k8_l4_w16g8,vec,migration,8,4,8,4,4,16,8,64,2,2,3.352000e+00,28995,19806,52,48,0,2628,2606,24,1,4.180000e+01,1.650000e+01,
mig_vec_k8_l4_w12g0,vec,migration,8,4,8,4,4,12,0,64,2,2,3.352000e+00,24969,15974,52,20,0,2628,2606,20,1,4.130000e+01,1.890000e+01,
mig_vec_k8_l4_w12g4,vec,migration,8,4,8,4,4,12,4,64,2,2,3.352000e+00,26247,16850,52,20,0,2628,2606,20,1,4.100000e+01,1.820000e+01,
mig_vec_k8_l1_w8g0,vec,migration,8,1,8,4,4,8,0,64,2,2,3.352000e+00,14443,9673,7,22,0,2628,2606,16,1,4.000000e+01,1.540000e+01,
mig_vec_k8_l1_w8g8,vec,migration,8,1,8,4,4,8,8,64,2,2,3.352000e+00,15082,10096,7,22,0,2628,2606,16,1,3.740000e+01,1.630000e+01,
mig_vec_k8_l1_w16g0,vec,migration,8,1,8,4,4,16,0,64,2,2,3.352000e+00,14992,10645,16,30,0,2628,2606,24,1,3.700000e+01,1.890000e+01,
mig_vec_k8_l1_w16g8,vec,migration,8,1,8,4,4,16,8,64,2,2,3.352000e+00,15681,11160,16,30,0,2628,2606,24,1,3.420000e+01,1.750000e+01,
mig_vec_k8_l16_w8g0,vec,migration,8,16,8,16,4,8,0,64,2,2,3.352000e+00,60265,31039,52,40,0,2628,2606,40,1,6.760000e+01,2.380000e+01,
mig_vec_k8_l16_w8g8,vec,migration,8,16,8,16,4,8,8,64,2,2,3.352000e+00,67110,37162,52,40,0,2628,2606,40,1,7.170000e+01,2.480000e+01,
mig_vec_k8_l16_w16g0,vec,migration,8,16,8,16,4,16,0,64,2,2,3.352000e+00,72656,49911,196,68,0,2628,2606,68,1,6.050000e+01,2.420000e+01,
mig_vec_k8_l16_w16g8,vec,migration,8,16,8,16,4,16,8,64,2,2,3.352000e+00,79926,57476,196,68,0,2628,2606,68,1,7.650000e+01,2.780000e+01,
mig_vec_k4_l1_w12g8,vec,migration,4,1,4,4,4,12,8,64,2,2,3.352000e+00,15302,10602,16,30,0,2628,2606,24,1,4.690000e+01,1.530000e+01,
mig_vec_k4_l16_w12g8,vec,migration,4,16,4,16,4,12,8,64,2,2,3.352000e+00,69452,46186,196,52,0,2628,2606,52,1,6.550000e+01,2.940000e+01,
mig_vec_k16_l1_w12g8,vec,migration,16,1,16,4,4,12,8,64,2,2,3.352000e+00,15368,10642,16,30,0,2628,2606,24,1,4.510000e+01,2.490000e+01,
mig_vec_k16_l16_w12g8,vec,migration,16,16,16,16,4,12,8,64,2,2,3.352000e+00,70712,46492,196,52,0,2628,2606,52,1,7.140000e+01,2.790000e+01,
mig_mm_k8_r4_c8_m4_w12_l4,mm,migration,8,4,4,8,4,12,8,64,2,2,3.352000e+00,27237,17736,136,17,0,2628,2606,17,1,3.810000e+01,2.150000e+01,
mig_mm_k4_r4_c8_m4_w12_l4,mm,migration,4,4,4,8,4,12,8,64,2,2,3.352000e+00,24105,16627,136,14,0,2640,2702,14,1,3.810000e+01,1.830000e+01,
mig_mm_k16_r4_c8_m4_w12_l4,mm,migration,16,4,4,8,4,12,8,64,2,2,3.352000e+00,31127,19080,136,17,0,2628,2606,17,1,3.760000e+01,2.900000e+01,
mig_mm_k8_r1_c8_m4_w12_l4,mm,migration,8,4,1,8,4,12,8,64,2,2,3.352000e+00,22647,12337,40,17,0,2628,2606,17,1,4.100000e+01,1.420000e+01,
mig_mm_k8_r2_c8_m4_w12_l4,mm,migration,8,4,2,8,4,12,8,64,2,2,3.352000e+00,24413,14253,72,17,0,2628,2606,17,1,3.980000e+01,1.850000e+01,
mig_mm_k8_r8_c8_m4_w12_l4,mm,migration,8,4,8,8,4,12,8,64,2,2,3.352000e+00,32510,24010,264,17,0,2628,2606,17,1,4.400000e+01,1.800000e+01,
mig_mm_k8_r4_c4_m4_w12_l4,mm,migration,8,4,4,4,4,12,8,64,2,2,3.352000e+00,23336,14366,72,17,0,2628,2606,17,1,3.660000e+01,1.460000e+01,
mig_mm_k8_r4_c16_m4_w12_l4,mm,migration,8,4,4,16,4,12,8,64,2,2,3.352000e+00,32368,24669,264,17,0,2628,2606,17,1,5.040000e+01,2.310000e+01,
mig_mm_k8_r4_c32_m4_w12_l4,mm,migration,8,4,4,32,4,12,8,64,2,2,3.352000e+00,44038,38180,520,17,0,2628,2606,17,1,6.730000e+01,2.230000e+01,
mig_mm_k8_r4_c8_m3_w12_l4,mm,migration,8,4,4,8,3,12,8,64,2,2,3.392000e+00,27717,16391,104,17,0,2628,2606,17,1,4.450000e+01,1.670000e+01,
mig_mm_k8_r4_c8_m4_w8_l4,mm,migration,8,4,4,8,4,8,8,64,2,2,3.352000e+00,27104,14919,72,14,0,2628,2606,14,1,4.060000e+01,1.620000e+01,
mig_mm_k8_r4_c8_m4_w10_l4,mm,migration,8,4,4,8,4,10,8,64,2,2,3.352000e+00,27833,16524,104,17,0,2628,2606,17,1,4.090000e+01,1.640000e+01,
mig_mm_k8_r4_c8_m4_w14_l4,mm,migration,8,4,4,8,4,14,8,64,2,2,3.352000e+00,28229,18993,136,20,0,2628,2606,20,1,3.920000e+01,1.630000e+01,
mig_mm_k8_r4_c8_m4_w16_l4,mm,migration,8,4,4,8,4,16,8,64,2,2,3.352000e+00,28640,20124,136,20,0,2628,2606,20,1,3.900000e+01,1.610000e+01,
mig_mm_k8_r4_c8_m4_w12_l1,mm,migration,8,1,4,8,4,12,8,64,2,2,3.352000e+00,18656,15417,136,20,0,2628,2606,20,1,4.100000e+01,1.560000e+01,
mig_mm_k8_r4_c8_m4_w12_l8,mm,migration,8,8,4,8,4,12,8,64,2,2,3.352000e+00,30508,19681,136,26,0,2628,2606,26,1,4.220000e+01,1.590000e+01,
mig_mm_k8_r1_c4_m4_w8_l4,mm,migration,8,4,1,4,4,8,8,64,2,2,3.352000e+00,20416,11410,19,14,0,2628,2606,14,1,3.400000e+01,1.470000e+01,
mig_mm_k8_r1_c4_m4_w16_l4,mm,migration,8,4,1,4,4,16,8,64,2,2,3.352000e+00,22832,13174,27,28,0,2628,2606,20,1,3.640000e+01,1.440000e+01,
mig_mm_k8_r8_c32_m4_w8_l4,mm,migration,8,4,8,32,4,8,8,64,2,2,3.352000e+00,77331,47912,520,14,0,2628,2606,14,1,1.352000e+02,2.890000e+01,
mig_mm_k8_r8_c32_m4_w16_l4,mm,migration,8,4,8,32,4,16,8,64,2,2,3.352000e+00,68307,83732,1032,20,0,2628,2606,20,1,1.331000e+02,3.480000e+01,
mig_mm_k16_r16_c16_m4_w8_l4,mm,migration,16,4,16,16,4,8,8,64,2,2,3.352000e+00,79615,48794,520,14,0,2628,2606,14,1,1.283000e+02,3.320000e+01,
mig_mm_k16_r16_c16_m4_w16_l4,mm,migration,16,4,16,16,4,16,8,64,2,2,3.352000e+00,70495,84686,1032,20,0,2628,2606,20,1,1.397000e+02,3.850000e+01,
mig_mm_k16_r1_c32_m4_w8_l4,mm,migration,16,4,1,32,4,8,8,64,2,2,3.352000e+00,33132,15064,72,14,0,2628,2606,14,1,3.730000e+01,2.260000e+01,
mig_mm_k16_r1_c32_m4_w16_l4,mm,migration,16,4,1,32,4,16,8,64,2,2,3.352000e+00,34780,22182,136,20,0,2628,2606,20,1,4.400000e+01,2.190000e+01,
mig_mm_k8_r4_c8_m3_w8_l4,mm,migration,8,4,4,8,3,8,8,64,2,2,3.392000e+00,24768,13878,104,14,0,2628,2606,14,1,5.220000e+01,1.660000e+01,
mig_mm_k8_r4_c8_m3_w16_l4,mm,migration,8,4,4,8,3,16,8,64,2,2,3.392000e+00,29600,18772,104,20,0,2628,2606,20,1,4.220000e+01,1.830000e+01,
mig_det_k4_l4_r4_c4_m4_w12g8_d64_s2_q2,det,migration,4,4,4,4,4,12,8,64,2,2,3.352000e+00,30033,20520,115,20,0,2573,2603,20,1,6.170000e+01,1.970000e+01,
mig_det_k8_l4_r8_c4_m4_w12g8_d64_s2_q2,det,migration,8,4,8,4,4,12,8,64,2,2,3.352000e+00,36131,25131,179,23,0,2561,2507,23,1,4.950000e+01,2.560000e+01,
mig_det_k16_l4_r16_c4_m4_w12g8_d64_s2_q2,det,migration,16,4,16,4,4,12,8,64,2,2,3.352000e+00,44355,31750,307,55,0,2561,2507,23,1,5.910000e+01,2.970000e+01,
mig_det_k4_l1_r4_c4_m4_w12g8_d64_s2_q2,det,migration,4,1,4,4,4,12,8,64,2,2,3.352000e+00,17655,13562,79,24,0,2573,2603,18,1,3.920000e+01,2.260000e+01,
mig_det_k4_l2_r4_c4_m4_w12g8_d64_s2_q2,det,migration,4,2,4,4,4,12,8,64,2,2,3.352000e+00,22139,16103,91,16,0,2573,2555,16,1,4.290000e+01,1.820000e+01,
mig_det_k4_l8_r4_c8_m4_w12g8_d64_s2_q2,det,migration,4,8,4,8,4,12,8,64,2,2,3.352000e+00,48357,33177,227,32,0,2573,2699,32,1,5.110000e+01,2.380000e+01,
mig_det_k4_l16_r4_c16_m4_w12g8_d64_s2_q2,det,migration,4,16,4,16,4,12,8,64,2,2,3.352000e+00,86306,61005,451,52,0,2573,2891,52,1,9.270000e+01,2.790000e+01,
mig_det_k4_l4_r4_c4_m4_w8g8_d64_s2_q2,det,migration,4,4,4,4,4,8,8,64,2,2,3.352000e+00,29846,16958,47,16,0,2569,2571,16,1,3.930000e+01,1.860000e+01,
mig_det_k4_l4_r4_c4_m4_w16g8_d64_s2_q2,det,migration,4,4,4,4,4,16,8,64,2,2,3.352000e+00,32547,24284,115,28,0,2561,2507,28,1,4.800000e+01,1.890000e+01,
mig_det_k4_l4_r4_c4_m4_w12g8_d32_s2_q2,det,migration,4,4,4,4,4,12,8,32,2,2,3.352000e+00,29413,19708,115,16,0,2201,2495,16,1,4.810000e+01,1.930000e+01,
mig_det_k4_l4_r4_c4_m4_w12g8_d64_s3_q2,det,migration,4,4,4,4,4,12,8,64,3,2,3.352000e+00,30021,20424,115,23,0,2561,2507,23,1,4.560000e+01,1.850000e+01,
mig_det_k4_l4_r4_c4_m4_w12g8_d64_s4_q2,det,migration,4,4,4,4,4,12,8,64,4,2,3.352000e+00,30021,20424,115,23,0,2561,2507,23,1,4.910000e+01,2.170000e+01,
mig_det_k4_l4_r4_c4_m4_w12g8_d64_s2_q4,det,migration,4,4,4,4,4,12,8,64,2,4,3.352000e+00,30033,20520,115,20,0,2573,2603,20,1,4.230000e+01,2.290000e+01,
mig_det_k4_l4_r4_c4_m4_w12g8_d64_s2_q8,det,migration,4,4,4,4,4,12,8,64,2,8,3.352000e+00,30031,20520,115,20,0,2571,2603,20,1,4.710000e+01,1.870000e+01,
mig_det_k16_l16_r4_c16_m3_w16g8_d32_s4_q8,det,migration,16,16,4,16,3,16,8,32,4,8,3.392000e+00,110708,80284,387,79,0,2187,2399,79,1,1.090000e+02,5.310000e+01,
mig_det_k16_l1_r1_c4_m4_w8g0_d32_s3_q4,det,migration,16,1,1,4,4,8,0,32,3,4,3.352000e+00,16596,9205,14,27,0,2189,2399,13,1,3.730000e+01,3.180000e+01,
mig_vec_k4_l2_w14g0,vec,migration,4,2,4,4,4,14,0,64,2,2,3.352000e+00,17556,12719,28,16,0,2628,2606,16,1,3.810000e+01,1.670000e+01,
mig_vec_k4_l2_w14g8,vec,migration,4,2,4,4,4,14,8,64,2,2,3.352000e+00,18695,13558,28,16,0,2628,2606,16,1,3.360000e+01,2.120000e+01,
mig_vec_k4_l4_w16g8,vec,migration,4,4,4,4,4,16,8,64,2,2,3.352000e+00,28779,20387,52,24,0,2628,2606,24,1,3.580000e+01,1.750000e+01,
mig_vec_k4_l8_w10g8,vec,migration,4,8,4,8,4,10,8,64,2,2,3.352000e+00,41571,24545,44,28,0,2628,2606,28,1,4.120000e+01,2.500000e+01,
mig_vec_k4_l8_w12g0,vec,migration,4,8,4,8,4,12,0,64,2,2,3.352000e+00,36529,23286,100,32,0,2628,2606,32,1,4.470000e+01,2.250000e+01,
mig_vec_k4_l8_w14g8,vec,migration,4,8,4,8,4,14,8,64,2,2,3.352000e+00,42588,28963,100,36,0,2628,2606,36,1,4.990000e+01,2.480000e+01,
mig_vec_k4_l16_w16g0,vec,migration,4,16,4,16,4,16,0,64,2,2,3.352000e+00,71874,49758,196,68,0,2628,2606,68,1,6.510000e+01,2.560000e+01,
mig_vec_k8_l1_w14g4,vec,migration,8,1,8,4,4,14,4,64,2,2,3.352000e+00,15355,10594,16,30,0,2628,2606,24,1,3.860000e+01,2.310000e+01,
mig_vec_k8_l8_w8g0,vec,migration,8,8,8,8,4,8,0,64,2,2,3.352000e+00,35804,18722,28,24,0,2628,2606,24,1,4.150000e+01,2.500000e+01,
mig_vec_k8_l8_w16g4,vec,migration,8,8,8,8,4,16,4,64,2,2,3.352000e+00,43639,29447,100,40,0,2628,2606,40,1,4.580000e+01,2.010000e+01,
mig_vec_k8_l16_w8g4,vec,migration,8,16,8,16,4,8,4,64,2,2,3.352000e+00,63328,33810,52,40,0,2628,2606,40,1,6.660000e+01,2.360000e+01,
mig_vec_k8_l16_w14g4,vec,migration,8,16,8,16,4,14,4,64,2,2,3.352000e+00,71426,48323,196,60,0,2628,2606,60,1,6.740000e+01,2.460000e+01,
mig_mm_k4_r2_c32_m4_w8_l1,mm,migration,4,1,2,32,4,8,8,64,2,2,3.352000e+00,29562,17393,136,12,0,2636,2670,12,1,4.670000e+01,2.260000e+01,
mig_mm_k4_r4_c16_m3_w8_l1,mm,migration,4,1,4,16,3,8,8,64,2,2,3.392000e+00,23053,16196,200,12,0,2636,2670,12,1,4.810000e+01,2.180000e+01,
mig_mm_k4_r1_c32_m4_w14_l2,mm,migration,4,2,1,32,4,14,8,64,2,2,3.352000e+00,23535,17720,136,12,0,2642,2662,12,1,3.930000e+01,1.990000e+01,
mig_mm_k4_r4_c32_m3_w10_l2,mm,migration,4,2,4,32,3,10,8,64,2,2,3.392000e+00,37730,27888,392,12,0,2638,2646,12,1,7.610000e+01,1.940000e+01,
mig_mm_k4_r2_c4_m3_w14_l4,mm,migration,4,4,2,4,3,14,8,64,2,2,3.392000e+00,20538,12120,32,16,0,2642,2718,16,1,3.180000e+01,1.420000e+01,
mig_mm_k4_r4_c8_m4_w8_l4,mm,migration,4,4,4,8,4,8,8,64,2,2,3.352000e+00,23912,13887,72,12,0,2636,2670,12,1,3.980000e+01,1.310000e+01,
mig_mm_k8_r1_c4_m4_w10_l2,mm,migration,8,2,1,4,4,10,8,64,2,2,3.352000e+00,15918,9925,20,14,0,2628,2606,14,1,3.450000e+01,1.370000e+01,
mig_mm_k8_r4_c8_m4_w8_l2,mm,migration,8,2,4,8,4,8,8,64,2,2,3.352000e+00,22439,14065,72,11,0,2628,2606,11,1,4.270000e+01,1.660000e+01,
mig_mm_k8_r1_c8_m3_w14_l4,mm,migration,8,4,1,8,3,14,8,64,2,2,3.392000e+00,23765,12996,32,20,0,2628,2606,20,1,4.130000e+01,1.440000e+01,
mig_mm_k16_r4_c32_m3_w8_l2,mm,migration,16,2,4,32,3,8,8,64,2,2,3.392000e+00,39452,25221,392,11,0,2628,2606,11,1,7.610000e+01,2.840000e+01,
mig_mm_k16_r4_c16_m3_w12_l4,mm,migration,16,4,4,16,3,12,8,64,2,2,3.392000e+00,37497,23362,200,17,0,2628,2606,17,1,5.340000e+01,3.140000e+01,
mig_mm_k16_r4_c16_m3_w16_l8,mm,migration,16,8,4,16,3,16,8,64,2,2,3.392000e+00,54218,30950,200,32,0,2628,2606,32,1,5.970000e+01,2.390000e+01,
mig_det_k4_l1_r4_c8_m4_w16g4_d64_s2_q2,det,migration,4,1,4,8,4,16,4,64,2,2,3.352000e+00,21121,19165,143,24,0,2577,2635,18,1,4.390000e+01,1.920000e+01,
mig_det_k4_l1_r4_c16_m4_w12g4_d32_s2_q4,det,migration,4,1,4,16,4,12,4,32,2,4,3.352000e+00,25427,22152,271,14,0,2201,2423,8,1,5.190000e+01,2.160000e+01,
mig_det_k4_l2_r2_c8_m4_w12g0_d32_s4_q4,det,migration,4,2,2,8,4,12,0,32,4,4,3.352000e+00,22157,14850,91,14,0,2189,2399,14,1,3.720000e+01,1.850000e+01,
mig_det_k4_l2_r4_c8_m3_w8g8_d32_s3_q4,det,migration,4,2,4,8,3,8,8,32,3,4,3.392000e+00,24871,15008,105,8,0,2201,2431,8,1,4.270000e+01,1.950000e+01,
mig_det_k4_l2_r4_c16_m3_w14g8_d64_s2_q4,det,migration,4,2,4,16,3,14,8,64,2,4,3.392000e+00,33405,26247,219,16,0,2575,2563,16,1,6.060000e+01,2.510000e+01,
mig_det_k4_l16_r2_c32_m3_w12g0_d64_s2_q8,det,migration,4,16,2,32,3,12,0,64,2,8,3.392000e+00,84544,52989,387,52,0,2571,2891,52,1,9.560000e+01,3.220000e+01,
mig_det_k8_l1_r1_c16_m3_w16g4_d32_s2_q2,det,migration,8,1,1,16,3,16,4,32,2,2,3.392000e+00,20542,13580,63,15,0,2189,2399,9,1,4.700000e+01,2.350000e+01,
mig_det_k8_l4_r1_c4_m4_w12g4_d64_s2_q4,det,migration,8,4,1,4,4,12,4,64,2,4,3.352000e+00,31319,18900,70,23,0,2561,2507,23,1,4.760000e+01,2.190000e+01,
mig_det_k8_l4_r8_c32_m4_w12g4_d32_s4_q2,det,migration,8,4,8,32,4,12,4,32,4,2,3.352000e+00,71667,71330,1075,19,0,2189,2399,19,1,1.461000e+02,3.840000e+01,
mig_det_k16_l2_r2_c4_m4_w8g0_d32_s2_q8,det,migration,16,2,2,4,4,8,0,32,2,8,3.352000e+00,23596,11866,25,29,0,2187,2399,9,1,4.700000e+01,2.480000e+01,
mig_vec_k16_l1_w14g8,vec,migration,16,1,16,4,4,14,8,64,2,2,3.352000e+00,15700,10845,16,30,0,2628,2606,24,1,3.530000e+01,2.070000e+01,
mig_vec_k16_l8_w14g0,vec,migration,16,8,16,8,4,14,0,64,2,2,3.352000e+00,39729,25940,100,36,0,2628,2606,36,1,5.260000e+01,2.900000e+01,
mig_mm_k16_r2_c32_m4_w14_l16,mm,migration,16,16,2,32,4,14,8,64,2,2,3.352000e+00,65220,38773,264,47,0,2628,2606,47,1,7.550000e+01,2.840000e+01,
mig_mm_k16_r8_c4_m4_w16_l1,mm,migration,16,1,8,4,4,16,8,64,2,2,3.352000e+00,20142,18157,136,28,0,2628,2606,20,1,3.810000e+01,1.710000e+01,
mig_det_k16_l16_r8_c16_m3_w10g0_d32_s3_q2,det,migration,16,16,8,16,3,10,0,32,3,2,3.392000e+00,99111,59463,467,49,0,2189,2399,49,1,1.321000e+02,4.730000e+01,
mig_det_k16_l2_r16_c16_m4_w8g0_d32_s4_q4,det,migration,16,2,16,16,4,8,0,32,4,4,3.352000e+00,78817,47962,521,25,0,2189,2399,13,1,1.319000e+02,4.400000e+01,
mig_mm_k8_r4_c8_m4_w12_l2,mm,migration,8,2,4,8,4,12,8,64,2,2,3.352000e+00,21113,16533,136,14,0,2628,2606,14,1,3.750000e+01,1.420000e+01,
mig_mm_k8_r1_c4_m4_w8_l2,mm,migration,8,2,1,4,4,8,8,64,2,2,3.352000e+00,15545,9614,16,11,0,2628,2606,11,1,3.040000e+01,1.400000e+01,
mig_mm_k8_r1_c4_m4_w16_l2,mm,migration,8,2,1,4,4,16,8,64,2,2,3.352000e+00,16075,10871,24,22,0,2628,2606,14,1,3.830000e+01,1.540000e+01,
mig_mm_k8_r8_c32_m4_w8_l2,mm,migration,8,2,8,32,4,8,8,64,2,2,3.352000e+00,72335,45920,520,11,0,2628,2606,11,1,1.459000e+02,2.790000e+01,
mig_mm_k8_r8_c32_m4_w16_l2,mm,migration,8,2,8,32,4,16,8,64,2,2,3.352000e+00,61305,80017,1032,14,0,2628,2606,14,1,1.266000e+02,2.700000e+01,
mig_mm_k16_r16_c16_m4_w8_l2,mm,migration,16,2,16,16,4,8,8,64,2,2,3.352000e+00,74021,46862,520,11,0,2628,2606,11,1,1.426000e+02,3.540000e+01,
mig_mm_k16_r16_c16_m4_w16_l2,mm,migration,16,2,16,16,4,16,8,64,2,2,3.352000e+00,63119,81151,1032,14,0,2628,2606,14,1,1.366000e+02,3.550000e+01,
mig_mm_k16_r1_c32_m4_w8_l2,mm,migration,16,2,1,32,4,8,8,64,2,2,3.352000e+00,27396,13887,72,11,0,2628,2606,11,1,3.630000e+01,2.170000e+01,
mig_mm_k16_r1_c32_m4_w16_l2,mm,migration,16,2,1,32,4,16,8,64,2,2,3.352000e+00,27230,19818,136,14,0,2628,2606,14,1,4.340000e+01,2.150000e+01,
mig_mm_k8_r4_c16_m4_w12_l16,mm,migration,8,16,4,16,4,12,8,64,2,2,3.352000e+00,49488,30645,264,41,0,2628,2606,41,1,5.370000e+01,1.920000e+01,
mig_mm_k8_r1_c16_m4_w8_l16,mm,migration,8,16,1,16,4,8,8,64,2,2,3.352000e+00,35182,15169,40,32,0,2628,2606,32,1,4.300000e+01,2.000000e+01,
mig_mm_k8_r1_c16_m4_w16_l16,mm,migration,8,16,1,16,4,16,8,64,2,2,3.352000e+00,50254,23064,72,53,0,2628,2606,53,1,5.580000e+01,1.800000e+01,
mig_mm_k8_r8_c32_m4_w8_l16,mm,migration,8,16,8,32,4,8,8,64,2,2,3.352000e+00,92108,49615,520,32,0,2628,2606,32,1,1.478000e+02,2.890000e+01,
mig_mm_k8_r8_c32_m4_w16_l16,mm,migration,8,16,8,32,4,16,8,64,2,2,3.352000e+00,99580,89110,1032,53,0,2628,2606,53,1,1.523000e+02,2.940000e+01,
mig_mm_k16_r16_c16_m4_w8_l16,mm,migration,16,16,16,16,4,8,8,64,2,2,3.352000e+00,89987,52145,520,32,0,2628,2606,32,1,1.647000e+02,3.010000e+01,
mig_mm_k16_r16_c16_m4_w16_l16,mm,migration,16,16,16,16,4,16,8,64,2,2,3.352000e+00,95859,93304,1032,53,0,2628,2606,53,1,1.520000e+02,3.740000e+01,
mig_mm_k16_r1_c32_m4_w8_l16,mm,migration,16,16,1,32,4,8,8,64,2,2,3.352000e+00,45327,19954,72,32,0,2628,2606,32,1,6.300000e+01,2.500000e+01,
mig_mm_k16_r1_c32_m4_w16_l16,mm,migration,16,16,1,32,4,16,8,64,2,2,3.352000e+00,62447,32968,136,53,0,2628,2606,53,1,5.680000e+01,2.420000e+01,
mig_mm_k8_r1_c8_m4_w12_l8,mm,migration,8,8,1,8,4,12,8,64,2,2,3.352000e+00,27819,15555,43,26,0,2628,2606,26,1,3.220000e+01,1.680000e+01,
mig_mm_k4_r2_c4_m3_w10_l2,mm,migration,4,2,2,4,3,10,8,64,2,2,3.392000e+00,15515,10196,32,12,0,2638,2646,12,1,3.110000e+01,1.170000e+01,
mig_mm_k4_r2_c8_m3_w10_l2,mm,migration,4,2,2,8,3,10,8,64,2,2,3.392000e+00,17274,11499,56,12,0,2638,2646,12,1,3.990000e+01,1.300000e+01,
mig_mm_k4_r4_c4_m3_w16_l2,mm,migration,4,2,4,4,3,16,8,64,2,2,3.392000e+00,17862,12777,56,14,0,2628,2606,14,1,3.870000e+01,1.160000e+01,
mig_mm_k8_r8_c16_m4_w8_l16,mm,migration,8,16,8,16,4,8,8,64,2,2,3.352000e+00,59152,31582,264,32,0,2628,2606,32,1,5.620000e+01,1.740000e+01,
mig_mm_k16_r1_c32_m3_w14_l16,mm,migration,16,16,1,32,3,14,8,64,2,2,3.392000e+00,59050,29468,104,47,0,2628,2606,47,1,5.030000e+01,2.390000e+01,
mig_mm_k16_r1_c32_m4_w10_l16,mm,migration,16,16,1,32,4,10,8,64,2,2,3.352000e+00,49834,23958,104,35,0,2628,2606,35,1,7.050000e+01,2.360000e+01,
