# mimo_cg migration_cycles: numpy=2.5.3, base_seed=20260930, tool=vitis_hls 2024.1, part=xczu48dr-ffvg1517-2-e, period_ns=4, roles=migration
build,top,role,quantity,cycles,nit,n,stalled,wait_n,wait_min,wait_max,b2b_n,b2b_min,b2b_max
mig_vec_k8_l4_w12g8,vec,migration,vec.init,190,,6,0,6,190,190,0,,
mig_vec_k8_l4_w12g8,vec,migration,vec.iter,1130,,11,0,11,1130,1130,0,,
mig_vec_k8_l4_w12g8,vec,migration,vec.last,1130,,6,0,6,1130,1130,0,,
mig_vec_k4_l4_w12g8,vec,migration,vec.init,126,,6,0,6,126,126,0,,
mig_vec_k4_l4_w12g8,vec,migration,vec.iter,1002,,7,0,7,1002,1002,0,,
mig_vec_k4_l4_w12g8,vec,migration,vec.last,1002,,6,0,6,1002,1002,0,,
mig_vec_k16_l4_w12g8,vec,migration,vec.init,318,,6,0,6,318,318,0,,
mig_vec_k16_l4_w12g8,vec,migration,vec.iter,1394,,19,0,19,1394,1394,0,,
mig_vec_k16_l4_w12g8,vec,migration,vec.last,1394,,6,0,6,1394,1394,0,,
mig_vec_k8_l1_w12g8,vec,migration,vec.init,742,,6,0,6,742,742,0,,
mig_vec_k8_l1_w12g8,vec,migration,vec.iter,4402,,11,0,11,4402,4402,0,,
mig_vec_k8_l1_w12g8,vec,migration,vec.last,4402,,6,0,6,4402,4402,0,,
mig_vec_k8_l2_w12g8,vec,migration,vec.init,374,,6,0,6,374,374,0,,
mig_vec_k8_l2_w12g8,vec,migration,vec.iter,2226,,11,0,11,2226,2226,0,,
mig_vec_k8_l2_w12g8,vec,migration,vec.last,2226,,6,0,6,2226,2226,0,,
mig_vec_k8_l8_w12g8,vec,migration,vec.init,98,,6,0,6,98,98,0,,
mig_vec_k8_l8_w12g8,vec,migration,vec.iter,590,,11,0,11,590,590,0,,
mig_vec_k8_l8_w12g8,vec,migration,vec.last,590,,6,0,6,590,590,0,,
mig_vec_k8_l16_w12g8,vec,migration,vec.init,52,,6,0,6,52,52,0,,
mig_vec_k8_l16_w12g8,vec,migration,vec.iter,320,,11,0,11,320,320,0,,
mig_vec_k8_l16_w12g8,vec,migration,vec.last,320,,6,0,6,320,320,0,,
mig_vec_k8_l4_w8g8,vec,migration,vec.init,174,,6,0,6,174,174,0,,
mig_vec_k8_l4_w8g8,vec,migration,vec.iter,995,,11,0,11,995,995,0,,
mig_vec_k8_l4_w8g8,vec,migration,vec.last,995,,6,0,6,995,995,0,,
mig_vec_k8_l4_w10g8,vec,migration,vec.init,190,,6,0,6,190,190,0,,
mig_vec_k8_l4_w10g8,vec,migration,vec.iter,1062,,11,0,11,1062,1062,0,,
mig_vec_k8_l4_w10g8,vec,migration,vec.last,1062,,6,0,6,1062,1062,0,,
mig_vec_k8_l4_w14g8,vec,migration,vec.init,190,,6,0,6,190,190,0,,
mig_vec_k8_l4_w14g8,vec,migration,vec.iter,1206,,11,0,11,1206,1206,0,,
mig_vec_k8_l4_w14g8,vec,migration,vec.last,1206,,6,0,6,1206,1206,0,,
mig_vec_k8_l4_w16g8,vec,migration,vec.init,182,,6,0,6,182,182,0,,
mig_vec_k8_l4_w16g8,vec,migration,vec.iter,1258,,11,0,11,1258,1258,0,,
mig_vec_k8_l4_w16g8,vec,migration,vec.last,1258,,6,0,6,1258,1258,0,,
mig_vec_k8_l4_w12g0,vec,migration,vec.init,190,,6,0,6,190,190,0,,
mig_vec_k8_l4_w12g0,vec,migration,vec.iter,875,,11,0,11,875,875,0,,
mig_vec_k8_l4_w12g0,vec,migration,vec.last,875,,6,0,6,875,875,0,,
mig_vec_k8_l4_w12g4,vec,migration,vec.init,190,,6,0,6,190,190,0,,
mig_vec_k8_l4_w12g4,vec,migration,vec.iter,1011,,11,0,11,1011,1011,0,,
mig_vec_k8_l4_w12g4,vec,migration,vec.last,1011,,6,0,6,1011,1011,0,,
mig_vec_k8_l1_w8g0,vec,migration,vec.init,678,,6,0,6,678,678,0,,
mig_vec_k8_l1_w8g0,vec,migration,vec.iter,2909,,11,0,11,2909,2909,0,,
mig_vec_k8_l1_w8g0,vec,migration,vec.last,2909,,6,0,6,2909,2909,0,,
mig_vec_k8_l1_w8g8,vec,migration,vec.init,678,,6,0,6,678,678,0,,
mig_vec_k8_l1_w8g8,vec,migration,vec.iter,3851,,11,0,11,3851,3851,0,,
mig_vec_k8_l1_w8g8,vec,migration,vec.last,3851,,6,0,6,3851,3851,0,,
mig_vec_k8_l1_w16g0,vec,migration,vec.init,710,,6,0,6,710,710,0,,
mig_vec_k8_l1_w16g0,vec,migration,vec.iter,3883,,11,0,11,3883,3883,0,,
mig_vec_k8_l1_w16g0,vec,migration,vec.last,3883,,6,0,6,3883,3883,0,,
mig_vec_k8_l1_w16g8,vec,migration,vec.init,710,,6,0,6,710,710,0,,
mig_vec_k8_l1_w16g8,vec,migration,vec.iter,4858,,11,0,11,4858,4858,0,,
mig_vec_k8_l1_w16g8,vec,migration,vec.last,4858,,6,0,6,4858,4858,0,,
mig_vec_k8_l16_w8g0,vec,migration,vec.init,48,,6,0,6,48,48,0,,
mig_vec_k8_l16_w8g0,vec,migration,vec.iter,209,,11,0,11,209,209,0,,
mig_vec_k8_l16_w8g0,vec,migration,vec.last,209,,6,0,6,209,209,0,,
mig_vec_k8_l16_w8g8,vec,migration,vec.init,48,,6,0,6,48,48,0,,
mig_vec_k8_l16_w8g8,vec,migration,vec.iter,281,,11,0,11,281,281,0,,
mig_vec_k8_l16_w8g8,vec,migration,vec.last,281,,6,0,6,281,281,0,,
mig_vec_k8_l16_w16g0,vec,migration,vec.init,50,,6,0,6,50,50,0,,
mig_vec_k8_l16_w16g0,vec,migration,vec.iter,283,,11,0,11,283,283,0,,
mig_vec_k8_l16_w16g0,vec,migration,vec.last,283,,6,0,6,283,283,0,,
mig_vec_k8_l16_w16g8,vec,migration,vec.init,50,,6,0,6,50,50,0,,
mig_vec_k8_l16_w16g8,vec,migration,vec.iter,358,,11,0,11,358,358,0,,
mig_vec_k8_l16_w16g8,vec,migration,vec.last,358,,6,0,6,358,358,0,,
mig_vec_k4_l1_w12g8,vec,migration,vec.init,486,,6,0,6,486,486,0,,
mig_vec_k4_l1_w12g8,vec,migration,vec.iter,3890,,7,0,7,3890,3890,0,,
mig_vec_k4_l1_w12g8,vec,migration,vec.last,3890,,6,0,6,3890,3890,0,,
mig_vec_k4_l16_w12g8,vec,migration,vec.init,36,,6,0,6,36,36,0,,
mig_vec_k4_l16_w12g8,vec,migration,vec.iter,288,,7,0,7,288,288,0,,
mig_vec_k4_l16_w12g8,vec,migration,vec.last,288,,6,0,6,288,288,0,,
mig_vec_k16_l1_w12g8,vec,migration,vec.init,1254,,6,0,6,1254,1254,0,,
mig_vec_k16_l1_w12g8,vec,migration,vec.iter,5426,,19,0,19,5426,5426,0,,
mig_vec_k16_l1_w12g8,vec,migration,vec.last,5426,,6,0,6,5426,5426,0,,
mig_vec_k16_l16_w12g8,vec,migration,vec.init,84,,6,0,6,84,84,0,,
mig_vec_k16_l16_w12g8,vec,migration,vec.iter,384,,19,0,19,384,384,0,,
mig_vec_k16_l16_w12g8,vec,migration,vec.last,384,,6,0,6,384,384,0,,
mig_mm_k8_r4_c8_m4_w12_l4,mm,migration,mm.iter,366,,17,0,17,366,366,0,,
mig_mm_k4_r4_c8_m4_w12_l4,mm,migration,mm.iter,168,,13,0,13,168,168,0,,
mig_mm_k16_r4_c8_m4_w12_l4,mm,migration,mm.iter,866,,25,0,25,866,866,0,,
mig_mm_k8_r1_c8_m4_w12_l4,mm,migration,mm.iter,922,,17,0,17,922,922,0,,
mig_mm_k8_r2_c8_m4_w12_l4,mm,migration,mm.iter,562,,17,0,17,562,562,0,,
mig_mm_k8_r8_c8_m4_w12_l4,mm,migration,mm.iter,268,,17,0,17,268,268,0,,
mig_mm_k8_r4_c4_m4_w12_l4,mm,migration,mm.iter,510,,17,0,17,510,510,0,,
mig_mm_k8_r4_c16_m4_w12_l4,mm,migration,mm.iter,286,,17,0,17,286,286,0,,
mig_mm_k8_r4_c32_m4_w12_l4,mm,migration,mm.iter,246,,17,0,17,246,246,0,,
mig_mm_k8_r4_c8_m3_w12_l4,mm,migration,mm.iter,382,,17,0,17,382,382,0,,
mig_mm_k8_r4_c8_m4_w8_l4,mm,migration,mm.iter,366,,17,0,17,366,366,0,,
mig_mm_k8_r4_c8_m4_w10_l4,mm,migration,mm.iter,366,,17,0,17,366,366,0,,
mig_mm_k8_r4_c8_m4_w14_l4,mm,migration,mm.iter,366,,17,0,17,366,366,0,,
mig_mm_k8_r4_c8_m4_w16_l4,mm,migration,mm.iter,366,,17,0,17,366,366,0,,
mig_mm_k8_r4_c8_m4_w12_l1,mm,migration,mm.iter,742,,17,0,17,742,742,0,,
mig_mm_k8_r4_c8_m4_w12_l8,mm,migration,mm.iter,286,,17,0,17,286,286,0,,
mig_mm_k8_r1_c4_m4_w8_l4,mm,migration,mm.iter,782,,17,0,17,782,782,0,,
mig_mm_k8_r1_c4_m4_w16_l4,mm,migration,mm.iter,782,,17,0,17,782,782,0,,
mig_mm_k8_r8_c32_m4_w8_l4,mm,migration,mm.iter,196,,17,0,17,196,196,0,,
mig_mm_k8_r8_c32_m4_w16_l4,mm,migration,mm.iter,197,,17,0,17,197,197,0,,
mig_mm_k16_r16_c16_m4_w8_l4,mm,migration,mm.iter,380,,25,0,25,380,380,0,,
mig_mm_k16_r16_c16_m4_w16_l4,mm,migration,mm.iter,380,,25,0,25,380,380,0,,
mig_mm_k16_r1_c32_m4_w8_l4,mm,migration,mm.iter,1194,,25,0,25,1194,1194,0,,
mig_mm_k16_r1_c32_m4_w16_l4,mm,migration,mm.iter,1194,,25,0,25,1194,1194,0,,
mig_mm_k8_r4_c8_m3_w8_l4,mm,migration,mm.iter,382,,17,0,17,382,382,0,,
mig_mm_k8_r4_c8_m3_w16_l4,mm,migration,mm.iter,382,,17,0,17,382,382,0,,
mig_det_k4_l4_r4_c4_m4_w12g8_d64_s2_q2,det,migration,job_interval,2571,2,,,,,,,,
mig_det_k4_l4_r4_c4_m4_w12g8_d64_s2_q2,det,migration,job_interval,3793,3,,,,,,,,
mig_det_k4_l4_r4_c4_m4_w12g8_d64_s2_q2,det,migration,job_interval,5015,4,,,,,,,,
mig_det_k4_l4_r4_c4_m4_w12g8_d64_s2_q2,det,migration,job_interval,1349,1,,,,,,,,
mig_det_k4_l4_r4_c4_m4_w12g8_d64_s2_q2,det,migration,job_interval,2571,2,,,,,,,,
mig_det_k4_l4_r4_c4_m4_w12g8_d64_s2_q2,det,migration,first_done,1.594000e+03,,,,,,,,,
mig_det_k4_l4_r4_c4_m4_w12g8_d64_s2_q2,det,migration,t0,1.270000e+02,,,,,,,,,
mig_det_k4_l4_r4_c4_m4_w12g8_d64_s2_q2,det,migration,t_iter,1.222000e+03,,,,,,,,,
mig_det_k4_l4_r4_c4_m4_w12g8_d64_s2_q2,det,migration,max_resid,0.000000e+00,,,,,,,,,
mig_det_k4_l4_r4_c4_m4_w12g8_d64_s2_q2,det,migration,mm.iter,220,,13,0,13,220,220,0,,
mig_det_k4_l4_r4_c4_m4_w12g8_d64_s2_q2,det,migration,vec.init,126,,6,0,1,126,126,5,127,127
mig_det_k4_l4_r4_c4_m4_w12g8_d64_s2_q2,det,migration,vec.iter,1002,,7,0,7,1002,1002,0,,
mig_det_k4_l4_r4_c4_m4_w12g8_d64_s2_q2,det,migration,vec.last,1002,,6,0,6,1002,1002,0,,
mig_det_k8_l4_r8_c4_m4_w12g8_d64_s2_q2,det,migration,job_interval,3163,2,,,,,,,,
mig_det_k8_l4_r8_c4_m4_w12g8_d64_s2_q2,det,migration,job_interval,4649,3,,,,,,,,
mig_det_k8_l4_r8_c4_m4_w12g8_d64_s2_q2,det,migration,job_interval,12079,8,,,,,,,,
mig_det_k8_l4_r8_c4_m4_w12g8_d64_s2_q2,det,migration,job_interval,1677,1,,,,,,,,
mig_det_k8_l4_r8_c4_m4_w12g8_d64_s2_q2,det,migration,job_interval,3163,2,,,,,,,,
mig_det_k8_l4_r8_c4_m4_w12g8_d64_s2_q2,det,migration,first_done,2.091000e+03,,,,,,,,,
mig_det_k8_l4_r8_c4_m4_w12g8_d64_s2_q2,det,migration,t0,1.910000e+02,,,,,,,,,
mig_det_k8_l4_r8_c4_m4_w12g8_d64_s2_q2,det,migration,t_iter,1.486000e+03,,,,,,,,,
mig_det_k8_l4_r8_c4_m4_w12g8_d64_s2_q2,det,migration,max_resid,0.000000e+00,,,,,,,,,
mig_det_k8_l4_r8_c4_m4_w12g8_d64_s2_q2,det,migration,mm.iter,356,,17,0,17,356,356,0,,
mig_det_k8_l4_r8_c4_m4_w12g8_d64_s2_q2,det,migration,vec.init,190,,6,0,1,190,190,5,191,191
mig_det_k8_l4_r8_c4_m4_w12g8_d64_s2_q2,det,migration,vec.iter,1130,,11,0,11,1130,1130,0,,
mig_det_k8_l4_r8_c4_m4_w12g8_d64_s2_q2,det,migration,vec.last,1130,,6,0,6,1130,1130,0,,
mig_det_k16_l4_r16_c4_m4_w12g8_d64_s2_q2,det,migration,job_interval,4347,2,,,,,,,,
mig_det_k16_l4_r16_c4_m4_w12g8_d64_s2_q2,det,migration,job_interval,6361,3,,,,,,,,
mig_det_k16_l4_r16_c4_m4_w12g8_d64_s2_q2,det,migration,job_interval,32543,16,,,,,,,,
mig_det_k16_l4_r16_c4_m4_w12g8_d64_s2_q2,det,migration,job_interval,2333,1,,,,,,,,
mig_det_k16_l4_r16_c4_m4_w12g8_d64_s2_q2,det,migration,job_interval,4347,2,,,,,,,,
mig_det_k16_l4_r16_c4_m4_w12g8_d64_s2_q2,det,migration,first_done,3.137000e+03,,,,,,,,,
mig_det_k16_l4_r16_c4_m4_w12g8_d64_s2_q2,det,migration,t0,3.190000e+02,,,,,,,,,
mig_det_k16_l4_r16_c4_m4_w12g8_d64_s2_q2,det,migration,t_iter,2.014000e+03,,,,,,,,,
mig_det_k16_l4_r16_c4_m4_w12g8_d64_s2_q2,det,migration,max_resid,0.000000e+00,,,,,,,,,
mig_det_k16_l4_r16_c4_m4_w12g8_d64_s2_q2,det,migration,mm.iter,620,,25,0,25,620,620,0,,
mig_det_k16_l4_r16_c4_m4_w12g8_d64_s2_q2,det,migration,vec.init,318,,6,0,1,318,318,5,319,319
mig_det_k16_l4_r16_c4_m4_w12g8_d64_s2_q2,det,migration,vec.iter,1394,,19,0,19,1394,1394,0,,
mig_det_k16_l4_r16_c4_m4_w12g8_d64_s2_q2,det,migration,vec.last,1394,,6,0,6,1394,1394,0,,
mig_det_k4_l1_r4_c4_m4_w12g8_d64_s2_q2,det,migration,job_interval,9107,2,,,,,,,,
mig_det_k4_l1_r4_c4_m4_w12g8_d64_s2_q2,det,migration,job_interval,13417,3,,,,,,,,
mig_det_k4_l1_r4_c4_m4_w12g8_d64_s2_q2,det,migration,job_interval,17727,4,,,,,,,,
mig_det_k4_l1_r4_c4_m4_w12g8_d64_s2_q2,det,migration,job_interval,4797,1,,,,,,,,
mig_det_k4_l1_r4_c4_m4_w12g8_d64_s2_q2,det,migration,job_interval,9107,2,,,,,,,,
mig_det_k4_l1_r4_c4_m4_w12g8_d64_s2_q2,det,migration,first_done,5.041000e+03,,,,,,,,,
mig_det_k4_l1_r4_c4_m4_w12g8_d64_s2_q2,det,migration,t0,4.870000e+02,,,,,,,,,
mig_det_k4_l1_r4_c4_m4_w12g8_d64_s2_q2,det,migration,t_iter,4.310000e+03,,,,,,,,,
mig_det_k4_l1_r4_c4_m4_w12g8_d64_s2_q2,det,migration,max_resid,0.000000e+00,,,,,,,,,
mig_det_k4_l1_r4_c4_m4_w12g8_d64_s2_q2,det,migration,mm.iter,420,,13,0,13,420,420,0,,
mig_det_k4_l1_r4_c4_m4_w12g8_d64_s2_q2,det,migration,vec.init,486,,6,0,1,486,486,5,487,487
mig_det_k4_l1_r4_c4_m4_w12g8_d64_s2_q2,det,migration,vec.iter,3890,,7,0,7,3890,3890,0,,
mig_det_k4_l1_r4_c4_m4_w12g8_d64_s2_q2,det,migration,vec.last,3890,,6,0,6,3890,3890,0,,
mig_det_k4_l2_r4_c4_m4_w12g8_d64_s2_q2,det,migration,job_interval,4755,2,,,,,,,,
mig_det_k4_l2_r4_c4_m4_w12g8_d64_s2_q2,det,migration,job_interval,7009,3,,,,,,,,
mig_det_k4_l2_r4_c4_m4_w12g8_d64_s2_q2,det,migration,job_interval,9263,4,,,,,,,,
mig_det_k4_l2_r4_c4_m4_w12g8_d64_s2_q2,det,migration,job_interval,2501,1,,,,,,,,
mig_det_k4_l2_r4_c4_m4_w12g8_d64_s2_q2,det,migration,job_interval,4755,2,,,,,,,,
mig_det_k4_l2_r4_c4_m4_w12g8_d64_s2_q2,det,migration,first_done,2.745000e+03,,,,,,,,,
mig_det_k4_l2_r4_c4_m4_w12g8_d64_s2_q2,det,migration,t0,2.470000e+02,,,,,,,,,
mig_det_k4_l2_r4_c4_m4_w12g8_d64_s2_q2,det,migration,t_iter,2.254000e+03,,,,,,,,,
mig_det_k4_l2_r4_c4_m4_w12g8_d64_s2_q2,det,migration,max_resid,0.000000e+00,,,,,,,,,
mig_det_k4_l2_r4_c4_m4_w12g8_d64_s2_q2,det,migration,mm.iter,300,,13,0,13,300,300,0,,
mig_det_k4_l2_r4_c4_m4_w12g8_d64_s2_q2,det,migration,vec.init,246,,6,0,1,246,246,5,247,247
mig_det_k4_l2_r4_c4_m4_w12g8_d64_s2_q2,det,migration,vec.iter,1954,,7,0,7,1954,1954,0,,
mig_det_k4_l2_r4_c4_m4_w12g8_d64_s2_q2,det,migration,vec.last,1954,,6,0,6,1954,1954,0,,
mig_det_k4_l8_r4_c8_m4_w12g8_d64_s2_q2,det,migration,job_interval,1383,2,,,,,,,,
mig_det_k4_l8_r4_c8_m4_w12g8_d64_s2_q2,det,migration,job_interval,2041,3,,,,,,,,
mig_det_k4_l8_r4_c8_m4_w12g8_d64_s2_q2,det,migration,job_interval,2699,4,,,,,,,,
mig_det_k4_l8_r4_c8_m4_w12g8_d64_s2_q2,det,migration,job_interval,725,1,,,,,,,,
mig_det_k4_l8_r4_c8_m4_w12g8_d64_s2_q2,det,migration,job_interval,1383,2,,,,,,,,
mig_det_k4_l8_r4_c8_m4_w12g8_d64_s2_q2,det,migration,first_done,9.700000e+02,,,,,,,,,
mig_det_k4_l8_r4_c8_m4_w12g8_d64_s2_q2,det,migration,t0,6.700000e+01,,,,,,,,,
mig_det_k4_l8_r4_c8_m4_w12g8_d64_s2_q2,det,migration,t_iter,6.580000e+02,,,,,,,,,
mig_det_k4_l8_r4_c8_m4_w12g8_d64_s2_q2,det,migration,max_resid,0.000000e+00,,,,,,,,,
mig_det_k4_l8_r4_c8_m4_w12g8_d64_s2_q2,det,migration,mm.iter,132,,13,0,13,132,132,0,,
mig_det_k4_l8_r4_c8_m4_w12g8_d64_s2_q2,det,migration,vec.init,66,,6,0,1,66,66,5,67,67
mig_det_k4_l8_r4_c8_m4_w12g8_d64_s2_q2,det,migration,vec.iter,526,,7,0,7,526,526,0,,
mig_det_k4_l8_r4_c8_m4_w12g8_d64_s2_q2,det,migration,vec.last,526,,6,0,6,526,526,0,,
mig_det_k4_l16_r4_c16_m4_w12g8_d64_s2_q2,det,migration,job_interval,789,2,,,,,,,,
mig_det_k4_l16_r4_c16_m4_w12g8_d64_s2_q2,det,migration,job_interval,1165,3,,,,,,,,
mig_det_k4_l16_r4_c16_m4_w12g8_d64_s2_q2,det,migration,job_interval,1541,4,,,,,,,,
mig_det_k4_l16_r4_c16_m4_w12g8_d64_s2_q2,det,migration,job_interval,413,1,,,,,,,,
mig_det_k4_l16_r4_c16_m4_w12g8_d64_s2_q2,det,migration,job_interval,789,2,,,,,,,,
mig_det_k4_l16_r4_c16_m4_w12g8_d64_s2_q2,det,migration,first_done,6.580000e+02,,,,,,,,,
mig_det_k4_l16_r4_c16_m4_w12g8_d64_s2_q2,det,migration,t0,3.700000e+01,,,,,,,,,
mig_det_k4_l16_r4_c16_m4_w12g8_d64_s2_q2,det,migration,t_iter,3.760000e+02,,,,,,,,,
mig_det_k4_l16_r4_c16_m4_w12g8_d64_s2_q2,det,migration,max_resid,0.000000e+00,,,,,,,,,
mig_det_k4_l16_r4_c16_m4_w12g8_d64_s2_q2,det,migration,mm.iter,88,,13,0,13,88,88,0,,
mig_det_k4_l16_r4_c16_m4_w12g8_d64_s2_q2,det,migration,vec.init,36,,6,0,1,36,36,5,37,37
mig_det_k4_l16_r4_c16_m4_w12g8_d64_s2_q2,det,migration,vec.iter,288,,7,0,7,288,288,0,,
mig_det_k4_l16_r4_c16_m4_w12g8_d64_s2_q2,det,migration,vec.last,288,,6,0,6,288,288,0,,
mig_det_k4_l4_r4_c4_m4_w8g8_d64_s2_q2,det,migration,job_interval,2285,2,,,,,,,,
mig_det_k4_l4_r4_c4_m4_w8g8_d64_s2_q2,det,migration,job_interval,3372,3,,,,,,,,
mig_det_k4_l4_r4_c4_m4_w8g8_d64_s2_q2,det,migration,job_interval,4459,4,,,,,,,,
mig_det_k4_l4_r4_c4_m4_w8g8_d64_s2_q2,det,migration,job_interval,1198,1,,,,,,,,
mig_det_k4_l4_r4_c4_m4_w8g8_d64_s2_q2,det,migration,job_interval,2285,2,,,,,,,,
mig_det_k4_l4_r4_c4_m4_w8g8_d64_s2_q2,det,migration,first_done,1.443000e+03,,,,,,,,,
mig_det_k4_l4_r4_c4_m4_w8g8_d64_s2_q2,det,migration,t0,1.110000e+02,,,,,,,,,
mig_det_k4_l4_r4_c4_m4_w8g8_d64_s2_q2,det,migration,t_iter,1.087000e+03,,,,,,,,,
mig_det_k4_l4_r4_c4_m4_w8g8_d64_s2_q2,det,migration,max_resid,0.000000e+00,,,,,,,,,
mig_det_k4_l4_r4_c4_m4_w8g8_d64_s2_q2,det,migration,mm.iter,220,,13,0,13,220,220,0,,
mig_det_k4_l4_r4_c4_m4_w8g8_d64_s2_q2,det,migration,vec.init,110,,6,0,1,110,110,5,111,111
mig_det_k4_l4_r4_c4_m4_w8g8_d64_s2_q2,det,migration,vec.iter,867,,7,0,7,867,867,0,,
mig_det_k4_l4_r4_c4_m4_w8g8_d64_s2_q2,det,migration,vec.last,867,,6,0,6,867,867,0,,
mig_det_k4_l4_r4_c4_m4_w16g8_d64_s2_q2,det,migration,job_interval,2835,2,,,,,,,,
mig_det_k4_l4_r4_c4_m4_w16g8_d64_s2_q2,det,migration,job_interval,4193,3,,,,,,,,
mig_det_k4_l4_r4_c4_m4_w16g8_d64_s2_q2,det,migration,job_interval,5551,4,,,,,,,,
mig_det_k4_l4_r4_c4_m4_w16g8_d64_s2_q2,det,migration,job_interval,1477,1,,,,,,,,
mig_det_k4_l4_r4_c4_m4_w16g8_d64_s2_q2,det,migration,job_interval,2835,2,,,,,,,,
mig_det_k4_l4_r4_c4_m4_w16g8_d64_s2_q2,det,migration,first_done,1.721000e+03,,,,,,,,,
mig_det_k4_l4_r4_c4_m4_w16g8_d64_s2_q2,det,migration,t0,1.190000e+02,,,,,,,,,
mig_det_k4_l4_r4_c4_m4_w16g8_d64_s2_q2,det,migration,t_iter,1.358000e+03,,,,,,,,,
mig_det_k4_l4_r4_c4_m4_w16g8_d64_s2_q2,det,migration,max_resid,0.000000e+00,,,,,,,,,
mig_det_k4_l4_r4_c4_m4_w16g8_d64_s2_q2,det,migration,mm.iter,228,,13,0,13,228,228,0,,
mig_det_k4_l4_r4_c4_m4_w16g8_d64_s2_q2,det,migration,vec.init,118,,6,0,1,118,118,5,119,119
mig_det_k4_l4_r4_c4_m4_w16g8_d64_s2_q2,det,migration,vec.iter,1130,,7,0,7,1130,1130,0,,
mig_det_k4_l4_r4_c4_m4_w16g8_d64_s2_q2,det,migration,vec.last,1130,,6,0,6,1130,1130,0,,
mig_det_k4_l4_r4_c4_m4_w12g8_d32_s2_q2,det,migration,job_interval,2571,2,,,,,,,,
mig_det_k4_l4_r4_c4_m4_w12g8_d32_s2_q2,det,migration,job_interval,3793,3,,,,,,,,
mig_det_k4_l4_r4_c4_m4_w12g8_d32_s2_q2,det,migration,job_interval,5015,4,,,,,,,,
mig_det_k4_l4_r4_c4_m4_w12g8_d32_s2_q2,det,migration,job_interval,1349,1,,,,,,,,
mig_det_k4_l4_r4_c4_m4_w12g8_d32_s2_q2,det,migration,job_interval,2571,2,,,,,,,,
mig_det_k4_l4_r4_c4_m4_w12g8_d32_s2_q2,det,migration,first_done,1.753000e+03,,,,,,,,,
mig_det_k4_l4_r4_c4_m4_w12g8_d32_s2_q2,det,migration,t0,1.270000e+02,,,,,,,,,
mig_det_k4_l4_r4_c4_m4_w12g8_d32_s2_q2,det,migration,t_iter,1.222000e+03,,,,,,,,,
mig_det_k4_l4_r4_c4_m4_w12g8_d32_s2_q2,det,migration,max_resid,0.000000e+00,,,,,,,,,
mig_det_k4_l4_r4_c4_m4_w12g8_d32_s2_q2,det,migration,mm.iter,220,,13,0,13,220,220,0,,
mig_det_k4_l4_r4_c4_m4_w12g8_d32_s2_q2,det,migration,vec.init,126,,6,0,1,126,126,5,127,127
mig_det_k4_l4_r4_c4_m4_w12g8_d32_s2_q2,det,migration,vec.iter,1002,,7,0,7,1002,1002,0,,
mig_det_k4_l4_r4_c4_m4_w12g8_d32_s2_q2,det,migration,vec.last,1002,,6,0,6,1002,1002,0,,
mig_det_k4_l4_r4_c4_m4_w12g8_d64_s3_q2,det,migration,job_interval,2571,2,,,,,,,,
mig_det_k4_l4_r4_c4_m4_w12g8_d64_s3_q2,det,migration,job_interval,3793,3,,,,,,,,
mig_det_k4_l4_r4_c4_m4_w12g8_d64_s3_q2,det,migration,job_interval,5015,4,,,,,,,,
mig_det_k4_l4_r4_c4_m4_w12g8_d64_s3_q2,det,migration,job_interval,1349,1,,,,,,,,
mig_det_k4_l4_r4_c4_m4_w12g8_d64_s3_q2,det,migration,job_interval,2571,2,,,,,,,,
mig_det_k4_l4_r4_c4_m4_w12g8_d64_s3_q2,det,migration,first_done,1.594000e+03,,,,,,,,,
mig_det_k4_l4_r4_c4_m4_w12g8_d64_s3_q2,det,migration,t0,1.270000e+02,,,,,,,,,
mig_det_k4_l4_r4_c4_m4_w12g8_d64_s3_q2,det,migration,t_iter,1.222000e+03,,,,,,,,,
mig_det_k4_l4_r4_c4_m4_w12g8_d64_s3_q2,det,migration,max_resid,0.000000e+00,,,,,,,,,
mig_det_k4_l4_r4_c4_m4_w12g8_d64_s3_q2,det,migration,mm.iter,220,,13,0,13,220,220,0,,
mig_det_k4_l4_r4_c4_m4_w12g8_d64_s3_q2,det,migration,vec.init,126,,6,0,1,126,126,5,127,127
mig_det_k4_l4_r4_c4_m4_w12g8_d64_s3_q2,det,migration,vec.iter,1002,,7,0,7,1002,1002,0,,
mig_det_k4_l4_r4_c4_m4_w12g8_d64_s3_q2,det,migration,vec.last,1002,,6,0,6,1002,1002,0,,
mig_det_k4_l4_r4_c4_m4_w12g8_d64_s4_q2,det,migration,job_interval,2571,2,,,,,,,,
mig_det_k4_l4_r4_c4_m4_w12g8_d64_s4_q2,det,migration,job_interval,3793,3,,,,,,,,
mig_det_k4_l4_r4_c4_m4_w12g8_d64_s4_q2,det,migration,job_interval,5015,4,,,,,,,,
mig_det_k4_l4_r4_c4_m4_w12g8_d64_s4_q2,det,migration,job_interval,1349,1,,,,,,,,
mig_det_k4_l4_r4_c4_m4_w12g8_d64_s4_q2,det,migration,job_interval,2571,2,,,,,,,,
mig_det_k4_l4_r4_c4_m4_w12g8_d64_s4_q2,det,migration,first_done,1.594000e+03,,,,,,,,,
mig_det_k4_l4_r4_c4_m4_w12g8_d64_s4_q2,det,migration,t0,1.270000e+02,,,,,,,,,
mig_det_k4_l4_r4_c4_m4_w12g8_d64_s4_q2,det,migration,t_iter,1.222000e+03,,,,,,,,,
mig_det_k4_l4_r4_c4_m4_w12g8_d64_s4_q2,det,migration,max_resid,0.000000e+00,,,,,,,,,
mig_det_k4_l4_r4_c4_m4_w12g8_d64_s4_q2,det,migration,mm.iter,220,,13,0,13,220,220,0,,
mig_det_k4_l4_r4_c4_m4_w12g8_d64_s4_q2,det,migration,vec.init,126,,6,0,1,126,126,5,127,127
mig_det_k4_l4_r4_c4_m4_w12g8_d64_s4_q2,det,migration,vec.iter,1002,,7,0,7,1002,1002,0,,
mig_det_k4_l4_r4_c4_m4_w12g8_d64_s4_q2,det,migration,vec.last,1002,,6,0,6,1002,1002,0,,
mig_det_k4_l4_r4_c4_m4_w12g8_d64_s2_q4,det,migration,job_interval,2571,2,,,,,,,,
mig_det_k4_l4_r4_c4_m4_w12g8_d64_s2_q4,det,migration,job_interval,3793,3,,,,,,,,
mig_det_k4_l4_r4_c4_m4_w12g8_d64_s2_q4,det,migration,job_interval,5015,4,,,,,,,,
mig_det_k4_l4_r4_c4_m4_w12g8_d64_s2_q4,det,migration,job_interval,1349,1,,,,,,,,
mig_det_k4_l4_r4_c4_m4_w12g8_d64_s2_q4,det,migration,job_interval,2571,2,,,,,,,,
mig_det_k4_l4_r4_c4_m4_w12g8_d64_s2_q4,det,migration,first_done,1.594000e+03,,,,,,,,,
mig_det_k4_l4_r4_c4_m4_w12g8_d64_s2_q4,det,migration,t0,1.270000e+02,,,,,,,,,
mig_det_k4_l4_r4_c4_m4_w12g8_d64_s2_q4,det,migration,t_iter,1.222000e+03,,,,,,,,,
mig_det_k4_l4_r4_c4_m4_w12g8_d64_s2_q4,det,migration,max_resid,0.000000e+00,,,,,,,,,
mig_det_k4_l4_r4_c4_m4_w12g8_d64_s2_q4,det,migration,mm.iter,220,,13,0,13,220,220,0,,
mig_det_k4_l4_r4_c4_m4_w12g8_d64_s2_q4,det,migration,vec.init,126,,6,0,1,126,126,5,127,127
mig_det_k4_l4_r4_c4_m4_w12g8_d64_s2_q4,det,migration,vec.iter,1002,,7,0,7,1002,1002,0,,
mig_det_k4_l4_r4_c4_m4_w12g8_d64_s2_q4,det,migration,vec.last,1002,,6,0,6,1002,1002,0,,
mig_det_k4_l4_r4_c4_m4_w12g8_d64_s2_q8,det,migration,job_interval,2571,2,,,,,,,,
mig_det_k4_l4_r4_c4_m4_w12g8_d64_s2_q8,det,migration,job_interval,3793,3,,,,,,,,
mig_det_k4_l4_r4_c4_m4_w12g8_d64_s2_q8,det,migration,job_interval,5015,4,,,,,,,,
mig_det_k4_l4_r4_c4_m4_w12g8_d64_s2_q8,det,migration,job_interval,1349,1,,,,,,,,
mig_det_k4_l4_r4_c4_m4_w12g8_d64_s2_q8,det,migration,job_interval,2571,2,,,,,,,,
mig_det_k4_l4_r4_c4_m4_w12g8_d64_s2_q8,det,migration,first_done,1.594000e+03,,,,,,,,,
mig_det_k4_l4_r4_c4_m4_w12g8_d64_s2_q8,det,migration,t0,1.270000e+02,,,,,,,,,
mig_det_k4_l4_r4_c4_m4_w12g8_d64_s2_q8,det,migration,t_iter,1.222000e+03,,,,,,,,,
mig_det_k4_l4_r4_c4_m4_w12g8_d64_s2_q8,det,migration,max_resid,0.000000e+00,,,,,,,,,
mig_det_k4_l4_r4_c4_m4_w12g8_d64_s2_q8,det,migration,mm.iter,220,,13,0,13,220,220,0,,
mig_det_k4_l4_r4_c4_m4_w12g8_d64_s2_q8,det,migration,vec.init,126,,6,0,1,126,126,5,127,127
mig_det_k4_l4_r4_c4_m4_w12g8_d64_s2_q8,det,migration,vec.iter,1002,,7,0,7,1002,1002,0,,
mig_det_k4_l4_r4_c4_m4_w12g8_d64_s2_q8,det,migration,vec.last,1002,,6,0,6,1002,1002,0,,
mig_det_k16_l16_r4_c16_m3_w16g8_d32_s4_q8,det,migration,job_interval,1813,2,,,,,,,,
mig_det_k16_l16_r4_c16_m3_w16g8_d32_s4_q8,det,migration,job_interval,2678,3,,,,,,,,
mig_det_k16_l16_r4_c16_m3_w16g8_d32_s4_q8,det,migration,job_interval,13923,16,,,,,,,,
mig_det_k16_l16_r4_c16_m3_w16g8_d32_s4_q8,det,migration,job_interval,948,1,,,,,,,,
mig_det_k16_l16_r4_c16_m3_w16g8_d32_s4_q8,det,migration,job_interval,1813,2,,,,,,,,
mig_det_k16_l16_r4_c16_m3_w16g8_d32_s4_q8,det,migration,first_done,2.470000e+03,,,,,,,,,
mig_det_k16_l16_r4_c16_m3_w16g8_d32_s4_q8,det,migration,t0,8.300000e+01,,,,,,,,,
mig_det_k16_l16_r4_c16_m3_w16g8_d32_s4_q8,det,migration,t_iter,8.650000e+02,,,,,,,,,
mig_det_k16_l16_r4_c16_m3_w16g8_d32_s4_q8,det,migration,max_resid,0.000000e+00,,,,,,,,,
mig_det_k16_l16_r4_c16_m3_w16g8_d32_s4_q8,det,migration,mm.iter,443,,25,0,25,443,443,0,,
mig_det_k16_l16_r4_c16_m3_w16g8_d32_s4_q8,det,migration,vec.init,82,,6,0,1,82,82,5,83,83
mig_det_k16_l16_r4_c16_m3_w16g8_d32_s4_q8,det,migration,vec.iter,422,,19,0,19,422,422,0,,
mig_det_k16_l16_r4_c16_m3_w16g8_d32_s4_q8,det,migration,vec.last,422,,6,0,6,422,422,0,,
mig_det_k16_l1_r1_c4_m4_w8g0_d32_s3_q4,det,migration,job_interval,18613,2,,,,,,,,
mig_det_k16_l1_r1_c4_m4_w8g0_d32_s3_q4,det,migration,job_interval,27324,3,,,,,,,,
mig_det_k16_l1_r1_c4_m4_w8g0_d32_s3_q4,det,migration,job_interval,140567,16,,,,,,,,
mig_det_k16_l1_r1_c4_m4_w8g0_d32_s3_q4,det,migration,job_interval,9902,1,,,,,,,,
mig_det_k16_l1_r1_c4_m4_w8g0_d32_s3_q4,det,migration,job_interval,18613,2,,,,,,,,
mig_det_k16_l1_r1_c4_m4_w8g0_d32_s3_q4,det,migration,first_done,1.142400e+04,,,,,,,,,
mig_det_k16_l1_r1_c4_m4_w8g0_d32_s3_q4,det,migration,t0,1.191000e+03,,,,,,,,,
mig_det_k16_l1_r1_c4_m4_w8g0_d32_s3_q4,det,migration,t_iter,8.711000e+03,,,,,,,,,
mig_det_k16_l1_r1_c4_m4_w8g0_d32_s3_q4,det,migration,max_resid,0.000000e+00,,,,,,,,,
mig_det_k16_l1_r1_c4_m4_w8g0_d32_s3_q4,det,migration,mm.iter,4778,,25,0,25,4778,4778,0,,
mig_det_k16_l1_r1_c4_m4_w8g0_d32_s3_q4,det,migration,vec.init,1190,,6,0,1,1190,1190,5,1191,1191
mig_det_k16_l1_r1_c4_m4_w8g0_d32_s3_q4,det,migration,vec.iter,3933,,19,0,19,3933,3933,0,,
mig_det_k16_l1_r1_c4_m4_w8g0_d32_s3_q4,det,migration,vec.last,3933,,6,0,6,3933,3933,0,,
mig_vec_k4_l2_w14g0,vec,migration,vec.init,246,,6,0,6,246,246,0,,
mig_vec_k4_l2_w14g0,vec,migration,vec.iter,1607,,7,0,7,1607,1607,0,,
mig_vec_k4_l2_w14g0,vec,migration,vec.last,1607,,6,0,6,1607,1607,0,,
mig_vec_k4_l2_w14g8,vec,migration,vec.init,246,,6,0,6,246,246,0,,
mig_vec_k4_l2_w14g8,vec,migration,vec.iter,2102,,7,0,7,2102,2102,0,,
mig_vec_k4_l2_w14g8,vec,migration,vec.last,2102,,6,0,6,2102,2102,0,,
mig_vec_k4_l4_w16g8,vec,migration,vec.init,118,,6,0,6,118,118,0,,
mig_vec_k4_l4_w16g8,vec,migration,vec.iter,1130,,7,0,7,1130,1130,0,,
mig_vec_k4_l4_w16g8,vec,migration,vec.last,1130,,6,0,6,1130,1130,0,,
mig_vec_k4_l8_w10g8,vec,migration,vec.init,66,,6,0,6,66,66,0,,
mig_vec_k4_l8_w10g8,vec,migration,vec.iter,490,,7,0,7,490,490,0,,
mig_vec_k4_l8_w10g8,vec,migration,vec.last,490,,6,0,6,490,490,0,,
mig_vec_k4_l8_w12g0,vec,migration,vec.init,66,,6,0,6,66,66,0,,
mig_vec_k4_l8_w12g0,vec,migration,vec.iter,391,,7,0,7,391,391,0,,
mig_vec_k4_l8_w12g0,vec,migration,vec.last,391,,6,0,6,391,391,0,,
mig_vec_k4_l8_w14g8,vec,migration,vec.init,66,,6,0,6,66,66,0,,
mig_vec_k4_l8_w14g8,vec,migration,vec.iter,566,,7,0,7,566,566,0,,
mig_vec_k4_l8_w14g8,vec,migration,vec.last,566,,6,0,6,566,566,0,,
mig_vec_k4_l16_w16g0,vec,migration,vec.init,34,,6,0,6,34,34,0,,
mig_vec_k4_l16_w16g0,vec,migration,vec.iter,251,,7,0,7,251,251,0,,
mig_vec_k4_l16_w16g0,vec,migration,vec.last,251,,6,0,6,251,251,0,,
mig_vec_k8_l1_w14g4,vec,migration,vec.init,742,,6,0,6,742,742,0,,
mig_vec_k8_l1_w14g4,vec,migration,vec.iter,4142,,11,0,11,4142,4142,0,,
mig_vec_k8_l1_w14g4,vec,migration,vec.last,4142,,6,0,6,4142,4142,0,,
mig_vec_k8_l8_w8g0,vec,migration,vec.init,90,,6,0,6,90,90,0,,
mig_vec_k8_l8_w8g0,vec,migration,vec.iter,389,,11,0,11,389,389,0,,
mig_vec_k8_l8_w8g0,vec,migration,vec.last,389,,6,0,6,389,389,0,,
mig_vec_k8_l8_w16g4,vec,migration,vec.init,94,,6,0,6,94,94,0,,
mig_vec_k8_l8_w16g4,vec,migration,vec.iter,586,,11,0,11,586,586,0,,
mig_vec_k8_l8_w16g4,vec,migration,vec.last,586,,6,0,6,586,586,0,,
mig_vec_k8_l16_w8g4,vec,migration,vec.init,48,,6,0,6,48,48,0,,
mig_vec_k8_l16_w8g4,vec,migration,vec.iter,241,,11,0,11,241,241,0,,
mig_vec_k8_l16_w8g4,vec,migration,vec.last,241,,6,0,6,241,241,0,,
mig_vec_k8_l16_w14g4,vec,migration,vec.init,52,,6,0,6,52,52,0,,
mig_vec_k8_l16_w14g4,vec,migration,vec.iter,302,,11,0,11,302,302,0,,
mig_vec_k8_l16_w14g4,vec,migration,vec.last,302,,6,0,6,302,302,0,,
mig_mm_k4_r2_c32_m4_w8_l1,mm,migration,mm.iter,360,,13,0,13,360,360,0,,
mig_mm_k4_r4_c16_m3_w8_l1,mm,migration,mm.iter,334,,13,0,13,334,334,0,,
mig_mm_k4_r1_c32_m4_w14_l2,mm,migration,mm.iter,322,,13,0,13,322,322,0,,
mig_mm_k4_r4_c32_m3_w10_l2,mm,migration,mm.iter,190,,13,0,13,190,190,0,,
mig_mm_k4_r2_c4_m3_w14_l4,mm,migration,mm.iter,366,,13,0,13,366,366,0,,
mig_mm_k4_r4_c8_m4_w8_l4,mm,migration,mm.iter,168,,13,0,13,168,168,0,,
mig_mm_k8_r1_c4_m4_w10_l2,mm,migration,mm.iter,1562,,17,0,17,1562,1562,0,,
mig_mm_k8_r4_c8_m4_w8_l2,mm,migration,mm.iter,494,,17,0,17,494,494,0,,
mig_mm_k8_r1_c8_m3_w14_l4,mm,migration,mm.iter,954,,17,0,17,954,954,0,,
mig_mm_k16_r4_c32_m3_w8_l2,mm,migration,mm.iter,778,,25,0,25,778,778,0,,
mig_mm_k16_r4_c16_m3_w12_l4,mm,migration,mm.iter,642,,25,0,25,642,642,0,,
mig_mm_k16_r4_c16_m3_w16_l8,mm,migration,mm.iter,514,,25,0,25,514,514,0,,
mig_det_k4_l1_r4_c8_m4_w16g4_d64_s2_q2,det,migration,job_interval,8835,2,,,,,,,,
mig_det_k4_l1_r4_c8_m4_w16g4_d64_s2_q2,det,migration,job_interval,13025,3,,,,,,,,
mig_det_k4_l1_r4_c8_m4_w16g4_d64_s2_q2,det,migration,job_interval,17215,4,,,,,,,,
mig_det_k4_l1_r4_c8_m4_w16g4_d64_s2_q2,det,migration,job_interval,4645,1,,,,,,,,
mig_det_k4_l1_r4_c8_m4_w16g4_d64_s2_q2,det,migration,job_interval,8835,2,,,,,,,,
mig_det_k4_l1_r4_c8_m4_w16g4_d64_s2_q2,det,migration,first_done,4.888000e+03,,,,,,,,,
mig_det_k4_l1_r4_c8_m4_w16g4_d64_s2_q2,det,migration,t0,4.550000e+02,,,,,,,,,
mig_det_k4_l1_r4_c8_m4_w16g4_d64_s2_q2,det,migration,t_iter,4.190000e+03,,,,,,,,,
mig_det_k4_l1_r4_c8_m4_w16g4_d64_s2_q2,det,migration,max_resid,0.000000e+00,,,,,,,,,
mig_det_k4_l1_r4_c8_m4_w16g4_d64_s2_q2,det,migration,mm.iter,364,,13,0,13,364,364,0,,
mig_det_k4_l1_r4_c8_m4_w16g4_d64_s2_q2,det,migration,vec.init,454,,6,0,1,454,454,5,455,455
mig_det_k4_l1_r4_c8_m4_w16g4_d64_s2_q2,det,migration,vec.iter,3826,,7,0,7,3826,3826,0,,
mig_det_k4_l1_r4_c8_m4_w16g4_d64_s2_q2,det,migration,vec.last,3826,,6,0,6,3826,3826,0,,
mig_det_k4_l1_r4_c16_m4_w12g4_d32_s2_q4,det,migration,job_interval,8017,2,,,,,,,,
mig_det_k4_l1_r4_c16_m4_w12g4_d32_s2_q4,det,migration,job_interval,11782,3,,,,,,,,
mig_det_k4_l1_r4_c16_m4_w12g4_d32_s2_q4,det,migration,job_interval,15547,4,,,,,,,,
mig_det_k4_l1_r4_c16_m4_w12g4_d32_s2_q4,det,migration,job_interval,4252,1,,,,,,,,
mig_det_k4_l1_r4_c16_m4_w12g4_d32_s2_q4,det,migration,job_interval,8017,2,,,,,,,,
mig_det_k4_l1_r4_c16_m4_w12g4_d32_s2_q4,det,migration,first_done,4.655000e+03,,,,,,,,,
mig_det_k4_l1_r4_c16_m4_w12g4_d32_s2_q4,det,migration,t0,4.870000e+02,,,,,,,,,
mig_det_k4_l1_r4_c16_m4_w12g4_d32_s2_q4,det,migration,t_iter,3.765000e+03,,,,,,,,,
mig_det_k4_l1_r4_c16_m4_w12g4_d32_s2_q4,det,migration,max_resid,0.000000e+00,,,,,,,,,
mig_det_k4_l1_r4_c16_m4_w12g4_d32_s2_q4,det,migration,mm.iter,330,,13,0,13,330,330,0,,
mig_det_k4_l1_r4_c16_m4_w12g4_d32_s2_q4,det,migration,vec.init,486,,6,0,1,486,486,5,487,487
mig_det_k4_l1_r4_c16_m4_w12g4_d32_s2_q4,det,migration,vec.iter,3435,,7,0,7,3435,3435,0,,
mig_det_k4_l1_r4_c16_m4_w12g4_d32_s2_q4,det,migration,vec.last,3435,,6,0,6,3435,3435,0,,
mig_det_k4_l2_r2_c8_m4_w12g0_d32_s4_q4,det,migration,job_interval,3785,2,,,,,,,,
mig_det_k4_l2_r2_c8_m4_w12g0_d32_s4_q4,det,migration,job_interval,5554,3,,,,,,,,
mig_det_k4_l2_r2_c8_m4_w12g0_d32_s4_q4,det,migration,job_interval,7323,4,,,,,,,,
mig_det_k4_l2_r2_c8_m4_w12g0_d32_s4_q4,det,migration,job_interval,2016,1,,,,,,,,
mig_det_k4_l2_r2_c8_m4_w12g0_d32_s4_q4,det,migration,job_interval,3785,2,,,,,,,,
mig_det_k4_l2_r2_c8_m4_w12g0_d32_s4_q4,det,migration,first_done,2.420000e+03,,,,,,,,,
mig_det_k4_l2_r2_c8_m4_w12g0_d32_s4_q4,det,migration,t0,2.470000e+02,,,,,,,,,
mig_det_k4_l2_r2_c8_m4_w12g0_d32_s4_q4,det,migration,t_iter,1.769000e+03,,,,,,,,,
mig_det_k4_l2_r2_c8_m4_w12g0_d32_s4_q4,det,migration,max_resid,0.000000e+00,,,,,,,,,
mig_det_k4_l2_r2_c8_m4_w12g0_d32_s4_q4,det,migration,mm.iter,310,,13,0,13,310,310,0,,
mig_det_k4_l2_r2_c8_m4_w12g0_d32_s4_q4,det,migration,vec.init,246,,6,0,1,246,246,5,247,247
mig_det_k4_l2_r2_c8_m4_w12g0_d32_s4_q4,det,migration,vec.iter,1459,,7,0,7,1459,1459,0,,
mig_det_k4_l2_r2_c8_m4_w12g0_d32_s4_q4,det,migration,vec.last,1459,,6,0,6,1459,1459,0,,
mig_det_k4_l2_r4_c8_m3_w8g8_d32_s3_q4,det,migration,job_interval,4085,2,,,,,,,,
mig_det_k4_l2_r4_c8_m3_w8g8_d32_s3_q4,det,migration,job_interval,6020,3,,,,,,,,
mig_det_k4_l2_r4_c8_m3_w8g8_d32_s3_q4,det,migration,job_interval,7955,4,,,,,,,,
mig_det_k4_l2_r4_c8_m3_w8g8_d32_s3_q4,det,migration,job_interval,2150,1,,,,,,,,
mig_det_k4_l2_r4_c8_m3_w8g8_d32_s3_q4,det,migration,job_interval,4085,2,,,,,,,,
mig_det_k4_l2_r4_c8_m3_w8g8_d32_s3_q4,det,migration,first_done,2.554000e+03,,,,,,,,,
mig_det_k4_l2_r4_c8_m3_w8g8_d32_s3_q4,det,migration,t0,2.150000e+02,,,,,,,,,
mig_det_k4_l2_r4_c8_m3_w8g8_d32_s3_q4,det,migration,t_iter,1.935000e+03,,,,,,,,,
mig_det_k4_l2_r4_c8_m3_w8g8_d32_s3_q4,det,migration,max_resid,0.000000e+00,,,,,,,,,
mig_det_k4_l2_r4_c8_m3_w8g8_d32_s3_q4,det,migration,mm.iter,244,,13,0,13,244,244,0,,
mig_det_k4_l2_r4_c8_m3_w8g8_d32_s3_q4,det,migration,vec.init,214,,6,0,1,214,214,5,215,215
mig_det_k4_l2_r4_c8_m3_w8g8_d32_s3_q4,det,migration,vec.iter,1691,,7,0,7,1691,1691,0,,
mig_det_k4_l2_r4_c8_m3_w8g8_d32_s3_q4,det,migration,vec.last,1691,,6,0,6,1691,1691,0,,
mig_det_k4_l2_r4_c16_m3_w14g8_d64_s2_q4,det,migration,job_interval,4867,2,,,,,,,,
mig_det_k4_l2_r4_c16_m3_w14g8_d64_s2_q4,det,migration,job_interval,7177,3,,,,,,,,
mig_det_k4_l2_r4_c16_m3_w14g8_d64_s2_q4,det,migration,job_interval,9487,4,,,,,,,,
mig_det_k4_l2_r4_c16_m3_w14g8_d64_s2_q4,det,migration,job_interval,2557,1,,,,,,,,
mig_det_k4_l2_r4_c16_m3_w14g8_d64_s2_q4,det,migration,job_interval,4867,2,,,,,,,,
mig_det_k4_l2_r4_c16_m3_w14g8_d64_s2_q4,det,migration,first_done,2.801000e+03,,,,,,,,,
mig_det_k4_l2_r4_c16_m3_w14g8_d64_s2_q4,det,migration,t0,2.470000e+02,,,,,,,,,
mig_det_k4_l2_r4_c16_m3_w14g8_d64_s2_q4,det,migration,t_iter,2.310000e+03,,,,,,,,,
mig_det_k4_l2_r4_c16_m3_w14g8_d64_s2_q4,det,migration,max_resid,0.000000e+00,,,,,,,,,
mig_det_k4_l2_r4_c16_m3_w14g8_d64_s2_q4,det,migration,mm.iter,208,,13,0,13,208,208,0,,
mig_det_k4_l2_r4_c16_m3_w14g8_d64_s2_q4,det,migration,vec.init,246,,6,0,1,246,246,5,247,247
mig_det_k4_l2_r4_c16_m3_w14g8_d64_s2_q4,det,migration,vec.iter,2102,,7,0,7,2102,2102,0,,
mig_det_k4_l2_r4_c16_m3_w14g8_d64_s2_q4,det,migration,vec.last,2102,,6,0,6,2102,2102,0,,
mig_det_k4_l16_r2_c32_m3_w12g0_d64_s2_q8,det,migration,job_interval,711,2,,,,,,,,
mig_det_k4_l16_r2_c32_m3_w12g0_d64_s2_q8,det,migration,job_interval,1048,3,,,,,,,,
mig_det_k4_l16_r2_c32_m3_w12g0_d64_s2_q8,det,migration,job_interval,1385,4,,,,,,,,
mig_det_k4_l16_r2_c32_m3_w12g0_d64_s2_q8,det,migration,job_interval,374,1,,,,,,,,
mig_det_k4_l16_r2_c32_m3_w12g0_d64_s2_q8,det,migration,job_interval,711,2,,,,,,,,
mig_det_k4_l16_r2_c32_m3_w12g0_d64_s2_q8,det,migration,first_done,6.190000e+02,,,,,,,,,
mig_det_k4_l16_r2_c32_m3_w12g0_d64_s2_q8,det,migration,t0,3.700000e+01,,,,,,,,,
mig_det_k4_l16_r2_c32_m3_w12g0_d64_s2_q8,det,migration,t_iter,3.370000e+02,,,,,,,,,
mig_det_k4_l16_r2_c32_m3_w12g0_d64_s2_q8,det,migration,max_resid,0.000000e+00,,,,,,,,,
mig_det_k4_l16_r2_c32_m3_w12g0_d64_s2_q8,det,migration,mm.iter,124,,13,0,13,124,124,0,,
mig_det_k4_l16_r2_c32_m3_w12g0_d64_s2_q8,det,migration,vec.init,36,,6,0,1,36,36,5,37,37
mig_det_k4_l16_r2_c32_m3_w12g0_d64_s2_q8,det,migration,vec.iter,213,,7,0,7,213,213,0,,
mig_det_k4_l16_r2_c32_m3_w12g0_d64_s2_q8,det,migration,vec.last,213,,6,0,6,213,213,0,,
mig_det_k8_l1_r1_c16_m3_w16g4_d32_s2_q2,det,migration,job_interval,11519,2,,,,,,,,
mig_det_k8_l1_r1_c16_m3_w16g4_d32_s2_q2,det,migration,job_interval,16923,3,,,,,,,,
mig_det_k8_l1_r1_c16_m3_w16g4_d32_s2_q2,det,migration,job_interval,43943,8,,,,,,,,
mig_det_k8_l1_r1_c16_m3_w16g4_d32_s2_q2,det,migration,job_interval,6115,1,,,,,,,,
mig_det_k8_l1_r1_c16_m3_w16g4_d32_s2_q2,det,migration,job_interval,11519,2,,,,,,,,
mig_det_k8_l1_r1_c16_m3_w16g4_d32_s2_q2,det,migration,first_done,6.856000e+03,,,,,,,,,
mig_det_k8_l1_r1_c16_m3_w16g4_d32_s2_q2,det,migration,t0,7.110000e+02,,,,,,,,,
mig_det_k8_l1_r1_c16_m3_w16g4_d32_s2_q2,det,migration,t_iter,5.404000e+03,,,,,,,,,
mig_det_k8_l1_r1_c16_m3_w16g4_d32_s2_q2,det,migration,max_resid,0.000000e+00,,,,,,,,,
mig_det_k8_l1_r1_c16_m3_w16g4_d32_s2_q2,det,migration,mm.iter,1066,,17,0,17,1066,1066,0,,
mig_det_k8_l1_r1_c16_m3_w16g4_d32_s2_q2,det,migration,vec.init,710,,6,0,1,710,710,5,711,711
mig_det_k8_l1_r1_c16_m3_w16g4_d32_s2_q2,det,migration,vec.iter,4338,,11,0,11,4338,4338,0,,
mig_det_k8_l1_r1_c16_m3_w16g4_d32_s2_q2,det,migration,vec.last,4338,,6,0,6,4338,4338,0,,
mig_det_k8_l4_r1_c4_m4_w12g4_d64_s2_q4,det,migration,job_interval,3777,2,,,,,,,,
mig_det_k8_l4_r1_c4_m4_w12g4_d64_s2_q4,det,migration,job_interval,5570,3,,,,,,,,
mig_det_k8_l4_r1_c4_m4_w12g4_d64_s2_q4,det,migration,job_interval,14535,8,,,,,,,,
mig_det_k8_l4_r1_c4_m4_w12g4_d64_s2_q4,det,migration,job_interval,1984,1,,,,,,,,
mig_det_k8_l4_r1_c4_m4_w12g4_d64_s2_q4,det,migration,job_interval,3777,2,,,,,,,,
mig_det_k8_l4_r1_c4_m4_w12g4_d64_s2_q4,det,migration,first_done,2.398000e+03,,,,,,,,,
mig_det_k8_l4_r1_c4_m4_w12g4_d64_s2_q4,det,migration,t0,1.910000e+02,,,,,,,,,
mig_det_k8_l4_r1_c4_m4_w12g4_d64_s2_q4,det,migration,t_iter,1.793000e+03,,,,,,,,,
mig_det_k8_l4_r1_c4_m4_w12g4_d64_s2_q4,det,migration,max_resid,0.000000e+00,,,,,,,,,
mig_det_k8_l4_r1_c4_m4_w12g4_d64_s2_q4,det,migration,mm.iter,782,,17,0,17,782,782,0,,
mig_det_k8_l4_r1_c4_m4_w12g4_d64_s2_q4,det,migration,vec.init,190,,6,0,1,190,190,5,191,191
mig_det_k8_l4_r1_c4_m4_w12g4_d64_s2_q4,det,migration,vec.iter,1011,,11,0,11,1011,1011,0,,
mig_det_k8_l4_r1_c4_m4_w12g4_d64_s2_q4,det,migration,vec.last,1011,,6,0,6,1011,1011,0,,
mig_det_k8_l4_r8_c32_m4_w12g4_d32_s4_q2,det,migration,job_interval,2605,2,,,,,,,,
mig_det_k8_l4_r8_c32_m4_w12g4_d32_s4_q2,det,migration,job_interval,3812,3,,,,,,,,
mig_det_k8_l4_r8_c32_m4_w12g4_d32_s4_q2,det,migration,job_interval,9847,8,,,,,,,,
mig_det_k8_l4_r8_c32_m4_w12g4_d32_s4_q2,det,migration,job_interval,1398,1,,,,,,,,
mig_det_k8_l4_r8_c32_m4_w12g4_d32_s4_q2,det,migration,job_interval,2605,2,,,,,,,,
mig_det_k8_l4_r8_c32_m4_w12g4_d32_s4_q2,det,migration,first_done,2.141000e+03,,,,,,,,,
mig_det_k8_l4_r8_c32_m4_w12g4_d32_s4_q2,det,migration,t0,1.910000e+02,,,,,,,,,
mig_det_k8_l4_r8_c32_m4_w12g4_d32_s4_q2,det,migration,t_iter,1.207000e+03,,,,,,,,,
mig_det_k8_l4_r8_c32_m4_w12g4_d32_s4_q2,det,migration,max_resid,0.000000e+00,,,,,,,,,
mig_det_k8_l4_r8_c32_m4_w12g4_d32_s4_q2,det,migration,mm.iter,196,,17,0,17,196,196,0,,
mig_det_k8_l4_r8_c32_m4_w12g4_d32_s4_q2,det,migration,vec.init,190,,6,0,1,190,190,5,191,191
mig_det_k8_l4_r8_c32_m4_w12g4_d32_s4_q2,det,migration,vec.iter,1011,,11,0,11,1011,1011,0,,
mig_det_k8_l4_r8_c32_m4_w12g4_d32_s4_q2,det,migration,vec.last,1011,,6,0,6,1011,1011,0,,
mig_det_k16_l2_r2_c4_m4_w8g0_d32_s2_q8,det,migration,job_interval,9605,2,,,,,,,,
mig_det_k16_l2_r2_c4_m4_w8g0_d32_s2_q8,det,migration,job_interval,14108,3,,,,,,,,
mig_det_k16_l2_r2_c4_m4_w8g0_d32_s2_q8,det,migration,job_interval,72647,16,,,,,,,,
mig_det_k16_l2_r2_c4_m4_w8g0_d32_s2_q8,det,migration,job_interval,5102,1,,,,,,,,
mig_det_k16_l2_r2_c4_m4_w8g0_d32_s2_q8,det,migration,job_interval,9605,2,,,,,,,,
mig_det_k16_l2_r2_c4_m4_w8g0_d32_s2_q8,det,migration,first_done,6.625000e+03,,,,,,,,,
mig_det_k16_l2_r2_c4_m4_w8g0_d32_s2_q8,det,migration,t0,5.990000e+02,,,,,,,,,
mig_det_k16_l2_r2_c4_m4_w8g0_d32_s2_q8,det,migration,t_iter,4.503000e+03,,,,,,,,,
mig_det_k16_l2_r2_c4_m4_w8g0_d32_s2_q8,det,migration,max_resid,0.000000e+00,,,,,,,,,
mig_det_k16_l2_r2_c4_m4_w8g0_d32_s2_q8,det,migration,mm.iter,2522,,25,0,25,2522,2522,0,,
mig_det_k16_l2_r2_c4_m4_w8g0_d32_s2_q8,det,migration,vec.init,598,,6,0,1,598,598,5,599,599
mig_det_k16_l2_r2_c4_m4_w8g0_d32_s2_q8,det,migration,vec.iter,1981,,19,0,19,1981,1981,0,,
mig_det_k16_l2_r2_c4_m4_w8g0_d32_s2_q8,det,migration,vec.last,1981,,6,0,6,1981,1981,0,,
mig_vec_k16_l1_w14g8,vec,migration,vec.init,1254,,6,0,6,1254,1254,0,,
mig_vec_k16_l1_w14g8,vec,migration,vec.iter,5686,,19,0,19,5686,5686,0,,
mig_vec_k16_l1_w14g8,vec,migration,vec.last,5686,,6,0,6,5686,5686,0,,
mig_vec_k16_l8_w14g0,vec,migration,vec.init,162,,6,0,6,162,162,0,,
mig_vec_k16_l8_w14g0,vec,migration,vec.iter,623,,19,0,19,623,623,0,,
mig_vec_k16_l8_w14g0,vec,migration,vec.last,623,,6,0,6,623,623,0,,
mig_mm_k16_r2_c32_m4_w14_l16,mm,migration,mm.iter,563,,25,0,25,563,563,0,,
mig_mm_k16_r8_c4_m4_w16_l1,mm,migration,mm.iter,1630,,25,0,25,1630,1630,0,,
mig_det_k16_l16_r8_c16_m3_w10g0_d32_s3_q2,det,migration,job_interval,1409,2,,,,,,,,
mig_det_k16_l16_r8_c16_m3_w10g0_d32_s3_q2,det,migration,job_interval,1762,3,,,,,,,,
mig_det_k16_l16_r8_c16_m3_w10g0_d32_s3_q2,det,migration,job_interval,9029,16,,,,,,,,
mig_det_k16_l16_r8_c16_m3_w10g0_d32_s3_q2,det,migration,job_interval,666,1,,,,,,,,
mig_det_k16_l16_r8_c16_m3_w10g0_d32_s3_q2,det,migration,job_interval,1187,2,,,,,,,,
mig_det_k16_l16_r8_c16_m3_w10g0_d32_s3_q2,det,migration,first_done,2.167000e+03,,,,,,,,,
mig_det_k16_l16_r8_c16_m3_w10g0_d32_s3_q2,det,migration,t0,1.460076e+02,,,,,,,,,
mig_det_k16_l16_r8_c16_m3_w10g0_d32_s3_q2,det,migration,t_iter,5.551234e+02,,,,,,,,,
mig_det_k16_l16_r8_c16_m3_w10g0_d32_s3_q2,det,migration,max_resid,1.527456e+02,,,,,,,,,
mig_det_k16_l16_r8_c16_m3_w10g0_d32_s3_q2,det,migration,mm.iter,270,,25,0,25,270,270,0,,
mig_det_k16_l16_r8_c16_m3_w10g0_d32_s3_q2,det,migration,vec.init,84,,6,0,2,84,84,4,85,91
mig_det_k16_l16_r8_c16_m3_w10g0_d32_s3_q2,det,migration,vec.iter,289,,19,0,19,289,289,0,,
mig_det_k16_l16_r8_c16_m3_w10g0_d32_s3_q2,det,migration,vec.last,289,,6,0,6,289,289,0,,
mig_det_k16_l2_r16_c16_m4_w8g0_d32_s4_q4,det,migration,job_interval,5833,2,,,,,,,,
mig_det_k16_l2_r16_c16_m4_w8g0_d32_s4_q4,det,migration,job_interval,8450,3,,,,,,,,
mig_det_k16_l2_r16_c16_m4_w8g0_d32_s4_q4,det,migration,job_interval,42471,16,,,,,,,,
mig_det_k16_l2_r16_c16_m4_w8g0_d32_s4_q4,det,migration,job_interval,3216,1,,,,,,,,
mig_det_k16_l2_r16_c16_m4_w8g0_d32_s4_q4,det,migration,job_interval,5833,2,,,,,,,,
mig_det_k16_l2_r16_c16_m4_w8g0_d32_s4_q4,det,migration,first_done,4.739000e+03,,,,,,,,,
mig_det_k16_l2_r16_c16_m4_w8g0_d32_s4_q4,det,migration,t0,5.990000e+02,,,,,,,,,
mig_det_k16_l2_r16_c16_m4_w8g0_d32_s4_q4,det,migration,t_iter,2.617000e+03,,,,,,,,,
mig_det_k16_l2_r16_c16_m4_w8g0_d32_s4_q4,det,migration,max_resid,0.000000e+00,,,,,,,,,
mig_det_k16_l2_r16_c16_m4_w8g0_d32_s4_q4,det,migration,mm.iter,636,,25,0,25,636,636,0,,
mig_det_k16_l2_r16_c16_m4_w8g0_d32_s4_q4,det,migration,vec.init,598,,6,0,1,598,598,5,599,599
mig_det_k16_l2_r16_c16_m4_w8g0_d32_s4_q4,det,migration,vec.iter,1981,,19,0,19,1981,1981,0,,
mig_det_k16_l2_r16_c16_m4_w8g0_d32_s4_q4,det,migration,vec.last,1981,,6,0,6,1981,1981,0,,
mig_mm_k8_r4_c8_m4_w12_l2,mm,migration,mm.iter,494,,17,0,17,494,494,0,,
mig_mm_k8_r1_c4_m4_w8_l2,mm,migration,mm.iter,1562,,17,0,17,1562,1562,0,,
mig_mm_k8_r1_c4_m4_w16_l2,mm,migration,mm.iter,1626,,17,0,17,1626,1626,0,,
mig_mm_k8_r8_c32_m4_w8_l2,mm,migration,mm.iter,324,,17,0,17,324,324,0,,
mig_mm_k8_r8_c32_m4_w16_l2,mm,migration,mm.iter,324,,17,0,17,324,324,0,,
mig_mm_k16_r16_c16_m4_w8_l2,mm,migration,mm.iter,636,,25,0,25,636,636,0,,
mig_mm_k16_r16_c16_m4_w16_l2,mm,migration,mm.iter,636,,25,0,25,636,636,0,,
mig_mm_k16_r1_c32_m4_w8_l2,mm,migration,mm.iter,1450,,25,0,25,1450,1450,0,,
mig_mm_k16_r1_c32_m4_w16_l2,mm,migration,mm.iter,1450,,25,0,25,1450,1450,0,,
mig_mm_k8_r4_c16_m4_w12_l16,mm,migration,mm.iter,182,,17,0,17,182,182,0,,
mig_mm_k8_r1_c16_m4_w8_l16,mm,migration,mm.iter,538,,17,0,17,538,538,0,,
mig_mm_k8_r1_c16_m4_w16_l16,mm,migration,mm.iter,554,,17,0,17,554,554,0,,
mig_mm_k8_r8_c32_m4_w8_l16,mm,migration,mm.iter,99,,17,0,17,99,99,0,,
mig_mm_k8_r8_c32_m4_w16_l16,mm,migration,mm.iter,100,,17,0,17,100,100,0,,
mig_mm_k16_r16_c16_m4_w8_l16,mm,migration,mm.iter,184,,25,0,25,184,184,0,,
mig_mm_k16_r16_c16_m4_w16_l16,mm,migration,mm.iter,186,,25,0,25,186,186,0,,
mig_mm_k16_r1_c32_m4_w8_l16,mm,migration,mm.iter,1003,,25,0,25,1003,1003,0,,
mig_mm_k16_r1_c32_m4_w16_l16,mm,migration,mm.iter,1019,,25,0,25,1019,1019,0,,
mig_mm_k8_r1_c8_m4_w12_l8,mm,migration,mm.iter,525,,17,0,17,525,525,0,,
mig_mm_k4_r2_c4_m3_w10_l2,mm,migration,mm.iter,446,,13,0,13,446,446,0,,
mig_mm_k4_r2_c8_m3_w10_l2,mm,migration,mm.iter,326,,13,0,13,326,326,0,,
mig_mm_k4_r4_c4_m3_w16_l2,mm,migration,mm.iter,316,,13,0,13,316,316,0,,
mig_mm_k8_r8_c16_m4_w8_l16,mm,migration,mm.iter,120,,17,0,17,120,120,0,,
mig_mm_k16_r1_c32_m3_w14_l16,mm,migration,mm.iter,1018,,25,0,25,1018,1018,0,,
mig_mm_k16_r1_c32_m4_w10_l16,mm,migration,mm.iter,1003,,25,0,25,1003,1003,0,,
