L,L_log2L,span,current_dly,end
64.0,384.0,117.1063829787235,101.10638297872343,2.092425531914894e-06
64.0,384.0,117.10638297872346,101.10638297872343,3.596425531914894e-06
64.0,384.0,117.10638297872346,101.10638297872343,5.068425531914894e-06
64.0,384.0,117.10638297872346,101.10638297872343,6.480425531914893e-06
64.0,384.0,117.10638297872346,101.10638297872343,7.900425531914893e-06
64.0,384.0,117.10638297872346,101.10638297872343,9.252425531914893e-06
64.0,384.0,117.10638297872346,101.10638297872343,1.0612425531914892e-05
64.0,384.0,117.10638297872346,101.10638297872343,1.1960425531914892e-05
64.0,384.0,117.10638297872346,101.10638297872343,1.334842553191489e-05
64.0,384.0,117.10638297872346,101.10638297872343,1.490042553191489e-05
64.0,384.0,117.10638297872346,101.10638297872343,1.640842553191489e-05
64.0,384.0,117.10638297872346,101.10638297872343,1.798442553191489e-05
64.0,384.0,117.10638297872346,101.10638297872343,1.9456425531914892e-05
64.0,384.0,117.10638297872346,101.10638297872343,2.0952425531914893e-05
64.0,384.0,117.10638297872346,101.10638297872343,2.2544425531914894e-05
64.0,384.0,117.10638297872346,101.10638297872343,2.4072425531914897e-05
64.0,384.0,117.10638297872346,101.10638297872343,2.5576425531914898e-05
64.0,384.0,117.10638297872346,101.10638297872343,2.70564255319149e-05
64.0,384.0,117.10638297872346,101.10638297872343,2.8540425531914902e-05
64.0,384.0,117.10638297872346,101.10638297872343,3.0120425531914904e-05
64.0,384.0,117.1063829787226,101.10638297872343,3.15324255319149e-05
64.0,384.0,117.1063829787226,101.10638297872343,3.30844255319149e-05
64.0,384.0,117.1063829787226,101.10638297872343,3.459642553191489e-05
64.0,384.0,117.1063829787226,101.10638297872343,3.594042553191489e-05
64.0,384.0,117.1063829787226,101.10638297872343,3.738442553191489e-05
64.0,384.0,117.1063829787226,101.10638297872343,3.8944425531914886e-05
64.0,384.0,117.1063829787226,101.10638297872343,4.042842553191489e-05
64.0,384.0,117.1063829787226,101.10638297872343,4.1780425531914884e-05
64.0,384.0,117.1063829787226,101.10638297872343,4.3316425531914884e-05
64.0,384.0,117.1063829787226,101.10638297872343,4.484442553191488e-05
64.0,384.0,117.1063829787226,101.10638297872343,4.640442553191488e-05
64.0,384.0,117.1063829787226,101.10638297872343,4.779242553191488e-05
64.0,384.0,117.1063829787226,101.10638297872343,4.9156425531914876e-05
64.0,384.0,117.1063829787226,101.10638297872343,5.0720425531914876e-05
64.0,384.0,117.1063829787226,101.10638297872343,5.206842553191488e-05
64.0,384.0,117.1063829787226,101.10638297872343,5.354842553191488e-05
64.0,384.0,117.1063829787226,101.10638297872343,5.491242553191487e-05
64.0,384.0,117.1063829787226,101.10638297872343,5.633242553191487e-05
64.0,384.0,117.1063829787226,101.10638297872343,5.779642553191487e-05
64.0,384.0,117.1063829787226,101.10638297872343,5.9248425531914866e-05
64.0,384.0,117.1063829787226,101.10638297872343,6.069242553191486e-05
64.0,384.0,117.10638297872599,101.10638297872343,6.204042553191488e-05
64.0,384.0,117.10638297872599,101.10638297872343,6.338442553191488e-05
64.0,384.0,117.10638297872599,101.10638297872343,6.475642553191488e-05
64.0,384.0,117.10638297872599,101.10638297872343,6.610042553191489e-05
64.0,384.0,117.10638297872599,101.10638297872343,6.76124255319149e-05
64.0,384.0,117.10638297872599,101.10638297872343,6.908842553191491e-05
