component,index,L,L_log2L,blocked,span
vitis_fft_task_16_2_18_2_0_0.proc,1,1024.0,10240.0,0,1995
vitis_fft_task_16_2_18_2_0_0.proc,2,1024.0,10240.0,0,2303
vitis_fft_task_16_2_18_2_0_0.proc,3,1024.0,10240.0,0,2100
vitis_fft_task_16_2_18_2_0_0.proc,4,1024.0,10240.0,0,2144
vitis_fft_task_16_2_18_2_0_0.proc,5,1024.0,10240.0,0,2149
vitis_fft_task_16_2_18_2_0_0.proc,6,1024.0,10240.0,0,2304
vitis_fft_task_16_2_18_2_0_0.proc,7,1024.0,10240.0,0,2031
vitis_fft_task_16_2_18_2_0_0.proc,8,1024.0,10240.0,0,2304
vitis_fft_task_16_2_18_2_0_0.proc,9,1024.0,10240.0,0,2304
vitis_fft_task_16_2_18_2_0_0.proc,10,1024.0,10240.0,0,1964
vitis_fft_task_16_2_18_2_0_0.proc,11,1024.0,10240.0,0,2259
vitis_fft_task_16_2_18_2_0_0.proc,12,1024.0,10240.0,0,2285
vitis_fft_task_16_2_18_2_0_0.proc,13,1024.0,10240.0,0,2090
vitis_fft_task_16_2_18_2_0_0.proc,14,1024.0,10240.0,0,2304
vitis_fft_task_16_2_18_2_0_0.proc,15,1024.0,10240.0,0,2304
vitis_fft_task_16_2_18_2_0_0.proc,16,1024.0,10240.0,0,1968
vitis_fft_task_16_2_18_2_0_0.proc,17,1024.0,10240.0,0,2281
vitis_fft_task_16_2_18_2_0_0.proc,18,1024.0,10240.0,0,2045
vitis_fft_task_16_2_18_2_0_0.proc,19,1024.0,10240.0,0,2304
vitis_fft_task_16_2_18_2_0_0.proc,20,1024.0,10240.0,0,2304
vitis_fft_task_16_2_18_2_0_0.proc,21,1024.0,10240.0,0,2304
vitis_fft_task_16_2_18_2_0_0.proc,22,1024.0,10240.0,0,1956
vitis_fft_task_16_2_18_2_0_0.proc,23,1024.0,10240.0,0,2230
vitis_fft_task_16_2_18_2_0_0.proc,24,1024.0,10240.0,0,1908
vitis_fft_task_16_2_18_2_0_0.proc,25,1024.0,10240.0,0,2304
vitis_fft_task_16_2_18_2_0_0.proc,26,1024.0,10240.0,0,1908
vitis_fft_task_16_2_18_2_0_0.proc,27,1024.0,10240.0,0,2301
vitis_fft_task_16_2_18_2_0_0.proc,28,1024.0,10240.0,0,1947
vitis_fft_task_16_2_18_2_0_0.proc,29,1024.0,10240.0,0,2124
vitis_fft_task_16_2_18_2_0_0.proc,30,1024.0,10240.0,0,2304
vitis_fft_task_16_2_18_2_0_0.proc,31,1024.0,10240.0,0,2304
vitis_fft_task_16_2_18_2_0_0.proc,32,1024.0,10240.0,0,1932
vitis_fft_task_16_2_18_2_0_0.proc,33,1024.0,10240.0,0,2161
vitis_fft_task_16_2_18_2_0_0.proc,34,1024.0,10240.0,0,2238
vitis_fft_task_16_2_18_2_0_0.proc,35,1024.0,10240.0,0,2304
vitis_fft_task_16_2_18_2_0_0.proc,36,1024.0,10240.0,0,2302
vitis_fft_task_16_2_18_2_0_0.proc,37,1024.0,10240.0,0,2304
vitis_fft_task_16_2_18_2_0_0.proc,38,1024.0,10240.0,0,1914
vitis_fft_task_16_2_18_2_0_0.proc,39,1024.0,10240.0,0,2304
vitis_fft_task_16_2_18_2_0_0.proc,40,1024.0,10240.0,0,2270
vitis_fft_task_16_2_18_2_0_0.proc,41,1024.0,10240.0,0,2178
vitis_fft_task_16_2_18_2_0_0.proc,42,1024.0,10240.0,0,2304
vitis_fft_task_16_2_18_2_0_0.proc,43,1024.0,10240.0,0,2145
vitis_fft_task_16_2_18_2_0_0.proc,44,1024.0,10240.0,0,2304
vitis_fft_task_16_2_18_2_0_0.proc,45,1024.0,10240.0,0,2010
vitis_fft_task_16_2_18_2_0_0.proc,46,1024.0,10240.0,0,2284
vitis_fft_task_16_2_18_2_0_0.proc,47,1024.0,10240.0,0,2066
