n_cores,l1_kb,l2_kb,role
1,16,256,fit
1,16,512,fit
1,16,768,fit
1,16,1024,fit
1,16,1536,fit
1,16,2048,fit
1,32,256,fit
1,32,512,fit
1,32,768,fit
1,32,1024,fit
1,32,1536,fit
1,32,2048,fit
1,48,256,fit
1,48,512,fit
1,48,768,fit
1,48,1024,fit
1,48,1536,fit
1,48,2048,fit
1,64,256,fit
1,64,512,fit
1,64,768,fit
1,64,1024,fit
1,64,1536,fit
1,64,2048,fit
2,16,256,fit
2,16,512,fit
2,16,768,fit
2,16,1024,fit
2,16,1536,fit
2,16,2048,fit
2,32,256,fit
2,32,2048,fit
2,48,256,fit
2,48,2048,fit
2,64,256,fit
2,64,512,fit
2,64,768,fit
2,64,1024,fit
2,64,1536,fit
2,64,2048,fit
3,16,256,fit
3,16,512,fit
3,16,768,fit
3,16,1024,fit
3,16,1536,fit
3,16,2048,fit
3,32,256,fit
3,32,2048,fit
3,48,256,fit
3,48,2048,fit
3,64,256,fit
3,64,512,fit
3,64,768,fit
3,64,1024,fit
3,64,1536,fit
3,64,2048,fit
4,16,256,fit
4,16,512,fit
4,16,768,fit
4,16,1024,fit
4,16,1536,fit
4,16,2048,fit
4,32,256,fit
4,32,512,fit
4,32,768,fit
4,32,1024,fit
4,32,1536,fit
4,32,2048,fit
4,48,256,fit
4,48,512,fit
4,48,768,fit
4,48,1024,fit
4,48,1536,fit
4,48,2048,fit
4,64,256,fit
4,64,512,fit
4,64,768,fit
4,64,1024,fit
4,64,1536,fit
4,64,2048,fit
2,32,512,validation
2,32,768,test
2,32,1024,validation
2,32,1536,test
2,48,512,validation
2,48,768,test
2,48,1024,validation
2,48,1536,test
3,32,512,validation
3,32,768,test
3,32,1024,validation
3,32,1536,test
3,48,512,validation
3,48,768,test
3,48,1024,validation
3,48,1536,test
